comment_id,video_id,channel_id,texto,likes,respuestas,fecha_publicacion,caracteres,palabras,contiene_pregunta
UgwyCv1EQmVdo1dmyO14AaABAg,WdwDdQ0A600,UCxz7sBKlpcpyCiPwXupRymw,"Compre el samsung galaxy a55 pero me estoy dando cuenta que no llegan las notificaciones, ya cheque todas las configuraciones y sí están bien, no entiendo que pasa estoy muy triste 😢 alguien sabe que podría estar haciendo mal?",1,0,2025-02-28 00:13:43+00:00,226,39,True
UgwPz-WX8D3XXwfsCR94AaABAg,WdwDdQ0A600,UCxz7sBKlpcpyCiPwXupRymw,Cuál es mejor el a54 o el a55?,0,0,2025-04-20 01:39:33+00:00,30,8,True
UgwWJX6rSUCYCw1EzkB4AaABAg,WdwDdQ0A600,UCxz7sBKlpcpyCiPwXupRymw,Buenas tardes trae espacio para MicroSD y SIM física. Y la Sim Virtual hasta cuántas SIM virtuales cuántas se pueden colocar,0,0,2025-04-24 14:06:05+00:00,124,21,False
UgxN54AYatGQ5aMqqv94AaABAg,WdwDdQ0A600,UCxz7sBKlpcpyCiPwXupRymw,En cámara cual será mejor el A55 o el Oppo Reno 11??,0,0,2025-05-10 23:16:45+00:00,52,12,True
UgxTJTIxpW8xojcODjx4AaABAg,WdwDdQ0A600,UCxz7sBKlpcpyCiPwXupRymw,Pésimo y decepcionante zoom en video y fotografía.,0,0,2025-05-13 18:17:29+00:00,50,8,False
UgydXq8pu7oZLOsepyV4AaABAg,WdwDdQ0A600,UCxz7sBKlpcpyCiPwXupRymw,El único inconveniente que yo veo con el dispositivo es que tiene poca memoria 128gb cuando ya deberían de traer mínimo los 256gb pero bueno solo es mi humilde opinión 😢,0,0,2025-05-17 20:14:28+00:00,169,31,False
Ugzp_g8_LDrPuCpYAFV4AaABAg,WdwDdQ0A600,UCxz7sBKlpcpyCiPwXupRymw,Hola este celular cuenta con NFC?,0,0,2025-05-18 22:20:06+00:00,33,6,True
UgxkmxCgiA-7dhs-cOJ4AaABAg,WdwDdQ0A600,UCxz7sBKlpcpyCiPwXupRymw,Por fin puedo decir: Viendolo desde mi Galaxy A55 Llevo 1 mes usandolo y todo me va de maravilla. Incluso en juegos como COD mobile y Asphalt Unite,0,0,2025-05-19 16:30:10+00:00,147,28,False
Ugz7b820SZS2ER_Wk4J4AaABAg,WdwDdQ0A600,UCxz7sBKlpcpyCiPwXupRymw,Se que este celular le va a correr bien el Minecraft y podré gozar de los gráficos vibrantes que le agregaron 🙌🏻🙂,0,1,2025-04-15 21:32:55+00:00,113,22,False
UgwKtwcu5OL5iRgC7Cd4AaABAg,WdwDdQ0A600,UCxz7sBKlpcpyCiPwXupRymw,Aca en argentina con esos 500 ya alcanza para el 13 y si pones un poco mas para el 13 pro max sellado,0,1,2025-05-21 06:50:53+00:00,101,23,False
Ugzof2vUGsBOKS3QZJ14AaABAg,WdwDdQ0A600,UCxz7sBKlpcpyCiPwXupRymw,Yo viendo de mi sansumg galaxy A52 me compre el año 2018 ya tiene 7 años y carga rapido incluso no calienta para nada tal vez un poquito pero no mucho el cargador tambien buenaso no tengo problema Para nada 128 de almacenamiento resistencia al agua polvo tiene sonido sterio muchas veces ya se cayo y no pasa nada todo normal me salio super bien .,1,0,2025-06-01 00:32:53+00:00,347,66,False
UgykOFgR02C93TvLNXx4AaABAg,WdwDdQ0A600,UCxz7sBKlpcpyCiPwXupRymw,Gracias samsung por ser la mejor opción del mercado siempre,0,0,2025-06-02 17:12:54+00:00,59,10,False
Ugzp71jQ4Svd0ffEE-F4AaABAg,WdwDdQ0A600,UCxz7sBKlpcpyCiPwXupRymw,Tengo problemas de humedad en el centro de carga no lo eh sumergido en agua 😢alguna solución,0,1,2025-06-20 23:52:34+00:00,92,17,False
Ugx8fq-SAfFPrzcPEBJ4AaABAg,WdwDdQ0A600,UCxz7sBKlpcpyCiPwXupRymw,Será conveniente cambiar mi s10 plus por el a55?,0,0,2025-07-04 19:45:44+00:00,48,9,True
Ugx1gSlP0EG9qCQM9z54AaABAg,WdwDdQ0A600,UCxz7sBKlpcpyCiPwXupRymw,Y qué motorola recomiendan que sea practiacamente parecido a este samsung?,0,0,2025-07-05 15:58:54+00:00,74,11,True
UgxF80Fl_OvwjlSy3oB4AaABAg,WdwDdQ0A600,UCxz7sBKlpcpyCiPwXupRymw,La selfie se ve mas amarilla de lo que realmente es,0,0,2025-07-07 03:12:33+00:00,51,11,False
Ugw2r6imwIhbrl0khrh4AaABAg,WdwDdQ0A600,UCxz7sBKlpcpyCiPwXupRymw,Yo tengo a56 que tal es,0,0,2025-07-09 16:40:38+00:00,23,6,False
Ugxk98UgoEW-EcmSDsp4AaABAg,WdwDdQ0A600,UCxz7sBKlpcpyCiPwXupRymw,"Lo compré en noviembre del 2024 y a la fecha, las cámras selfie son una porquería. Sales anaranjado y o amarillo. La cámara que mejor funciona es la delantera; que sí tiene colores muy bonitos. La batería lo mucho te dura un dia completo. Vengo de usar un a52 desde mayo del 2021 a ocubre 2024 y la verdad, es que me quedo con el a52. No vale la pena.",0,0,2025-05-26 13:54:45+00:00,351,70,False
UgzfMLFpOzDbWRD9HIF4AaABAg,WdwDdQ0A600,UCxz7sBKlpcpyCiPwXupRymw,Yo igual ya lo compre hace un mes me salio en 8000 en coppel y me va bien,0,0,2025-07-16 01:36:03+00:00,73,18,False
Ugw_FObJcbwZ7bQ3vS54AaABAg,WdwDdQ0A600,UCxz7sBKlpcpyCiPwXupRymw,Lo compre en colombia hace dos dias y me di cuenta que la batería no le dura nada y se recalienta horrible haciendo nada,0,0,2025-04-09 01:52:27+00:00,120,24,False
UgzIt5ZhmKdyPg-HO-l4AaABAg,WdwDdQ0A600,UCxz7sBKlpcpyCiPwXupRymw,que otros recomendas por ese precio '????????,0,0,2025-03-26 20:54:23+00:00,45,7,True
UgzRRSDXy8aIypTPl394AaABAg,WdwDdQ0A600,UCxz7sBKlpcpyCiPwXupRymw,preguntota este tiene puerto para micro SD y la lee?,0,1,2025-03-04 03:23:14+00:00,52,10,True
Ugwi6FDRdQQP7pqux7F4AaABAg,WdwDdQ0A600,UCxz7sBKlpcpyCiPwXupRymw,"Por fin puedo puedo decir: viéndolo desde mi Samsung A55, ya casi 3 meses. ✨️",1,0,2025-03-05 21:25:58+00:00,77,15,False
UgxqnfMa7iTe_SYdqyZ4AaABAg,WdwDdQ0A600,UCxz7sBKlpcpyCiPwXupRymw,"Es normal que baje rápido la batería al estar al 100 , si esta nuevo el teléfono??",0,0,2025-03-07 10:10:52+00:00,82,17,True
Ugys9zZSU1rxfhDD8ot4AaABAg,WdwDdQ0A600,UCxz7sBKlpcpyCiPwXupRymw,Tengo el A 55 y me lo cambian oor el s20 5g cual me recomiendan quedarme ?,1,0,2025-03-15 14:12:36+00:00,74,17,True
Ugx1nMTb3j-af6y5o8R4AaABAg,WdwDdQ0A600,UCxz7sBKlpcpyCiPwXupRymw,Viendo desde mi galaxy a37,0,0,2026-09-08 03:35:06+00:00,26,5,False
UgydgoYosYrIjGuq-th4AaABAg,WdwDdQ0A600,UCxz7sBKlpcpyCiPwXupRymw,¿Este o el S22 plus con detalle en cámara?,0,0,2025-03-15 20:27:24+00:00,42,9,True
UgyLtT3s-rJ7-XgmWXZ4AaABAg,WdwDdQ0A600,UCxz7sBKlpcpyCiPwXupRymw,El a52 es mejor,0,0,2025-03-16 02:49:58+00:00,15,4,False
UgwUu7o6bXYpunxq1sh4AaABAg,WdwDdQ0A600,UCxz7sBKlpcpyCiPwXupRymw,"Por que odian tanto a un Samsung de gama media con biseles, iPhone siempre los Ah tenido Y casi nadie se queja de eso..",5,0,2025-04-08 04:49:44+00:00,119,24,False
Ugy7Gcgjlx0hhxatNjp4AaABAg,WdwDdQ0A600,UCxz7sBKlpcpyCiPwXupRymw,"Se calienta demasiado, es como un televisor viejo",0,0,2025-03-18 02:52:54+00:00,49,8,False
Ugy4o37EgK3oXrrru1B4AaABAg,WdwDdQ0A600,UCxz7sBKlpcpyCiPwXupRymw,"Ando en busqueda de un buen celular, cual me recomiendas, este samsung galaxy A55 o el honor magic 7 lite?",0,0,2025-03-21 02:55:22+00:00,106,20,True
UgwgiZBZ2qLj7i2akyR4AaABAg,WdwDdQ0A600,UCxz7sBKlpcpyCiPwXupRymw,"Me lo acabo de comprar, espero no me salga mal, ya llevo 3 celulares que se queman los pixeles y se pone la pantalla con sombras o manchas moradas",1,0,2025-03-21 04:29:26+00:00,146,29,False
Ugyo_HPPC2WeYJb5j5p4AaABAg,WdwDdQ0A600,UCxz7sBKlpcpyCiPwXupRymw,Sirve para transmitir por horas ? Me lo recomiendas?,0,0,2025-03-21 20:43:39+00:00,52,9,True
Ugx0mKddbIzYlg_Ydhd4AaABAg,WdwDdQ0A600,UCxz7sBKlpcpyCiPwXupRymw,La frase Es algo que pocos dispositivos tienen es el resumen de medio video,0,0,2025-03-22 20:39:24+00:00,75,14,False
UgxGG6UVakMXcUBeOVp4AaABAg,WdwDdQ0A600,UCxz7sBKlpcpyCiPwXupRymw,Hermano como estas? Que me recomiendas un samsung a 55 o un poco x7 pro? Es q busco algo entre esos dos cual es mejor de camara en teoría en general,0,0,2025-03-24 02:50:41+00:00,148,31,True
Ugy-r4FZx-OUtMWLwbt4AaABAg,WdwDdQ0A600,UCxz7sBKlpcpyCiPwXupRymw,Estoy entre el A55 y el poco x7pro cual recomiendas?,0,0,2025-03-25 10:52:44+00:00,52,10,True
UgzYIAipG2qtqCHA0l14AaABAg,WdwDdQ0A600,UCxz7sBKlpcpyCiPwXupRymw,"gente cual recomiendan, A55 o poco X7 pro?",0,0,2025-03-26 09:41:37+00:00,42,8,True
UgwH8ZxnUVxt_CTqcu54AaABAg,WdwDdQ0A600,UCxz7sBKlpcpyCiPwXupRymw,No sé calienta cuando lo usas,0,0,2025-03-19 22:38:04+00:00,29,6,False
UgwOn5inzjbiMEhlnSd4AaABAg,WdwDdQ0A600,UCxz7sBKlpcpyCiPwXupRymw,"Muy buena explicación, amigo vual me recomendarías entre ese y el honor 90 de 256GB",0,0,2025-03-01 21:34:34+00:00,83,15,False
UgxNLajNii9ySXRQPt94AaABAg,WdwDdQ0A600,UCxz7sBKlpcpyCiPwXupRymw,Pero si le corre el roblox o no?,0,2,2025-07-16 20:50:32+00:00,32,8,True
UgymlI8OOor4sLFOMgh4AaABAg,WdwDdQ0A600,UCxz7sBKlpcpyCiPwXupRymw,Yo quisiera comprarmel pero no puedo,0,0,2025-07-30 12:22:12+00:00,36,6,False
UgzNyVW5pcH8sLlE-IN4AaABAg,WdwDdQ0A600,UCxz7sBKlpcpyCiPwXupRymw,"Lo utilizo para jugar PUBG Mobile, ya hace dos años que lo tengo y nunca me ha quedado mal, mi error fue pedirlo con poca memoria, es de 128 gb pero fuera de eso es un telefono que considero con buena estética y de gama baja, si quieres un telefono económico y que te responda excelente, te lo recomiendo aunque el de 256 gb",5,1,2026-03-31 23:54:34+00:00,324,64,False
UgwE50aT0C7K7FSTCll4AaABAg,WdwDdQ0A600,UCxz7sBKlpcpyCiPwXupRymw,"Buenas tardes, vengo a pedir apoyo. Comenté tu video para decidirme a comprar este modelo hace ya tiempo. Estoy totalmente satisfecho con él, ahora mi esposa quiere un teléfono con estas mismas características. El A55 ya casi no se consigue o ciertas tiendas lo venden en casi 10mil. Buena cámara para vídeos, buena batería, buen micrófono y que tenga un slot para micro SD. Ya perdí fotos y vídeos en teléfonos que murieron y no puedo acceder a ellos, pero lo que se guardó en la SD siempre estará a mi disposición.",0,0,2026-04-03 00:54:24+00:00,516,92,False
UgxIPM7YmlmmkbwPVnR4AaABAg,WdwDdQ0A600,UCxz7sBKlpcpyCiPwXupRymw,BUENAS tardes donde puedo conseguir un A55 5G de Samsung de 8Raw y 128Gigas internó de Color Azul Bajo soy de MÉXICO del estado de Campeche en ninguna parte lo puedo conseguir me puedes ayudar a conseguirlo espero tu RESPUESTA y COMENTARIO POR FAVOR,1,0,2026-04-03 18:53:32+00:00,249,44,False
Ugw_traGy-p0ERAubf54AaABAg,WdwDdQ0A600,UCxz7sBKlpcpyCiPwXupRymw,"Isa, sos el mejor. Gracias.",0,0,2026-04-17 16:12:31+00:00,27,5,False
Ugyd4keIoGytFbJp8OB4AaABAg,WdwDdQ0A600,UCxz7sBKlpcpyCiPwXupRymw,Yo viéndolo desde mi galaxy a55🤭,0,0,2026-04-28 18:53:20+00:00,32,6,False
UgzMzVfXuC0QdVNTjJJ4AaABAg,WdwDdQ0A600,UCxz7sBKlpcpyCiPwXupRymw,Porque no comentas del volumen del sonido yo busco un celular que al momento de poner el altavoz en llamadas se escuche fuerte y claro..,0,1,2026-05-01 18:25:31+00:00,136,25,False
UgykfQ6Q9vuuFvaRrEB4AaABAg,WdwDdQ0A600,UCxz7sBKlpcpyCiPwXupRymw,recomiendan q m lo compre??😅,0,0,2026-05-26 00:06:44+00:00,28,5,True
UgwVjCQjv4Hw19jar7h4AaABAg,WdwDdQ0A600,UCxz7sBKlpcpyCiPwXupRymw,Lo compre empezando el año en 2500 mxn y es una maravilla hasta ahorita! Y el color amarillo excelente.,5,0,2026-02-23 00:38:41+00:00,103,19,False
UgxIyq701JgfxpBHO6F4AaABAg,WdwDdQ0A600,UCxz7sBKlpcpyCiPwXupRymw,"Muy buen telefono . Aunque el sonido deja mucho que desear , compre auriculares JBL muy buenos y el sonido no es lo más sactifactorio",0,0,2026-06-04 02:02:00+00:00,133,25,False
UgzGlsdndKdH-wN9CI14AaABAg,WdwDdQ0A600,UCxz7sBKlpcpyCiPwXupRymw,Este teléfono lo compré en julio de 2025 y sigue estando buenísimo. Las cámaras son estupendas y para los juegos es genial.😉💯👍,1,0,2026-07-03 20:12:54+00:00,126,22,False
Ugz5S35ZEagYFdnWWhp4AaABAg,WdwDdQ0A600,UCxz7sBKlpcpyCiPwXupRymw,"lo compre hace dos años este celular y el dia de hoy dejo de funcionar, hace 4 meses la pila se daño la tuve que reparar hace dos meces el centro de carga se daño y hoy dejo de fucnionar de la nada......NO LO COMPREN",0,0,2026-07-30 01:05:43+00:00,216,45,False
UgyVx_N4X6px9i-5Pud4AaABAg,WdwDdQ0A600,UCxz7sBKlpcpyCiPwXupRymw,Pero ese cel tiene fotos animadas o mejor dicho foto live ?,0,0,2026-07-31 14:45:12+00:00,59,12,True
UgyqGO9hpLgevQNJzlB4AaABAg,WdwDdQ0A600,UCxz7sBKlpcpyCiPwXupRymw,Espero ver el video con mi A55 pronto,0,0,2026-08-03 01:40:42+00:00,37,8,False
UgzSVR52yVoeoDfaHVl4AaABAg,WdwDdQ0A600,UCxz7sBKlpcpyCiPwXupRymw,Que cargador usan. Me recomiendan el BANKER? alguien lo tiene y lo usa qué me diga como le va con el.,0,0,2026-08-12 04:36:54+00:00,101,21,True
Ugy3DT4r2_doo81EOOx4AaABAg,WdwDdQ0A600,UCxz7sBKlpcpyCiPwXupRymw,Llevo 2 años con el y es excelente,1,0,2026-08-30 00:30:26+00:00,34,8,False
UgxbsFlFLbX4Hd4P2sl4AaABAg,WdwDdQ0A600,UCxz7sBKlpcpyCiPwXupRymw,Por que mi galaxi A55 toma selfis amarillas y ya lo configurado varias veces pero no cambia el problema alguien me puede ayudar,0,0,2026-09-05 15:03:00+00:00,127,23,False
Ugx6eJBCCLnfvyc7UnV4AaABAg,WdwDdQ0A600,UCxz7sBKlpcpyCiPwXupRymw,Espero q salga el Samsung a58,0,0,2026-06-07 04:39:36+00:00,29,6,False
Ugz0nal_Fo2ylX5llVh4AaABAg,WdwDdQ0A600,UCxz7sBKlpcpyCiPwXupRymw,"Yo tengo un note10 plus y este a55 se lo regalé a mi novia. Espero le guste, se ve buenísimo",0,0,2025-07-17 21:37:32+00:00,92,20,False
UgxoKPbnNs044L3bo-x4AaABAg,WdwDdQ0A600,UCxz7sBKlpcpyCiPwXupRymw,"No me gusta, tiene mas marcos q una puerta y me gusta q la pantalla sea curva, me voy x el redmi",0,1,2026-02-08 17:58:22+00:00,96,22,False
UgyvlzvHNu3gMmaGIs54AaABAg,WdwDdQ0A600,UCxz7sBKlpcpyCiPwXupRymw,Por la cámara selfie me sale amarilla,0,2,2026-02-07 14:08:41+00:00,37,7,False
UgyJ8qcIEQ-1HpKtpBF4AaABAg,WdwDdQ0A600,UCxz7sBKlpcpyCiPwXupRymw,"Con la última actualización de one ui, el dispositivo queda bien optimizado. Para juego tiene un rendimiento decente.",0,0,2025-08-08 20:21:03+00:00,117,18,False
UgyiaSX3g2QrG8GAhnl4AaABAg,WdwDdQ0A600,UCxz7sBKlpcpyCiPwXupRymw,Sos un genio papa! te re banco,0,0,2025-02-27 16:57:47+00:00,30,7,False
Ugy_DgEDc77PthFdQD14AaABAg,WdwDdQ0A600,UCxz7sBKlpcpyCiPwXupRymw,Eres más exagerado tu que los biceles ...,0,0,2025-08-12 06:39:01+00:00,41,8,False
UgwbtNEOzz2sg8eesQ94AaABAg,WdwDdQ0A600,UCxz7sBKlpcpyCiPwXupRymw,"Gracias, excelente vídeo. Saludos",0,0,2025-08-12 15:07:11+00:00,33,4,False
UgzEXqqLTmWxKP2dO5R4AaABAg,WdwDdQ0A600,UCxz7sBKlpcpyCiPwXupRymw,Y cuál es de gama alta?,1,1,2025-08-23 20:56:56+00:00,23,6,True
Ugwtf8Jtc4lOssmq3wl4AaABAg,WdwDdQ0A600,UCxz7sBKlpcpyCiPwXupRymw,¿Cómo hago una captura de pantalla?,0,0,2025-08-26 04:53:17+00:00,35,6,True
UgygWysd0h9CkhCMVX94AaABAg,WdwDdQ0A600,UCxz7sBKlpcpyCiPwXupRymw,"Yo tuve A50 2019 por 7años y se me acaba de morir, se me cayo al agua 😢 Estoy viendo opciones para reemplazarlo pero supe que la pantalla del A55 no resiste golpecitos 😢",1,1,2025-08-26 20:14:02+00:00,169,34,False
UgxOoWi7z2dVYeu8mHd4AaABAg,WdwDdQ0A600,UCxz7sBKlpcpyCiPwXupRymw,"Que otros recomiendan en ese rango de precios, ayuda por favor!!!",0,2,2026-02-07 15:04:32+00:00,65,11,False
UgxitNwWAPFUgxxMB1x4AaABAg,WdwDdQ0A600,UCxz7sBKlpcpyCiPwXupRymw,Un año de uso y todo perfecto 👌🏻,0,0,2025-09-23 21:24:48+00:00,32,8,False
UgxU33xF2DCmTRZghmp4AaABAg,WdwDdQ0A600,UCxz7sBKlpcpyCiPwXupRymw,Lo k no me gusta es k es muy tocho preferiría más compacto x lo demás todo genial,0,0,2025-10-04 04:37:33+00:00,81,18,False
UgykDW46JoqtoPDqBkp4AaABAg,WdwDdQ0A600,UCxz7sBKlpcpyCiPwXupRymw,"El unico problema que le veo, es que se calienta muchísimo, a ustedes también les pasa? (casi no lo uso mucho, pero cuando lo uso para mi escuela se calienta mucho:()",0,0,2025-11-03 16:16:09+00:00,166,31,True
UgzT4f8fpevsrj5xXWB4AaABAg,WdwDdQ0A600,UCxz7sBKlpcpyCiPwXupRymw,Este teléfono me servirá para crear contenido ! Actualmente tengo un pixel 8 pero está por morir me convendrá cambiarlo por este ?,0,0,2025-11-11 18:41:17+00:00,130,23,True
Ugy_NZ6yR07pEgXHF_J4AaABAg,WdwDdQ0A600,UCxz7sBKlpcpyCiPwXupRymw,Se puede conectar con cable a la television?,0,0,2025-11-17 07:56:32+00:00,44,8,True
Ugx6prJJ4H4ATua95ct4AaABAg,WdwDdQ0A600,UCxz7sBKlpcpyCiPwXupRymw,"Llevo casi 2 años con el y a la fecha todo bien, solo calienta un poco al jugar, pero en fluidez todo joya",0,1,2025-12-10 07:09:31+00:00,106,23,False
UgwRJuzzMFNTKTNfLyx4AaABAg,WdwDdQ0A600,UCxz7sBKlpcpyCiPwXupRymw,"Dobla rodillas Arrepiéntete de todos tus pecados, Acepta a CRISTO JESÚS DE NAZARET 👑 COMO TÚ SEÑOR TÚ SALVADOR , apártate de tus malos caminos,Vive en Santidad y niegate a ti mismo,toma tu cruz y sigue a JESÚS DE NAZARET 👑",0,0,2025-12-27 12:39:25+00:00,222,41,False
Ugyz-PwFNduMhjfP9t94AaABAg,WdwDdQ0A600,UCxz7sBKlpcpyCiPwXupRymw,"Comentario MALO, solo habla de la cámara. Deja más dudas, muchas.... PÉSIMO.COMENTARIO.",0,1,2025-12-30 05:08:19+00:00,87,12,False
Ugz_GYbNRml7hgOZqnV4AaABAg,WdwDdQ0A600,UCxz7sBKlpcpyCiPwXupRymw,Hoy lo acabo de comprar y es una chulada de celular 😊 y puedo decir viendolo desde mi A55😊,0,0,2025-09-28 01:31:51+00:00,90,19,False
Ugz5KAo5bMYAolFjlHZ4AaABAg,WdwDdQ0A600,UCxz7sBKlpcpyCiPwXupRymw,"Cual me recomiendas Un honor 7 lite, motorola edge 50 pro , un oppo reno 12 o un xiamoi 4T ? Gracias",0,0,2025-02-20 02:10:59+00:00,100,22,True
UgwvjB1a__wNiWMPfXd4AaABAg,WdwDdQ0A600,UCxz7sBKlpcpyCiPwXupRymw,El Samsung es y sera siempre el mejor 🎉🎉,0,0,2026-09-21 08:31:31+00:00,40,9,False
UgzDhjys5AKm3CppZLN4AaABAg,WdwDdQ0A600,UCxz7sBKlpcpyCiPwXupRymw,El Bluetooth es igual que el del m55 . Tiene sonido de alta calidad ISA? Saludos,0,0,2025-02-27 01:16:49+00:00,80,16,True
UgxioVsdxO0PLWbweRB4AaABAg,WdwDdQ0A600,UCxz7sBKlpcpyCiPwXupRymw,No llevo ni 2 meses y lla de rallo la pantalla,0,0,2025-02-21 02:05:38+00:00,46,11,False
Ugz0ZBHj-i4dcklYTLV4AaABAg,jyBbWChkSWg,UCFOSg71CRAJ58IPuV_-jMbw,que debo hacer me sale el anuncio de advertencia de humedad y no me carga y se me apago quien me ayuda no se q hacer cabe recalcar q no se me mojo ni nada,1,2,2025-05-21 05:28:25+00:00,154,35,False
Ugwngg472WunaMdqSSB4AaABAg,jyBbWChkSWg,UCFOSg71CRAJ58IPuV_-jMbw,Pues en este video yo creo que se la pasan criticando el celular y ya el el Samsung a55 es uno de los mejores celulares del momento pero claro cada quien tiene sus gustos,1,0,2025-05-16 04:15:16+00:00,170,34,False
UgxtPqq-CBGWGQaWTLp4AaABAg,jyBbWChkSWg,UCFOSg71CRAJ58IPuV_-jMbw,Es buena idea cambiar un iPhone 12 regular por este teléfono?,0,0,2025-05-14 04:18:06+00:00,61,11,True
UgxfqIbaUK4Kd6jVu8p4AaABAg,jyBbWChkSWg,UCFOSg71CRAJ58IPuV_-jMbw,Que cargadore es el mas adecuado para este teléfono?,0,0,2025-05-12 05:20:12+00:00,52,9,True
UgwgNP-ufYvFihUabmh4AaABAg,jyBbWChkSWg,UCFOSg71CRAJ58IPuV_-jMbw,Cuál es mejor el a54 o el a55?,1,1,2025-04-20 01:38:29+00:00,30,8,True
UgxbszevI29JLVHmrk14AaABAg,jyBbWChkSWg,UCFOSg71CRAJ58IPuV_-jMbw,Viéndolo desde mi A55.,0,0,2025-04-17 17:37:10+00:00,22,4,False
UgwkLGAQs2lPZq8z9ax4AaABAg,jyBbWChkSWg,UCFOSg71CRAJ58IPuV_-jMbw,Yo estoy viendo esto con mi galaxy A15 y se ve igual el mío que el del vídeo.,0,0,2025-04-16 15:55:28+00:00,77,18,False
Ugzj7La7K8FM9RMwKCl4AaABAg,jyBbWChkSWg,UCFOSg71CRAJ58IPuV_-jMbw,"No tiene puerto jack, ni ranura para la Sim y tampoco trae cargador. No! Gracias.",0,0,2025-04-13 16:13:47+00:00,81,15,False
UgwEXIFCWWyFua2Or5V4AaABAg,jyBbWChkSWg,UCFOSg71CRAJ58IPuV_-jMbw,En esa caja no viene nada q feo,0,0,2025-04-12 03:33:34+00:00,31,8,False
Ugzq3pqxQrBq7wk5pvN4AaABAg,jyBbWChkSWg,UCFOSg71CRAJ58IPuV_-jMbw,Me compre ese equipo y mis datos fallan seguido con el chip bait 😢,0,0,2025-04-12 03:21:16+00:00,66,14,False
UgwVbxkNjcrxqiXXQUp4AaABAg,jyBbWChkSWg,UCFOSg71CRAJ58IPuV_-jMbw,"El mejor movil, era el Galaxy S-9. Pequeño, manejable, con una gran memoria y muy ligero. 😅",0,0,2025-04-06 18:15:17+00:00,91,17,False
UgyTmdlFOrD4kyuOQC54AaABAg,jyBbWChkSWg,UCFOSg71CRAJ58IPuV_-jMbw,"Discrepo totalmente con el video, parece tremendamente subjetivo",1,0,2025-03-31 12:20:59+00:00,64,8,False
UgzZA9mauJ28lbfy5f54AaABAg,jyBbWChkSWg,UCFOSg71CRAJ58IPuV_-jMbw,"Dejame con samsung , samsu g es calidad los telefonos chinos no me inspiran confianza , prefiero pantalla plana antes que cualquier pantalla curva este A55 es lo maximo en gama media .",0,3,2025-03-29 15:03:17+00:00,184,33,False
UgwE46YE2URSwNU4Wrt4AaABAg,jyBbWChkSWg,UCFOSg71CRAJ58IPuV_-jMbw,"Hermoso😮😮 Q mola, cambio mi Xiaomi x unos de esos tres jjj 😅",0,0,2025-03-27 16:54:56+00:00,60,13,False
UgxSKz2esu3wypRu76x4AaABAg,jyBbWChkSWg,UCFOSg71CRAJ58IPuV_-jMbw,El a55 samsung no es un buena compra hay mejores opciones a ese precio,0,0,2025-03-23 12:59:26+00:00,70,14,False
Ugxj6zB2BtUUWlV6Hlx4AaABAg,jyBbWChkSWg,UCFOSg71CRAJ58IPuV_-jMbw,Estoy esperando la reseña del A56,0,0,2025-05-27 16:32:36+00:00,33,6,False
UgzdTAtjC47z3zI2PwF4AaABAg,jyBbWChkSWg,UCFOSg71CRAJ58IPuV_-jMbw,Alguien sabe si existe el celular perfecto? Que no caliente casi nada..que tenga entrada sd ..buena batería y autonomía.. y cámaras decentes...estoy entre el note 13 pro de xiaomi y el g75 de motorola,0,0,2025-05-30 13:32:03+00:00,200,34,True
UgwHmRpJzUmeJkMlnMR4AaABAg,jyBbWChkSWg,UCFOSg71CRAJ58IPuV_-jMbw,Y cuando hablaran del A35?,0,0,2025-06-06 04:41:12+00:00,26,5,True
UgyYSLxdOyOpIgdI-pJ4AaABAg,jyBbWChkSWg,UCFOSg71CRAJ58IPuV_-jMbw,"Cuando para el galaxy s24 fe un review, o un short del galaxy ""s25 fe""",0,0,2025-06-18 23:58:47+00:00,70,15,False
Ugx2p04FS4gHkEPzNKV4AaABAg,jyBbWChkSWg,UCFOSg71CRAJ58IPuV_-jMbw,Hola una pregunta yo estoy suscrito desde hace tiempo y nunca me he ganado un teléfono pregunto cómo estoy en Brasil será que no participan los que están en otro país😢😢,0,0,2025-12-23 16:54:02+00:00,168,31,False
Ugzj9CXQMnGRBZbWeCV4AaABAg,jyBbWChkSWg,UCFOSg71CRAJ58IPuV_-jMbw,Yo viendo el video desde mi Samsung A55 5G,29,0,2025-11-17 19:34:53+00:00,42,9,False
Ugz-PTWmAb8vOyUGmJx4AaABAg,jyBbWChkSWg,UCFOSg71CRAJ58IPuV_-jMbw,"Estas personas piensan que TODO MUNDO tiene dinero parta comprar telefonos caros o GAMA ALTA Como les dicen, los celulares son somo un carro, para que te sirve un carro? Para Transportarte..no? los celulares son igual depende para que lo quieras lo puedes comprar y ya. Si yo fuera una empresa de celulares no le enviaria nada a estas personas que se mofan de los telefonos. A estos YouTubers se les olvida que hay gente que piensa como sobrevivir dia a dia que un pedazo de metal con camaras.",0,1,2025-11-06 18:40:05+00:00,493,89,True
UgyuT3UzNTZgQXIkvtJ4AaABAg,jyBbWChkSWg,UCFOSg71CRAJ58IPuV_-jMbw,Hasta que ganaste Martin 🤣,0,0,2025-10-17 18:08:30+00:00,26,5,False
UgzwsV9XXsdqLjXBPrh4AaABAg,jyBbWChkSWg,UCFOSg71CRAJ58IPuV_-jMbw,No en mi sueño compro un gama alta en Argentina del año pasado con lo que puedo conseguir el Samsung a55 a 220 dólares 😅 ni el iPhone 11 menos de 300 dólares no se consigue,0,0,2025-10-17 13:16:52+00:00,172,36,False
UgyEOzgb9CnqP4b9uih4AaABAg,jyBbWChkSWg,UCFOSg71CRAJ58IPuV_-jMbw,Yo tengo el a56,0,0,2025-10-04 02:54:29+00:00,15,4,False
Ugx74g8YBY9iYWPJbop4AaABAg,jyBbWChkSWg,UCFOSg71CRAJ58IPuV_-jMbw,yo pudiendo comprar el s24 fe pero incapaz de tomar una decisión porque ese trasto rosa es lo más bonito que he visto en mi vida ;_;,0,0,2025-09-29 00:16:49+00:00,132,27,False
UgwnMafLZRIrAx-eZ1x4AaABAg,jyBbWChkSWg,UCFOSg71CRAJ58IPuV_-jMbw,Yo escogeria sin pensar mucho el REALME,0,0,2025-03-15 15:26:07+00:00,39,7,False
UgytipuUtjp3IDdRJPR4AaABAg,jyBbWChkSWg,UCFOSg71CRAJ58IPuV_-jMbw,"Mentira, con los samsung, los únicos que si están mejor, son nada más los ultra, los demás supuestos gama alta anteriores son iguales a los gama media.",0,0,2025-08-06 17:50:40+00:00,151,27,False
UgyMMO1vUtAq2EV5KAh4AaABAg,jyBbWChkSWg,UCFOSg71CRAJ58IPuV_-jMbw,13:52 van deslizándose!... con el Cul........😅😅😅😂,1,0,2025-08-01 00:15:41+00:00,49,6,False
UgxgCLriUXmWh4T3asV4AaABAg,jyBbWChkSWg,UCFOSg71CRAJ58IPuV_-jMbw,🤩🤩🤩🤩🤩🤩 Estoy a punto de comprarme el a55 .. me lo recomiendas?,1,0,2025-08-01 00:04:43+00:00,62,12,True
UgyvPM63u4DcqFqh2LZ4AaABAg,jyBbWChkSWg,UCFOSg71CRAJ58IPuV_-jMbw,"Yo tengo un note10 plus, pero le compré este celular a mi novia, esta buenísimo, espero le guste.",0,0,2025-07-18 02:42:09+00:00,97,18,False
UgzimEV0p3riujmXdp14AaABAg,jyBbWChkSWg,UCFOSg71CRAJ58IPuV_-jMbw,Me gusta la grabacion de video doble,1,0,2025-07-04 02:09:49+00:00,36,7,False
Ugx16r877u9oNSGOkbV4AaABAg,jyBbWChkSWg,UCFOSg71CRAJ58IPuV_-jMbw,Yo viendolo desde mi a 55 5g 256gb 8gb,1,0,2025-07-04 02:01:19+00:00,38,9,False
UgxWYj0Ec2R8TW0msFJ4AaABAg,jyBbWChkSWg,UCFOSg71CRAJ58IPuV_-jMbw,Yo quiero el A55 5g pero soy de chile😔,0,0,2025-06-23 03:46:31+00:00,38,9,False
Ugy9nJN92sMxKdP7Okp4AaABAg,jyBbWChkSWg,UCFOSg71CRAJ58IPuV_-jMbw,"15:06 Creo que entonces no hice tan mala compra je Compré el A55 en junio 2025 durante el Hot Sale de México a €264 aproximadamente y va bien hasta el momento je Lastima que no busque esta reseña antes, pero bueno, ya sé qué esperar de mi celular (hice salto de un Huawei Y9 2019)",0,0,2025-06-22 02:37:53+00:00,280,55,False
UgyGdSBmHYTe0HjG7Sp4AaABAg,jyBbWChkSWg,UCFOSg71CRAJ58IPuV_-jMbw,"Me gusta mucho los videos de ustedes, yo tengo el A55 la versión más grande de hecho antier me lo dio mi hermana mayor de regalo y me gustó mucho el zoom no es lo mejor qué hay pero tiene una cámara bonita y toma fotos muy buenas en la oscuridad, a mí me gusta jugar un juego muchas veces más pesado que ese y me va demasiado bien el juego se llama arena breakout si quieren probarlo ese sí quiere derretir un celular aunque este es muy bueno se calienta un poco pero ahí va y por lo visto ustedes no lo tienen en rendimiento tiene varias opciones qué están Gaming hub también pueden subir los fps para que lo expriman de verdad para que vean que es más bueno de lo que piensan",0,0,2025-08-06 05:25:37+00:00,677,135,False
Ugyxk7HskwKmoHXrglR4AaABAg,jyBbWChkSWg,UCFOSg71CRAJ58IPuV_-jMbw,"Chicos necesito ayuda,entonce me conviene el a55 o no? Si no que otra opción podría ser ?",0,1,2025-03-13 00:36:44+00:00,89,17,True
UgznDDNUCPKLWBWPz014AaABAg,jyBbWChkSWg,UCFOSg71CRAJ58IPuV_-jMbw,Era una de mis opciones el año pasado. Pensé en comprarme este Samsung o el Redmi Note 13 Pro+ 5G. Yo pregunté por curiosidad al dependiente y me recomendó más el Redmi. Espero no arrepentirme a lo largo del tiempo,0,0,2025-12-30 11:24:44+00:00,214,40,False
UgwE0miyCTATIG8MZZZ4AaABAg,jyBbWChkSWg,UCFOSg71CRAJ58IPuV_-jMbw,"he visto un sin fin de videos de diferentes marcas de celulares y en diferentes canales de Youtube pero casi nadi menciona con honestidad como se drena en el dia a dia cada celular,por lo visto los celulares Samsung de unos 3 años atras sus baterías son su talón de Aquiles",0,0,2025-03-08 01:28:46+00:00,273,51,False
Ugy5ZbyFnyF3qmxMzZR4AaABAg,jyBbWChkSWg,UCFOSg71CRAJ58IPuV_-jMbw,Lo q no entiendo es porque sacaron la entrada Jack para los auriculares ya q no me gustan los Bluetooth,0,2,2025-01-24 02:10:11+00:00,103,20,False
UgzmU2mORknY8mL13vZ4AaABAg,jyBbWChkSWg,UCFOSg71CRAJ58IPuV_-jMbw,Tienes algún truco para eliminar el sonido ambiente para cuando uso el teléfono para video conferencias con WhatsApp?,0,0,2025-01-21 17:35:27+00:00,117,18,True
Ugxi8OEXJN8Hirtq5op4AaABAg,jyBbWChkSWg,UCFOSg71CRAJ58IPuV_-jMbw,Hagan un video del teléfono cubot p80 por favor,0,0,2025-01-21 01:55:41+00:00,47,9,False
Ugz9Wn9aWbcMtJAxAml4AaABAg,jyBbWChkSWg,UCFOSg71CRAJ58IPuV_-jMbw,Tube Samsung mucho tiempo y varios modelos Nunca me defraudó Siempre gama media,0,0,2025-01-15 08:18:18+00:00,79,13,False
UgyerDwQPIL216LDPHt4AaABAg,jyBbWChkSWg,UCFOSg71CRAJ58IPuV_-jMbw,"Buena, yo me fui por el A55 5g, de eso en noviembre 2024, es decir, como 6 meses después de tu video, que ahora es segunda vez que lo veo, yo lo compre en menos de 340 Dólares, una oferta de mercado libre, 8 de Ram y 256 GB interno, aparte compre una Mem externa de 512 GB. quedo fenomenal, las velocidades de descargas a mi me dan más que lo que salio vuestro test sobre los 430 tanto de subida como bajada, puede que no sea muy compatible con vuestro módem, algo que me a pasado antes y con respecto a los marcos ni se notan con la carcasa ya que uso de las algo maciza, por protección extra a caídas. Saludos desde Concepción de Chile.",2,0,2025-01-15 01:22:39+00:00,638,127,False
Ugy59qSoRUAZfyYZqhR4AaABAg,jyBbWChkSWg,UCFOSg71CRAJ58IPuV_-jMbw,"Me lo regalaron por reyes, me acabo de dar cuenta que no tiene una misera entrada auxiliar para meter mis cascos, el móvil te obliga a conectar cualquier periférico solo por bluetooth. El móvil no trae tampoco cargador, solo un cable. Si quieres carga rápida, gastate 15-25€ más. Solo por esos dos detalles, le tiraba el móvil a la cara a Samsung por estafadora y miseria.",0,6,2025-01-14 17:10:33+00:00,372,66,False
UgyOpzluCNnYKpAbb-R4AaABAg,jyBbWChkSWg,UCFOSg71CRAJ58IPuV_-jMbw,Que video mas inútil ....,0,0,2025-01-10 15:15:45+00:00,25,5,False
Ugwhs-BhLsxEzneN1zB4AaABAg,jyBbWChkSWg,UCFOSg71CRAJ58IPuV_-jMbw,Hola Ana y Martín siempre veo sus vídeo me gustaría ser uno de esos próximo ganadores,1,0,2025-03-11 03:22:08+00:00,85,16,False
UgyyWrwyK_Mbp0JeQaR4AaABAg,jyBbWChkSWg,UCFOSg71CRAJ58IPuV_-jMbw,Prefiero tener un teléfono que tenga actualizaciónes de parches de seguridad que un teléfono con unos meses de actualización. Estos bobos solo saben decir gama alta media etc. Pasa bobo .!!,0,0,2025-01-10 05:32:38+00:00,189,31,False
UgyKRGwhmhPK3wYWORx4AaABAg,jyBbWChkSWg,UCFOSg71CRAJ58IPuV_-jMbw,La cámara macro de Samsung la uso para trabajo toma de imágenes para issues.,0,0,2025-01-05 00:28:41+00:00,76,14,False
UgzHt_MgV6ZFV-yY3TV4AaABAg,jyBbWChkSWg,UCFOSg71CRAJ58IPuV_-jMbw,Es plano pero protege mejor que el curvo en el tema de la pantalla,0,0,2025-01-04 20:48:04+00:00,66,14,False
UgyepmY5MZJrH56Qm5d4AaABAg,jyBbWChkSWg,UCFOSg71CRAJ58IPuV_-jMbw,"es el teléfono de mi sueño lastima que no podre poseerlo, peo esta bueno ver una review de este modelo. POS1BLE",0,0,2025-01-04 16:39:54+00:00,111,21,False
UgzlPHW_aFNcd5JzVlh4AaABAg,jyBbWChkSWg,UCFOSg71CRAJ58IPuV_-jMbw,3:59 aún están regalando el A55 ?? 📱👀😁,0,0,2026-01-27 01:59:10+00:00,38,8,True
Ugz-J4Ay_1F8hAdCmW54AaABAg,jyBbWChkSWg,UCFOSg71CRAJ58IPuV_-jMbw,Webadas de pruebas que hacen que más quieren que aga el celular,0,0,2026-05-10 12:26:32+00:00,63,12,False
UgwEpQcAABapRE0xiuF4AaABAg,jyBbWChkSWg,UCFOSg71CRAJ58IPuV_-jMbw,Viendolo desde mi a55,0,0,2026-05-25 16:28:57+00:00,21,4,False
Ugz5U8Q1DrsEEH7DxK54AaABAg,jyBbWChkSWg,UCFOSg71CRAJ58IPuV_-jMbw,Yo lo acabo de comprar nuevo por 200 dólares ($3600 pesos Mxn),0,0,2026-05-30 04:45:56+00:00,62,12,False
Ugxle4e-8Ta4US9vPKJ4AaABAg,jyBbWChkSWg,UCFOSg71CRAJ58IPuV_-jMbw,Hola. En el uso se siente muy voluminoso (grueso) como si fuera gama baja. Lo demás está bien.,0,0,2025-01-06 11:02:49+00:00,94,18,False
UgxJUhutPuyNeom3dZ14AaABAg,jyBbWChkSWg,UCFOSg71CRAJ58IPuV_-jMbw,0:14 lit los anuncios del temu,106,0,2025-01-26 14:31:17+00:00,30,6,False
UgzH9M0hXIZu7HCJIDh4AaABAg,jyBbWChkSWg,UCFOSg71CRAJ58IPuV_-jMbw,Yo quiero saber el tema del video tu opinión segun la manera de grabar,0,0,2025-01-25 18:08:02+00:00,70,14,False
Ugx1rO5JhLwNCO11xxp4AaABAg,jyBbWChkSWg,UCFOSg71CRAJ58IPuV_-jMbw,No tiene puerto para audífonos?😢,0,1,2025-01-29 06:17:39+00:00,32,5,True
UgzcncyNulFM-IBxhrh4AaABAg,jyBbWChkSWg,UCFOSg71CRAJ58IPuV_-jMbw,"por lo visto samsung lo optimizó muy bien, porque los videos que he visto de hace 3 meses (este es de 11 meses ahora) el cambio de camaras y otros lo hace espectacular",2,1,2025-03-06 01:36:14+00:00,167,33,False
UgyCoPTPT8xCFsQIFkB4AaABAg,jyBbWChkSWg,UCFOSg71CRAJ58IPuV_-jMbw,Cuánta puntuación de AnTuTu Score tiene,1,0,2025-03-02 01:37:23+00:00,39,6,False
UgxOHsq4o2CjBkA43OV4AaABAg,jyBbWChkSWg,UCFOSg71CRAJ58IPuV_-jMbw,Malísimo el teléfono a los 5 días se me calló y se partió la pantalla 😢,3,3,2025-02-28 11:48:01+00:00,71,16,False
Ugw2eJsksmh_uSd9HZ94AaABAg,jyBbWChkSWg,UCFOSg71CRAJ58IPuV_-jMbw,Viendolo desde A55 5g no me arrepiento de mi compra esta super chevere en cuanto a la camara no me quejo toma muy buenas fotos y no es como dicen algunos que no sirve todo lo contrario toma muy buenas fotos muy claritas con su camara de 50 mega píxeles,8,1,2025-02-21 18:10:43+00:00,252,50,False
UgzYKyBIFVbjJhGRVnx4AaABAg,jyBbWChkSWg,UCFOSg71CRAJ58IPuV_-jMbw,"Donde puedo comprar un cargador para este movil? Alguien que me pueda decir, gracias",0,1,2025-02-20 13:16:29+00:00,84,14,True
UgyP-3j-7iRu2lEFclF4AaABAg,jyBbWChkSWg,UCFOSg71CRAJ58IPuV_-jMbw,"pues 9 meses lo compre a mas bajo precio, y pues la verdad no lo siento tan mal, cumple para lo que es, un telefono, el problema es que ahora quieren tener todo en uno y al final no hace nada bien, si quiero fotos tengo una camara, y si quiero jugar una consola, pero si esta recomendable mejor que un honor. al menos para mi, ya que tengo los dos.",0,0,2025-01-26 20:01:09+00:00,348,71,False
UgwogMTUgRNHnqMyM7R4AaABAg,jyBbWChkSWg,UCFOSg71CRAJ58IPuV_-jMbw,por 479 euros aqui en chile estaria mucho mejor comprar un samsung s22 ultra que esta mas o menos al mismo precio,0,0,2025-02-16 18:22:13+00:00,113,22,False
Ugz-ISfW1dduA_z_2Bd4AaABAg,jyBbWChkSWg,UCFOSg71CRAJ58IPuV_-jMbw,"En Chile coln un plan de 20 dolares, te lo llevas pagando 30 dolares.",0,0,2025-02-15 03:04:31+00:00,69,14,False
Ugy_qDWUm8UEhuHWGrt4AaABAg,jyBbWChkSWg,UCFOSg71CRAJ58IPuV_-jMbw,Soy de las q todo entra por los ojos me compraria ese por el color q hermoso 😊💜,0,0,2025-02-17 02:56:25+00:00,79,18,False
UgzD8LUIH5BFfxNJCCh4AaABAg,jyBbWChkSWg,UCFOSg71CRAJ58IPuV_-jMbw,😊😊 viendolo desde mi a55 ❤ jje es increible lo recomiendo🤑,0,0,2025-02-09 18:49:19+00:00,58,11,False
UgyWGLweVO7cPwLA03Z4AaABAg,jyBbWChkSWg,UCFOSg71CRAJ58IPuV_-jMbw,Esos son bot? No ana es que yo soy muy bueno jajaja,0,0,2025-02-09 01:19:49+00:00,51,12,True
Ugz8AkZ6bWV2yG8fB4R4AaABAg,jyBbWChkSWg,UCFOSg71CRAJ58IPuV_-jMbw,El sorteo es internacional ?,0,0,2025-02-06 03:27:47+00:00,28,5,True
Ugw-Drz__OzTpis6ETV4AaABAg,jyBbWChkSWg,UCFOSg71CRAJ58IPuV_-jMbw,"Dicen que el preocesador del á55 va mejor hoy en dia , es verdad?",1,2,2025-02-03 14:33:41+00:00,65,14,True
UgyN2F9AjpF88HethkR4AaABAg,jyBbWChkSWg,UCFOSg71CRAJ58IPuV_-jMbw,Yo no sé si comprarme este Samsung o un honor magic 7 lite alguien que me diga cual es mejor por favor,0,2,2025-02-02 02:57:55+00:00,102,22,False
UgxjvzbjsCAneDhiG6J4AaABAg,jyBbWChkSWg,UCFOSg71CRAJ58IPuV_-jMbw,Aquí viéndolo desde mi A55😊😊,0,0,2025-02-02 00:30:34+00:00,28,5,False
UgzVCP2u8qE6KB1O80R4AaABAg,jyBbWChkSWg,UCFOSg71CRAJ58IPuV_-jMbw,Estoy viendo el vídeo pero no puedo con mi ansiedad. El A55 es recomendable para alguien que trabaja con redes o hay algo mejor? Gracias 💕,0,0,2025-02-01 06:48:36+00:00,138,26,True
Ugxy8ccIJrX3NpZIRPR4AaABAg,jyBbWChkSWg,UCFOSg71CRAJ58IPuV_-jMbw,"Como que se la meteran igual? 😰 jajajsj nana, buen video👋❤",0,0,2025-02-10 20:34:41+00:00,58,11,True
UgxlLAcM7i_3x_qSRQZ4AaABAg,Z5zrXvFaWbY,UCxz7sBKlpcpyCiPwXupRymw,Como se accede a los 8 Gias de RAM virtual ?,0,0,2025-02-06 15:06:39+00:00,44,11,True
UgyagebkqYrUZiW1iHp4AaABAg,Z5zrXvFaWbY,UCxz7sBKlpcpyCiPwXupRymw,Hola tendrías que hacer un mini Review del mismo con el de 12 GB de ram,1,0,2025-02-09 05:35:27+00:00,71,16,False
UgxfbLoT63jUW99Cuzd4AaABAg,Z5zrXvFaWbY,UCxz7sBKlpcpyCiPwXupRymw,Ahora si puedo decir viéndolo desde mi samsung a55.,0,0,2025-02-14 05:28:21+00:00,51,9,False
Ugz6QstydfyxE5sC05Z4AaABAg,Z5zrXvFaWbY,UCxz7sBKlpcpyCiPwXupRymw,"Lo único que no me gusta es la ram , debería haber una versión de 12gb",0,0,2025-02-16 22:28:04+00:00,70,16,False
Ugy_dRGKsZGQ4PjyUql4AaABAg,Z5zrXvFaWbY,UCxz7sBKlpcpyCiPwXupRymw,Hola es bueno comprar un cargador de 45w para este dispositivo si en la caja dise que el de fabrica es de 25w me podrían ayudar por favor,1,1,2025-02-18 06:36:06+00:00,137,28,False
UgwpqaAQyZhcmAWXxlN4AaABAg,Z5zrXvFaWbY,UCxz7sBKlpcpyCiPwXupRymw,"Considero que en el apartado de juegos esta mal optimizado, debido a que era un celular muy nuevo y los desarrolladores aun no habían optimizado el juego en si para el modelo de procesador entre otras cosas, considero que en este tiempo ya debe estar optimizado y dando mejores resultados a la hora de jugar y grabar la pantalla desde mi opinión personal",0,0,2025-02-18 18:44:23+00:00,354,63,False
Ugxi5T06Wu6nyDdNea54AaABAg,Z5zrXvFaWbY,UCxz7sBKlpcpyCiPwXupRymw,Tengo mi a55 pero ando viendo el review desde un a03 core porque se me daño mi a55 por humedad xd,0,0,2025-02-23 23:30:15+00:00,97,21,False
Ugz8pHIWkOCBDd76q254AaABAg,Z5zrXvFaWbY,UCxz7sBKlpcpyCiPwXupRymw,"Minuto 14:40, cuáles son esos dispositivos?",0,2,2025-02-21 20:48:06+00:00,43,6,True
UgzkubzuCq5eYCP6jqF4AaABAg,Z5zrXvFaWbY,UCxz7sBKlpcpyCiPwXupRymw,Se Parece al I Phone 13 Pro Max. Me Gustaría Tener Este Samsung Galaxy. Lo Buscaré por Mercado Libre.,0,0,2025-09-24 01:33:07+00:00,101,19,False
Ugyc7KuA-HbgEY82m3V4AaABAg,Z5zrXvFaWbY,UCxz7sBKlpcpyCiPwXupRymw,Hola buenos días caballero Marcial quiero comprar uno de eso de samsung a55 5g usted me recomienda comprar,0,0,2025-09-01 15:59:52+00:00,106,18,False
UgxMq5acMyHNWEnTRGN4AaABAg,Z5zrXvFaWbY,UCxz7sBKlpcpyCiPwXupRymw,Ahora mismo le veo en 300 dólares ¿Sera una buena compra? Me gusta crear contenido en redes y no tanto jugar con alto rendimiento.,1,1,2025-08-24 13:27:11+00:00,130,24,True
UgwyEaF57xG0_VY2ZJh4AaABAg,Z5zrXvFaWbY,UCxz7sBKlpcpyCiPwXupRymw,Cuaal se escucha más fuerte el sonido Galaxy a 54 vs a 55 ???,0,0,2025-08-13 06:21:49+00:00,61,14,True
UgzJF8iBnnPkIVY7qcZ4AaABAg,Z5zrXvFaWbY,UCxz7sBKlpcpyCiPwXupRymw,Este teléfono la rompió literal muy muy bueno yo tengo el A35 y ya voy por mi A55,0,0,2025-08-13 03:27:23+00:00,81,18,False
UgwBMaRG3LGh1fZ4n-R4AaABAg,Z5zrXvFaWbY,UCxz7sBKlpcpyCiPwXupRymw,"Una ayudita, compré el mío por Amazon y cuando quiero usar la wallet de samsung me da a elegir país, pero todos son de Emiratos Árabes y no se como cambiar eso, ¿se puede? Y si no, ¿saben si esto afectaría el uso de la billetera de Google?",0,0,2025-08-05 23:36:56+00:00,239,48,True
Ugyb3ev3dvYsHgOhkjp4AaABAg,Z5zrXvFaWbY,UCxz7sBKlpcpyCiPwXupRymw,"Lo compraré, me lo recomiendas???....",2,2,2025-07-31 16:56:14+00:00,37,5,True
UgwQsMFIDoGdqEd9UK94AaABAg,Z5zrXvFaWbY,UCxz7sBKlpcpyCiPwXupRymw,Si vienes de un S21 o s22 o superior Y lo que te interesa es la fotografía y video Te llevarás una gran decepción,0,0,2025-07-20 03:23:45+00:00,113,24,False
UgyIYK42Ml2daYkg9SR4AaABAg,Z5zrXvFaWbY,UCxz7sBKlpcpyCiPwXupRymw,Cuál es la diferencia del A55 y el A55 ⁵g,0,0,2025-07-08 21:20:28+00:00,41,10,False
UgxRIwH0wVrO_Qx-4wN4AaABAg,Z5zrXvFaWbY,UCxz7sBKlpcpyCiPwXupRymw,"Lo único que me gustaría de la mayoría de los galaxy o al menos en esa gama, que al cambio de video entre cámaras UW y normal no esté esa transición mala que tiene, deberían de implementar el zoom 0.6 al 0.9 para que cuando hayan cambios de cámara no sean saltos extremos",0,0,2025-06-15 03:35:02+00:00,271,53,False
UgxpxdhsobHZ1hhFSuN4AaABAg,Z5zrXvFaWbY,UCxz7sBKlpcpyCiPwXupRymw,"Lo acabo de comprar este mayo 2025 lo agarre de oferta en hot sale De 256 GB color azul oscuro Aprox 7 mil pesos mexicanos Y puedo decir que me encantó Su cámara Su diseño elegante y resistente Su interfaz Su tamaño, es grande pero no exageradamente qué no entre en mi mano",1,1,2025-06-08 13:31:36+00:00,273,53,False
UgwdFDh_1ScgpVQVKqp4AaABAg,Z5zrXvFaWbY,UCxz7sBKlpcpyCiPwXupRymw,"Llevo 6 meses con el A55 y se llega a calentar demasiado, a 39° solo viendo un video 🫤.",0,0,2025-06-02 04:55:08+00:00,87,19,False
UgwghLiG-95LbUje4BZ4AaABAg,Z5zrXvFaWbY,UCxz7sBKlpcpyCiPwXupRymw,"Por fin puedo decirlo... ""Viéndolo desde mi A55 5G"" 🥹",0,0,2025-05-28 02:01:59+00:00,53,10,False
UgylN3ZrFAZiT_vXmh54AaABAg,Z5zrXvFaWbY,UCxz7sBKlpcpyCiPwXupRymw,Para jugar es mejor el Motorola edge 50 neo su procesador es más potente tiene mejor rendimiento en juegos y las cámaras,0,0,2025-05-27 07:58:51+00:00,120,22,False
UgyNesP2cFd143Md3pt4AaABAg,Z5zrXvFaWbY,UCxz7sBKlpcpyCiPwXupRymw,"Yo si lo digo, tomo la foto como salga y muy buena de verdad incluso en el trabajo. Me quintan el telefonos para tomarse fotos las niñas.",1,0,2025-05-26 01:36:58+00:00,137,27,False
Ugxin_N4ZWV6vwmkNbB4AaABAg,Z5zrXvFaWbY,UCxz7sBKlpcpyCiPwXupRymw,No dijo cuando tiene de memoria ram y memoria interna.,0,0,2025-09-26 18:00:07+00:00,54,10,False
Ugw2iPS_faF1ee2-v-x4AaABAg,Z5zrXvFaWbY,UCxz7sBKlpcpyCiPwXupRymw,En camara gana el A35,0,0,2025-10-01 04:01:34+00:00,21,5,False
UgyV9B2UjufbCk888Up4AaABAg,Z5zrXvFaWbY,UCxz7sBKlpcpyCiPwXupRymw,Yo de tener el redmi note 13 pro comencé a vender y comprar dispositivo así pude comprarme el a 55 5g muy bonito y bueno ahora voy por el a 56 5g,0,0,2025-11-03 04:02:18+00:00,145,32,False
UgzOjaXqChunlNXvLTN4AaABAg,Z5zrXvFaWbY,UCxz7sBKlpcpyCiPwXupRymw,Una prra hora ni que fuera película w,0,0,2025-11-18 19:48:17+00:00,37,8,False
Ugwyr7PhRtqAnuxa8B14AaABAg,Z5zrXvFaWbY,UCxz7sBKlpcpyCiPwXupRymw,Se que pasaron 2 años ya pero antier lo compre 2 veces ya que estaba en liquidación en Walmart $2000🥵,0,0,2026-10-02 07:21:10+00:00,101,20,False
Ugzvwtyu-MhKCkspUCt4AaABAg,Z5zrXvFaWbY,UCxz7sBKlpcpyCiPwXupRymw,lastima que no tomo el video en forma horizontal para apreciar el sonido en estereo,0,0,2026-09-05 22:13:58+00:00,83,15,False
UgzBkt76QBAagO9CWvZ4AaABAg,Z5zrXvFaWbY,UCxz7sBKlpcpyCiPwXupRymw,Es un buen dispositivo premiun en diseño pantalla sonido juegos casi gama alta,0,0,2026-08-22 15:57:22+00:00,78,13,False
UgwtqkfnHDNBB8NJK-94AaABAg,Z5zrXvFaWbY,UCxz7sBKlpcpyCiPwXupRymw,Este teléfono lo compré en julio de 2025 y sigue estando buenísimo. Las cámaras son estupendas y para los juegos es genial.😉💯👍,2,2,2026-07-04 17:51:12+00:00,126,22,False
Ugy4f7Ou2obdMG1WHAl4AaABAg,Z5zrXvFaWbY,UCxz7sBKlpcpyCiPwXupRymw,En conclusión alguien me dice si es bueno para meterle en juegos o no ?,0,1,2026-06-10 00:02:10+00:00,71,15,True
UgxXE9MepSn6KnaEwgp4AaABAg,Z5zrXvFaWbY,UCxz7sBKlpcpyCiPwXupRymw,"viendolo desde mi samsung a55, lo acabo de adquirir en una casa de empeño nuevesitoooo, fue buen inversion 10/10😬",0,1,2026-06-03 21:37:37+00:00,113,19,False
UgwJ-BOqUKh9zxYbyrR4AaABAg,Z5zrXvFaWbY,UCxz7sBKlpcpyCiPwXupRymw,Gracias por la review 🙂,0,0,2026-05-27 03:40:49+00:00,23,5,False
Ugzbz6JzFp_8kPPjdkV4AaABAg,Z5zrXvFaWbY,UCxz7sBKlpcpyCiPwXupRymw,"Amigos como van con A55 con Android 15 y ONE UI 7, una nota hace 2 semanas que actualice saludos. ❤😂😂🎉😢😅😊",1,0,2025-05-26 01:32:02+00:00,105,21,False
UgyL035U6093d9BuPAV4AaABAg,Z5zrXvFaWbY,UCxz7sBKlpcpyCiPwXupRymw,¿Me recominedad el a55 o el 36? s:,0,0,2026-04-20 16:03:36+00:00,34,8,True
Ugw_s6XuYb1mJndYbKJ4AaABAg,Z5zrXvFaWbY,UCxz7sBKlpcpyCiPwXupRymw,Pronto diré viéndolo desde mi Samsung a 55 5g,1,1,2026-03-29 18:58:08+00:00,45,9,False
Ugz6VUIPoWK4UA__XZ14AaABAg,Z5zrXvFaWbY,UCxz7sBKlpcpyCiPwXupRymw,Pura mentira de este chabelo 😂 de todos los celulares que presenta dice lo mismo algún dia espero nadie le haga caso algun dia. Chabelo más falso que una moneda de 1 centavo ustedes no le hagan caso compren realmente lo que les gusta no lo repetitivo de todo lo que dice chebelo marcial,0,1,2026-03-16 10:07:25+00:00,286,54,False
Ugy9NTJnrfvJ8ZZ073Z4AaABAg,Z5zrXvFaWbY,UCxz7sBKlpcpyCiPwXupRymw,27:42 yo bien grifo en mi cuarto a las 3am,1,0,2026-02-02 20:34:12+00:00,42,10,False
Ugw1RY2ux4KxxlG4UWh4AaABAg,Z5zrXvFaWbY,UCxz7sBKlpcpyCiPwXupRymw,Alguien lo tiene e 2026?,0,0,2026-01-27 21:56:37+00:00,24,5,True
UgzWU3WmNusPptbuPwt4AaABAg,Z5zrXvFaWbY,UCxz7sBKlpcpyCiPwXupRymw,Es un buen teléfono y sale bien,0,0,2026-01-20 17:27:01+00:00,31,7,False
UgwhKv5q1_fmPuqqNDN4AaABAg,Z5zrXvFaWbY,UCxz7sBKlpcpyCiPwXupRymw,Hasta que capacidad se puede expandir,0,0,2025-12-27 20:03:43+00:00,37,6,False
UgxiVn5NMl-cLyFi7sp4AaABAg,Z5zrXvFaWbY,UCxz7sBKlpcpyCiPwXupRymw,"Cuál es mejor el a36,a55 ó a56?? Tanto en cámara y almacenamiento??",0,0,2025-12-10 20:22:41+00:00,67,12,True
Ugxp6d_sRjVKUIOJaX14AaABAg,Z5zrXvFaWbY,UCxz7sBKlpcpyCiPwXupRymw,Por fin puedo devir viendolo desde mi samsung a55 5g,4,1,2026-03-30 20:49:10+00:00,52,10,False
Ugx-sZSfDD_0MDBwH3x4AaABAg,Z5zrXvFaWbY,UCxz7sBKlpcpyCiPwXupRymw,"Viendolo desde MI A55 5G me va bien y no me arrepiento, solo la camara selfie no me gusta xd",0,0,2025-05-14 04:59:23+00:00,92,20,False
Ugz9zjJyXSp4t5A9bWZ4AaABAg,Z5zrXvFaWbY,UCxz7sBKlpcpyCiPwXupRymw,Es solo mi celular o se calienta de más?,0,1,2025-05-11 19:04:45+00:00,40,9,True
UgzOfoSmptrk6y5wGyZ4AaABAg,Z5zrXvFaWbY,UCxz7sBKlpcpyCiPwXupRymw,Disculpen cuando le toca el sol a la pantalla se puede ver clara la imagen o se le tiene que hacer sombra con la mano para poder visualizar bien la pantalla,0,1,2025-05-11 16:50:18+00:00,156,31,False
Ugy2sFRlAWCnvtU6f7R4AaABAg,Z5zrXvFaWbY,UCxz7sBKlpcpyCiPwXupRymw,El cristal trasero también es gorilla glass victus plus????,0,2,2025-03-15 01:47:03+00:00,59,9,True
UgwyO5pNv1yP93twjSd4AaABAg,Z5zrXvFaWbY,UCxz7sBKlpcpyCiPwXupRymw,"Qué hay del modo vivido de pantalla? Creo que el a55 se ven los colores menos saturados, que no hay mucha diferencia entre normal y vivido. Cómo si la hay en el a54. Se sabe si en la actualización arreglarán esto?",0,0,2025-03-10 15:37:07+00:00,213,41,True
UgxA4J3zYXoo7TGk1W14AaABAg,Z5zrXvFaWbY,UCxz7sBKlpcpyCiPwXupRymw,Viendolo desde mi Samsung A55 xd Psdt: Vengo de un Xiaomi Poco F1 desde el 2019,0,0,2025-03-10 05:36:44+00:00,79,16,False
UgwzO1Kv-ocyeaD7pjx4AaABAg,Z5zrXvFaWbY,UCxz7sBKlpcpyCiPwXupRymw,Yo cambie de un galaxy A13 a el a55 ase aproximadamente un mes y woooow todo super increible desde el primer momento en rendimiento y estetica se saco un 10000 samsung y gracias isa gracias a ti me decici por este en modelito ❤ lo compre en chedraui me costo 7500 pdsos pero me devolvieron 1500 en el monedero electrónico por lo que se podria decir que me costo 6500 😅😅😅😅😅,1,0,2025-03-09 15:22:53+00:00,372,71,False
UgxziStY3n6KnzezJa14AaABAg,Z5zrXvFaWbY,UCxz7sBKlpcpyCiPwXupRymw,Cuando llega el A56,0,0,2025-03-09 03:43:47+00:00,19,4,False
UgxBbjZ-XeJnL2lXu0N4AaABAg,Z5zrXvFaWbY,UCxz7sBKlpcpyCiPwXupRymw,"Se que llego un poco tarde pero por fin lo tengo desde que vi este video lo quería y no me importa que este pronto en salir el a 56 que debe ser casi igual, me encanta mi A 55",0,0,2025-03-08 23:32:46+00:00,175,40,False
UgzlftOtYdv8rmqeTJt4AaABAg,Z5zrXvFaWbY,UCxz7sBKlpcpyCiPwXupRymw,"46:35 Para las huellas se pueden agregar 6, si registras una huella hasta el 50% y luego cambias de dedo, entonces se registran 2 en cada espacio",0,0,2025-03-08 06:13:48+00:00,145,27,False
UgxMrXoXxvj30wPcZk14AaABAg,Z5zrXvFaWbY,UCxz7sBKlpcpyCiPwXupRymw,La riviu mas completa d todo el mundo 🤯,0,0,2025-03-18 19:36:29+00:00,39,9,False
Ugw00SdCGn1zuUp1MlN4AaABAg,Z5zrXvFaWbY,UCxz7sBKlpcpyCiPwXupRymw,Chip exynos guácala! Samsung no entiende que nadie quiere sus propios procesadores !!!,0,1,2025-03-07 20:16:27+00:00,86,13,False
UgxXTD1HIP3m_NSkETV4AaABAg,Z5zrXvFaWbY,UCxz7sBKlpcpyCiPwXupRymw,Los marcos lo diferencian de un s23😅,0,0,2025-03-03 02:46:25+00:00,36,7,False
UgyG_AaJt1ysZMlcClB4AaABAg,Z5zrXvFaWbY,UCxz7sBKlpcpyCiPwXupRymw,Por fin viéndolo desde mi s20😂😂,0,0,2025-03-01 04:31:25+00:00,31,6,False
UgyVRNvYAplOIzlPtjl4AaABAg,Z5zrXvFaWbY,UCxz7sBKlpcpyCiPwXupRymw,Por fin viéndolo desde mi s20😂😂,0,0,2025-03-01 04:30:56+00:00,31,6,False
Ugyzu4k4Eslj09PEwlh4AaABAg,Z5zrXvFaWbY,UCxz7sBKlpcpyCiPwXupRymw,"Al fin lo puedo decir, viendo desde mo s20😂",0,0,2025-03-01 04:29:47+00:00,43,9,False
UgxpIfz51MJfoCWKC_p4AaABAg,Z5zrXvFaWbY,UCxz7sBKlpcpyCiPwXupRymw,A ISA se le escucha muy bien en 2x y avanzas más rápido 🚅🚄,1,0,2025-02-27 23:53:00+00:00,58,14,False
UgyF7ql8YcV6Xmdj7Pt4AaABAg,Z5zrXvFaWbY,UCxz7sBKlpcpyCiPwXupRymw,Bribón quiero un review no una película. Mejor veo topee de gama,0,0,2025-02-26 19:41:44+00:00,64,12,False
Ugzp_OhF7-ubzTJ1Gqt4AaABAg,Z5zrXvFaWbY,UCxz7sBKlpcpyCiPwXupRymw,Muy bonito el celular pero no agrada que no tiene Jack de audífonos Samsung debe poner aparte del cargador incluido en la caja yo tengo el Samsung a14 pero no vino sin cargador tuve que usar la que tenia anteriormente excelente marca pero ojalá no quiten más accesorios,0,0,2025-02-26 03:21:36+00:00,269,48,False
Ugxfavb6xTRCHMbdEDJ4AaABAg,Z5zrXvFaWbY,UCxz7sBKlpcpyCiPwXupRymw,"Oficialmente puedo decir: viendolo desde mi a55 de 256gb, aprovechando la buena oferta en amazon, es una belleza gracias a los materiales de construcción🤙",0,1,2025-03-06 01:32:27+00:00,154,24,False
UgzdZCn-HzieruxlFoV4AaABAg,Z5zrXvFaWbY,UCxz7sBKlpcpyCiPwXupRymw,"Ojalá y poder decir por fin, viéndolo desde mi Samsung a55 5g, pronto lo obtendré y vendré a decirlo",2,0,2025-02-18 18:45:52+00:00,100,19,False
Ugw2e_1yfkg5F3l6kgB4AaABAg,Z5zrXvFaWbY,UCxz7sBKlpcpyCiPwXupRymw,Viéndolo desde mi Realme 6 pro .... Hasta la próxima semana q me compre el A55 !!!!,0,0,2025-03-23 18:12:22+00:00,83,17,False
UgwIMgz3W0LOP4iuNjp4AaABAg,Z5zrXvFaWbY,UCxz7sBKlpcpyCiPwXupRymw,"Pasar de un huawei y2019 a un Samsung a55 fue simplemente porque el celular ya me estaba pidiendo un cambio con desesperación, estoy muy contento con el cambio.",6,1,2025-03-27 11:06:13+00:00,160,28,False
UgwDeXugLm9pKiGnFCV4AaABAg,Z5zrXvFaWbY,UCxz7sBKlpcpyCiPwXupRymw,Este o el moto edge 50 fusion 😊,0,1,2025-05-08 02:17:24+00:00,31,8,False
Ugzv2LSHe6Gg4deOS394AaABAg,Z5zrXvFaWbY,UCxz7sBKlpcpyCiPwXupRymw,"Lo acabo de comprar hace dos dias, pero se calienta al usarlo y la bateria se baja muy rapido, alguien me podria decir por que¿?, por que se supone es nuevo y me empieza a preocupar. Ya que de verdad esta esperando el momento de adquirirlo y esta pasando ésto. Se puede deber al cargador oh algo asi¿?.",0,1,2025-05-04 02:46:51+00:00,302,58,True
UgzdWjnlHbJQna58kaR4AaABAg,Z5zrXvFaWbY,UCxz7sBKlpcpyCiPwXupRymw,Al fin viendolo desde mi a55 5g 😻,1,1,2025-04-27 04:51:21+00:00,33,8,False
Ugx2ntd1cpZrZkE5Rhh4AaABAg,Z5zrXvFaWbY,UCxz7sBKlpcpyCiPwXupRymw,GALAXY a55 5G pelicula completa en español latino,36,1,2025-04-23 00:54:18+00:00,49,8,False
Ugx63KZfIv7vfpbzan14AaABAg,Z5zrXvFaWbY,UCxz7sBKlpcpyCiPwXupRymw,Yo lo compre porque tenia un Samsung viejito de los de antes y ya no servia muy bien este teléfono está bien completo a mi parecer esta chido para jugar la pantalla de super calidad y la batería es buena dura todo el dia y un poco más por unos 500 dolares esta más qué bien,2,0,2025-04-22 13:20:36+00:00,273,56,False
UgwpsmDwO1l82AZYWRB4AaABAg,Z5zrXvFaWbY,UCxz7sBKlpcpyCiPwXupRymw,Lo compre el año pasado el de 128GB Permite el uso de tarjeta de memoria. Así que el almacenamiento no es una preocupación. Al principio me pareció algo pesado. Cargo la batería una vez al día. Muy muy bueno. La fluides es satisfactoria. Me gustaría saber si vale la pena cambiarlo por el A57 🤔,0,0,2025-04-20 22:55:36+00:00,294,55,False
UgyOCdse3E31dDWmwzF4AaABAg,Z5zrXvFaWbY,UCxz7sBKlpcpyCiPwXupRymw,Es buenísimo me gusto aver comprado el a55 5 g❤,0,0,2025-04-17 04:08:57+00:00,47,10,False
UgzPjtV8kDJvpRoeHrJ4AaABAg,Z5zrXvFaWbY,UCxz7sBKlpcpyCiPwXupRymw,Viéndolo desde mi galaxy a55 😊😍,5,0,2025-03-23 18:29:14+00:00,31,6,False
Ugw_-R2zunEx9lPcXjx4AaABAg,Z5zrXvFaWbY,UCxz7sBKlpcpyCiPwXupRymw,Me recomiendas el cambio desde el iPhone 6?,0,1,2025-04-15 21:44:29+00:00,43,8,True
Ugy7ECJrVH4goNvB1rh4AaABAg,Z5zrXvFaWbY,UCxz7sBKlpcpyCiPwXupRymw,Orgulloso viendo desde mi A55 🙌,4,0,2025-04-06 22:32:55+00:00,31,6,False
UgwEUdlwW8qtjS0sTcB4AaABAg,Z5zrXvFaWbY,UCxz7sBKlpcpyCiPwXupRymw,Parece un Samsung s24 normal en ese diseño 🤔,0,1,2025-04-05 03:46:04+00:00,44,9,False
Ugypw5-4ug36q2Ahe4V4AaABAg,Z5zrXvFaWbY,UCxz7sBKlpcpyCiPwXupRymw,Yo viedolo desde uno prestado por ahora,0,0,2025-04-03 01:12:14+00:00,39,7,False
UgxJaLAUJELbU37HAAp4AaABAg,Z5zrXvFaWbY,UCxz7sBKlpcpyCiPwXupRymw,Se puede hacer zoom mientras grabas?,1,1,2025-03-29 12:41:52+00:00,36,6,True
UgycYljw8ckDYAwGIo94AaABAg,Z5zrXvFaWbY,UCxz7sBKlpcpyCiPwXupRymw,"Isa es uno de los mejores dando los review de los equipos y mas el tema de la fotografia, yo lo menos que utilizo o no le paro bolas es a la camara. 😂🎉😢😮😅",0,0,2025-03-29 06:15:13+00:00,154,34,False
Ugz4zFoaDfjL6QF6brd4AaABAg,Z5zrXvFaWbY,UCxz7sBKlpcpyCiPwXupRymw,"El procesador es exynos o snapdragon a quien le importa, mientras funcione perfecto y borralo.",0,1,2025-03-29 06:09:00+00:00,94,15,False
UgzvYRMGK0k2qzaUw114AaABAg,Z5zrXvFaWbY,UCxz7sBKlpcpyCiPwXupRymw,Cuanto ya lo tiene pero estamos viendo el video para conocerlo más ya tengo el mio😊,1,0,2025-03-28 18:18:13+00:00,83,16,False
UgxpORAh3GlEg0LWrD14AaABAg,Z5zrXvFaWbY,UCxz7sBKlpcpyCiPwXupRymw,A que se refiere con bola flotante en las ausencias importantes del software,0,1,2025-04-13 19:40:59+00:00,76,13,False
UgyyNWtTgdh1RH-8RLR4AaABAg,Z5zrXvFaWbY,UCxz7sBKlpcpyCiPwXupRymw,"Hola, existe una versión de 12 de RAM con 256 de memoria interna. ¿Qué tan recomendable es comprarlo en 2025?",0,1,2025-05-16 22:04:47+00:00,109,20,True
UgxTjE8Ha9_4KhsS47p4AaABAg,l5q4aILNUrU,UC8IPcF4sxZt1TCs7la4EYtw,"Yo tengo un note10 plus y este a55 se lo regalé a mi novia. Espero le guste, se ve buenísimo.",0,0,2025-07-17 21:37:10+00:00,93,20,False
Ugzw3pNs-W-oiGK3EiN4AaABAg,l5q4aILNUrU,UC8IPcF4sxZt1TCs7la4EYtw,"Compre el 55 en oferta por 280 mil pesos chilenos ,que es casi igual a 280 dólares",0,0,2025-03-28 10:34:41+00:00,82,17,False
Ugw4SZYHvQJ9Rr7Czsx4AaABAg,l5q4aILNUrU,UC8IPcF4sxZt1TCs7la4EYtw,"Hola,este celu los colores son vívidos? Qué tal la camara?",0,0,2025-03-27 19:14:42+00:00,58,10,True
UgwiAfYvwAws-OmEBDB4AaABAg,l5q4aILNUrU,UC8IPcF4sxZt1TCs7la4EYtw,"Necesito este celular, quien me lo regala?",0,3,2025-03-30 05:17:35+00:00,42,7,True
Ugx2bIcPOkr-022-IpB4AaABAg,l5q4aILNUrU,UC8IPcF4sxZt1TCs7la4EYtw,Domingo!!!!!!! Viendo tus videos para decidir cuál teléfono comprar si este Samsung o el realmente 12 pro +. Mi teléfono actual es el poco x3 pro el cual elegí gracias a una recomendación tuya. Eres un crack y para mí el.msd confiable y sincero y en este formato . Te mando un saludo desde México,0,0,2025-04-04 15:47:30+00:00,296,55,False
UgyOqMQvP0t0A8gmf-94AaABAg,l5q4aILNUrU,UC8IPcF4sxZt1TCs7la4EYtw,lo compre por 280 dolares nuevo,0,0,2025-04-05 22:17:09+00:00,31,6,False
UgwpD9B5FnY3tGoC7YR4AaABAg,l5q4aILNUrU,UC8IPcF4sxZt1TCs7la4EYtw,Lo recomiendas si uno trabaja de Community Manager?,0,0,2025-04-13 14:59:27+00:00,51,8,True
UgwMnfbodCoztbRnskV4AaABAg,l5q4aILNUrU,UC8IPcF4sxZt1TCs7la4EYtw,"En juegos casuales los corre bien tipo Brawl star y bloos trike, y tambien en algunos juegos de altos rendimiento ,claro yo solo juego juegos casuales y no calienta tanto",2,0,2025-04-15 02:54:20+00:00,170,30,False
UgwrC1qU4kqbvvYTO414AaABAg,l5q4aILNUrU,UC8IPcF4sxZt1TCs7la4EYtw,Yo aqui viendo este video desde mi POCOX6PRO. Valio cada peso. 😅,1,0,2025-04-15 20:08:36+00:00,64,12,False
UgyEh3IkbKoOqs8kspd4AaABAg,l5q4aILNUrU,UC8IPcF4sxZt1TCs7la4EYtw,Excelentes sus comentarios y explicaciones muchas gracias,0,0,2025-04-24 02:06:13+00:00,57,7,False
UgwPy2uI7Ql1LdvrBC14AaABAg,l5q4aILNUrU,UC8IPcF4sxZt1TCs7la4EYtw,De donde sacan esos fondos?,0,0,2025-04-24 15:24:25+00:00,27,5,True
Ugzc6vzB1pyOLuHSZT94AaABAg,l5q4aILNUrU,UC8IPcF4sxZt1TCs7la4EYtw,"Muy buen video, y la sudadera uff qué chingona está.👌🏻💯",0,0,2025-05-30 21:40:02+00:00,55,10,False
Ugx15NOiLCfh171uQjN4AaABAg,l5q4aILNUrU,UC8IPcF4sxZt1TCs7la4EYtw,El video d tu canal con q lo grabas ?,0,0,2025-06-02 22:35:13+00:00,37,10,True
UgxXODNmIbn9NhuLaol4AaABAg,l5q4aILNUrU,UC8IPcF4sxZt1TCs7la4EYtw,yo viendo desde mi Samsung s9 😢,0,0,2025-06-05 05:04:13+00:00,31,7,False
UgxkeljcqMDDcNjfLw94AaABAg,l5q4aILNUrU,UC8IPcF4sxZt1TCs7la4EYtw,Cambiarían un iPhone 11 por este ?,0,0,2025-06-10 04:13:16+00:00,34,7,True
UgyiwG0fdZG24wdO3rp4AaABAg,l5q4aILNUrU,UC8IPcF4sxZt1TCs7la4EYtw,"El vídeo, TOP! Pero la sudadera, TOP x 10!! Me.ha encantado, es preciosa. Buen trabajo como siempre!",0,0,2025-06-11 13:45:25+00:00,100,17,False
Ugy8HgndiDzl0NdXVU54AaABAg,l5q4aILNUrU,UC8IPcF4sxZt1TCs7la4EYtw,Hola tengo el A52s flama impecable pero quiero el A55 libre pero casi la gran mayoria lo mandan a liberar a q le den señal y yo no quiero un celular q lo liberaron y no lo puedo actualizar quiero el A55 libre de fabrica y q se pueda actualizar el software 😢,0,0,2025-07-06 00:39:32+00:00,257,53,False
UgxodSdTlXPPAAlzQKR4AaABAg,l5q4aILNUrU,UC8IPcF4sxZt1TCs7la4EYtw,Para cuándo un video sobre tu vida y tus gustos brother saludos de argentina,0,0,2025-07-08 22:21:43+00:00,76,14,False
UgyWUmeCU_US9ZIBvSZ4AaABAg,l5q4aILNUrU,UC8IPcF4sxZt1TCs7la4EYtw,Se le puede añadir un microfono externo?,0,0,2025-07-09 21:55:46+00:00,40,7,True
UgyLegKr5NHSmxSpBtZ4AaABAg,l5q4aILNUrU,UC8IPcF4sxZt1TCs7la4EYtw,"Tengo el s21 fe y me salio una raya y es el displacía hace unos meses por eso lo cambie y me dieorn un celualr y pasaron la información ahi, pero refien ahlrita me salio una raya, no comoren los s son muy delicados y eso q ni se me a caido, en ecuador hace unos calores que ni digo :(",0,0,2025-03-26 22:24:10+00:00,284,61,False
UgwciBnqFwqlVZq08jN4AaABAg,l5q4aILNUrU,UC8IPcF4sxZt1TCs7la4EYtw,"Aun conservo mi a 72 , al pasarme a este sera subir un escalafon en un celu d gama media o no ,,.??",0,1,2025-03-26 05:15:12+00:00,99,23,True
Ugx_RLdjbT2lSH9nNe94AaABAg,l5q4aILNUrU,UC8IPcF4sxZt1TCs7la4EYtw,jamas en mi vida me compraria ningun telefono de xioami ya quede en el trauma con ellos xD 2 veces xD vale la pena gastar mas,1,0,2025-03-23 02:31:08+00:00,125,26,False
Ugwb6JAy96lj7Q6Bhc14AaABAg,l5q4aILNUrU,UC8IPcF4sxZt1TCs7la4EYtw,"Samsung todavia quiere hacer valer sus procesadores,pero es malo bueno como adolecente y un vicio😅 yo tengo el s23fe",0,0,2025-03-21 09:48:13+00:00,116,19,False
UgwaeQbft1FaDjN51PR4AaABAg,l5q4aILNUrU,UC8IPcF4sxZt1TCs7la4EYtw,Aquí viendo desde mi A55 😊 😂,0,0,2026-07-31 04:07:19+00:00,28,7,False
Ugzc1bglqP9eMBRJP1Z4AaABAg,l5q4aILNUrU,UC8IPcF4sxZt1TCs7la4EYtw,"Ya casi un año con el, y sigo satisfecho, cumple con lo que trae, muy bonito, buenas cámaras, actualizaciones, no le pide nada a otros de la gama.",0,0,2025-02-16 22:35:16+00:00,146,28,False
UgxjULpLJPoSz4SH19t4AaABAg,l5q4aILNUrU,UC8IPcF4sxZt1TCs7la4EYtw,Viendolo de mi a55❤,0,0,2025-02-17 08:03:28+00:00,19,4,False
Ugz5Po81s9lsOdmYfHV4AaABAg,l5q4aILNUrU,UC8IPcF4sxZt1TCs7la4EYtw,Yo viendo esto desde mi A55 por fin ❤❤ se siente ver decir eso xD,2,0,2025-02-19 03:30:22+00:00,65,15,False
UgzcphIkTM_XzwYo4mB4AaABAg,l5q4aILNUrU,UC8IPcF4sxZt1TCs7la4EYtw,Hola amigo como se llama el juego de disparos del video??,0,0,2025-02-19 03:57:00+00:00,57,11,True
UgzGfDSkE3L-PpP5uEJ4AaABAg,l5q4aILNUrU,UC8IPcF4sxZt1TCs7la4EYtw,"Tengo el mio hace menos de un año, es un buen celular con excelente pantalla, sonido, camara, ect Pero el ip 67 le quedo grande porque despues de haberlo mojado una semana despues se le rego la tinta al display. Pudo haber sido defecto de fabrica o suerte mia",0,0,2025-02-21 01:29:17+00:00,259,49,False
Ugz2wJRG7sFdrKLdtVV4AaABAg,l5q4aILNUrU,UC8IPcF4sxZt1TCs7la4EYtw,Viendolo desde Mi A55 que hoy me lo compre y uff tiene una pantalla Tan Nitida y un audio bien Claro,9,0,2025-02-21 03:11:35+00:00,100,21,False
UgyRhHSnPVqVYQEnZpt4AaABAg,l5q4aILNUrU,UC8IPcF4sxZt1TCs7la4EYtw,Tengo un a52. Vale la pena el cambio???,0,1,2025-02-21 17:10:46+00:00,39,8,True
Ugwn4DAOw6Zu8X0YnsB4AaABAg,l5q4aILNUrU,UC8IPcF4sxZt1TCs7la4EYtw,"Compre el samsung a55 hace una semana a 250 dolares, nuevo de agencia por una promoción, y fue la mejor opción que he tenido, es el primer teléfono que tengo y no me arrepiento",1,0,2025-07-14 03:12:58+00:00,176,34,False
Ugzu_mY5KDDrNhycdWp4AaABAg,l5q4aILNUrU,UC8IPcF4sxZt1TCs7la4EYtw,Cuál me recomiendas el A54 o el A55 probé el A55 y lo que me gusto fue su camara.,0,0,2025-02-23 06:58:22+00:00,81,19,False
Ugykdr6NNIF1sXUpp3F4AaABAg,l5q4aILNUrU,UC8IPcF4sxZt1TCs7la4EYtw,No tiene entrada para audífonos?,0,0,2025-02-24 02:45:07+00:00,32,5,True
Ugz_rDfALdD04rKmUGF4AaABAg,l5q4aILNUrU,UC8IPcF4sxZt1TCs7la4EYtw,Oye es cierto qué el móvil NO viene con el cargador incluido?😮,1,0,2025-03-01 02:52:01+00:00,62,12,True
UgyfE61sdJXE5bsqtHx4AaABAg,l5q4aILNUrU,UC8IPcF4sxZt1TCs7la4EYtw,"Muy bueno, cual me recomiendas entre el a55 y el honor 90 256gb",0,0,2025-03-01 21:40:35+00:00,63,13,False
UgwIS4W5n6prtTxU5bp4AaABAg,l5q4aILNUrU,UC8IPcF4sxZt1TCs7la4EYtw,"Por fin puedo puedo decir: viéndolo desde mi Samsung A55, ya casi 3 meses. ✨️",1,0,2025-03-05 21:25:33+00:00,77,15,False
Ugz7TDsc7ROojMu1wLF4AaABAg,l5q4aILNUrU,UC8IPcF4sxZt1TCs7la4EYtw,Pues en si vengo de un a53 y si se nota las mejoras como tal aunque podemos decir que este si seria el verdadero sucesor del a52s 5g en cuestión ya que a comparación del a53 vs el a55 es que realmente si es más fluido y dura mejor la pila que el a53 ya que ahora si le metieron más ganas a este y si lo consegui en un precio bajo ya que aquí en méxico la versión de 256 esta en 9000 pesos mientras que yo pude conseguirlo por 7000 aunque si fue una tarea ardua encontrarlo en un precio que valiera la pena,0,0,2025-03-06 04:32:47+00:00,505,106,False
UgxzLxhwnf2RMmAHfyJ4AaABAg,l5q4aILNUrU,UC8IPcF4sxZt1TCs7la4EYtw,Llevo 8 meses con el galaxy a 55 g5 y es una belleza lo recomiendo,3,0,2025-03-13 23:59:47+00:00,66,15,False
Ugw18SEqKAk4GEr04HB4AaABAg,l5q4aILNUrU,UC8IPcF4sxZt1TCs7la4EYtw,"mi hermana se quiere comprar un telefono y mando la foto y el presupuessto que tiene no alcanza , en fin ire a ver otras opciones",0,2,2025-03-14 23:22:46+00:00,129,26,False
UgzXNQYsv4QEgZ9uZIN4AaABAg,l5q4aILNUrU,UC8IPcF4sxZt1TCs7la4EYtw,"Pregunta, para que es la ranura del lado derecho en la parte de abajo? Gracias!!",0,0,2025-03-19 03:56:34+00:00,80,15,True
Ugz5rtaaSNKSGxpa0HV4AaABAg,l5q4aILNUrU,UC8IPcF4sxZt1TCs7la4EYtw,Gracias por tu sinceridad,0,0,2025-02-23 13:46:56+00:00,25,4,False
UgxpzUBVDJodtAL1TJN4AaABAg,l5q4aILNUrU,UC8IPcF4sxZt1TCs7la4EYtw,Me gustó tu análisis se sintió sincero,0,0,2025-07-19 15:46:05+00:00,38,7,False
UgwfFmINDkDjbvoCKCR4AaABAg,l5q4aILNUrU,UC8IPcF4sxZt1TCs7la4EYtw,Cual es mejor este o el a56,0,2,2025-06-05 03:07:58+00:00,27,7,False
UgxcRWA3lXQTurRY_dZ4AaABAg,l5q4aILNUrU,UC8IPcF4sxZt1TCs7la4EYtw,"Finalmente, viendolo desde mi a55 ❤",1,0,2025-07-30 07:14:23+00:00,35,6,False
UgyjeD9RUOHeR6CYW_t4AaABAg,l5q4aILNUrU,UC8IPcF4sxZt1TCs7la4EYtw,Quiero saber si este celular se recalienta mucho ? Alguien que me informe al respecto,0,0,2026-02-04 01:50:13+00:00,85,15,True
UgxVo9ECwOj3sRleRAB4AaABAg,l5q4aILNUrU,UC8IPcF4sxZt1TCs7la4EYtw,"Me gusta el sonido. Lo acabo de comprar, 1,700 pesos Mexicanos😂",0,2,2026-02-05 23:39:52+00:00,63,11,False
Ugw0-9G8n8M1SbZMsR54AaABAg,l5q4aILNUrU,UC8IPcF4sxZt1TCs7la4EYtw,Lo q si jode mucho es q no trae cargador,1,0,2026-02-06 13:41:37+00:00,40,10,False
UgxawibTgW8D8ji8SFR4AaABAg,l5q4aILNUrU,UC8IPcF4sxZt1TCs7la4EYtw,gracias a tu review le pude comprar una mejor opcion a mi esposa me parecio bien este A55,0,0,2026-02-22 18:17:29+00:00,89,18,False
UgzwAkEDAGOIabxd3394AaABAg,l5q4aILNUrU,UC8IPcF4sxZt1TCs7la4EYtw,"Me puse a ver videos sobre este celular porque mis padres cuando yo cumpla 15 no me van a hacer fiesta, nomas me van a dar ese samsung y creo que es un buen regalo, lo voy a pedir en lila jsjsjsja, buen video newesc saludos",1,0,2026-03-30 23:45:19+00:00,223,46,False
Ugz8-N_PAQ1Sd-ZMzgR4AaABAg,l5q4aILNUrU,UC8IPcF4sxZt1TCs7la4EYtw,vale la pena comprarlo ahora en abril del 2026?,1,0,2026-04-02 04:40:52+00:00,47,9,True
UgyUJMMQJA0jSqcat2J4AaABAg,l5q4aILNUrU,UC8IPcF4sxZt1TCs7la4EYtw,El Samsung A 55 es una excelente máquina y es muy fluido y por otro lado como consigo la suera está padrísimo de ese color,0,0,2025-07-30 03:18:24+00:00,122,25,False
UgzZf1SvzpO65xMso9x4AaABAg,l5q4aILNUrU,UC8IPcF4sxZt1TCs7la4EYtw,"Ese exynos se ve prometedor teniendo en cuenta que tiene un diseño de camara de vapor, no podrá con fortnite Pero la multimedia será exelente.",0,0,2026-04-25 02:30:27+00:00,142,25,False
UgxoEWpOdqdzCisWKHx4AaABAg,l5q4aILNUrU,UC8IPcF4sxZt1TCs7la4EYtw,"Volví luego de un año y lo conseguí a 200 dólares, jaja es muy muy bueno lo recomiendo mucho",0,0,2026-05-02 16:48:53+00:00,92,19,False
UgwBObk0phNFVR5ucmJ4AaABAg,l5q4aILNUrU,UC8IPcF4sxZt1TCs7la4EYtw,Yo lo tengo y muy contento con el sinceramente nunca e tenido pensado hackear a la nasa asi q voy muy sobrado con este movil ami me flipa sinceramente👍,0,0,2026-05-23 20:03:46+00:00,151,29,False
Ugybj_ePi1zKJIa31Ad4AaABAg,l5q4aILNUrU,UC8IPcF4sxZt1TCs7la4EYtw,"Acabo de comprarlo en 2026 por 200 dólares en el hotsale (3600 pesos mexicanos) porque tanto el A56 y no se diga el A57 tienen ya precio de gama alta y es una babosada por parte de Samsung. Ya tuve un S22 plus, S22 ultra, S23 Fe, S23, S23 Ultra, S24, y actualmente tengo un A34, neta sirven básicamente para lo mismo, todos los anteriores los vendí casi al poco de haberlos comprado todos con oferta y recupere el dinero gracias a Dios, este A34 lo compre usado por MercadoLibre en 1700 pesos y me ha salido buenísimo pero solo trae 6 GB de ram y por eso decidí pasarme al A55 con 8 GB y memoria ufc 3.2 que es la misma que trae el S23 normal y el S23 fé y que jalan súper rápido.... Neta no gasten tanto, estuve a punto de comprar el S25 ultra con descuentos en 15,000 pesos (unos 833 dólares) era una super oferta pero pensé... De verdad necesito tanto? Y la respuesta fue NO.... El A55 es suficiente para TODO.",0,0,2026-06-01 17:11:15+00:00,913,178,True
UgxPdCITnvRfyLc-5e54AaABAg,l5q4aILNUrU,UC8IPcF4sxZt1TCs7la4EYtw,"Es bueno pero en áreas rurales su señal Internet no es bueno, me arrepiento de haber adquirido, ya que en Bolivia cuesta",0,0,2026-07-09 19:07:39+00:00,120,22,False
UgwUmTFtf8x65Rz_VrB4AaABAg,l5q4aILNUrU,UC8IPcF4sxZt1TCs7la4EYtw,Vale la pena comprarlo en julio del 2026?,0,1,2026-07-13 23:45:32+00:00,41,8,True
Ugzj5SwLKLffTNQw2Dx4AaABAg,l5q4aILNUrU,UC8IPcF4sxZt1TCs7la4EYtw,"Puedo poner huella antes de poner el protector,y luego poner el protector,me agarrara la huella??",0,0,2026-07-29 16:32:47+00:00,97,15,True
Ugz0BcN5lD9NdvBb0O54AaABAg,l5q4aILNUrU,UC8IPcF4sxZt1TCs7la4EYtw,no lo habia pensado bien pero bro es papucho,0,0,2025-02-15 23:34:21+00:00,44,9,False
Ugz4Q5QWrI342x8TsqB4AaABAg,l5q4aILNUrU,UC8IPcF4sxZt1TCs7la4EYtw,todo excelente pero esos marcos negros son dms horribles,0,0,2025-02-14 04:46:52+00:00,56,9,False
UgyvzcB6m03xfwMD92l4AaABAg,l5q4aILNUrU,UC8IPcF4sxZt1TCs7la4EYtw,Para juagar juegos no tan pesados como roblox o free fire me funciona eso si me agrada,2,0,2025-02-12 20:37:35+00:00,86,17,False
Ugzv5ToGiH2BbCOtAXV4AaABAg,l5q4aILNUrU,UC8IPcF4sxZt1TCs7la4EYtw,Entré este Samsung a55 y el redmi 15 cual me recomiendas hoy en dia? Ya q el A55 salio hace mas de un año,0,2,2026-01-05 03:05:08+00:00,105,24,True
UgzgIKHMgiZq0o0KV354AaABAg,l5q4aILNUrU,UC8IPcF4sxZt1TCs7la4EYtw,Increible que el A52s aun de que se hablar el mejor telefono que he tenido,0,0,2026-01-04 06:17:18+00:00,74,15,False
Ugw_l5mIMV2OVhqLtEN4AaABAg,l5q4aILNUrU,UC8IPcF4sxZt1TCs7la4EYtw,¿Si paso del A53 al A55 crees que hay mucha diferencia o mejor voy a otro?,1,0,2026-04-06 08:10:11+00:00,74,16,True
UgwetfyG7mp5XT1Ta914AaABAg,l5q4aILNUrU,UC8IPcF4sxZt1TCs7la4EYtw,Muchas gracias. Muy importante comentario.,0,0,2025-08-03 01:28:55+00:00,42,5,False
Ugw_wYrIr4fB8C8owQt4AaABAg,l5q4aILNUrU,UC8IPcF4sxZt1TCs7la4EYtw,Es mi país esta a unos 280$,0,0,2025-07-30 20:02:20+00:00,27,7,False
Ugx0Uikfw_KBHYJ4nGF4AaABAg,l5q4aILNUrU,UC8IPcF4sxZt1TCs7la4EYtw,"Estoy a punto de adquirirlo, me lo recomiendas?",2,0,2025-08-01 00:53:12+00:00,47,8,True
Ugyg9JcY0w3PWiYCSER4AaABAg,l5q4aILNUrU,UC8IPcF4sxZt1TCs7la4EYtw,Vale la pena comprarlo en 2025?,0,0,2025-12-02 04:52:59+00:00,31,6,True
UgwMYJtsB9HdNtPe5_14AaABAg,l5q4aILNUrU,UC8IPcF4sxZt1TCs7la4EYtw,"El mejor creador de contenido de tecnología, dice sus pros y sus contras sin miedo...... DOMINGO EL MEJOR",0,0,2025-08-05 03:37:56+00:00,105,18,False
UgwzItiavugreZLz-Id4AaABAg,l5q4aILNUrU,UC8IPcF4sxZt1TCs7la4EYtw,Ya me dieron ganas de comprarlo jajaja 😅,0,0,2025-08-11 01:45:48+00:00,40,8,False
UgwCCy5QaabFLJuXkKh4AaABAg,l5q4aILNUrU,UC8IPcF4sxZt1TCs7la4EYtw,No lo compren. Te venden un teléfono que aparenta tener 3 cámaras y solo trae 2 traseras! Tengo evidencia ya que la pase por escaner!,0,0,2025-08-29 19:01:40+00:00,133,25,False
UgzSz5CAe42xKO48TYZ4AaABAg,l5q4aILNUrU,UC8IPcF4sxZt1TCs7la4EYtw,"Yo viendo el video desde mi Galaxy A55, tienes toda la razón sobre sus cámaras, toma fotos y graba videos super chulos, el renmiento es sensacional, sacándome partida con más de 11 horas de pantalla activa y me costó 349$ la versión de 8GB/128 GB, es un excelente equipo y me siento a gusto con él❤",0,0,2025-08-30 01:51:40+00:00,298,56,False
UgzPQWVyoCqfyKU3dnd4AaABAg,l5q4aILNUrU,UC8IPcF4sxZt1TCs7la4EYtw,"Viendo desde mi A55 que obtuve por cambiar mi S21 y la verdad aunque baje de gama es un celular espectacular, la mejor decisión que pude haber tomado",1,5,2025-08-17 21:28:35+00:00,149,28,False
UgzMzySsOqay9Nrybat4AaABAg,l5q4aILNUrU,UC8IPcF4sxZt1TCs7la4EYtw,lo encontre a 200.000 clp,0,0,2025-09-15 16:42:48+00:00,25,5,False
UgyKtyZrtBerC-n99pB4AaABAg,l5q4aILNUrU,UC8IPcF4sxZt1TCs7la4EYtw,"Tengo el A50 desde que salió al mercado, o sea, desde el 2019 y, ya llegó la hora de cambiarlo, por algunas razones, una de ella es que ya su software no se actualiza desde el 01 de enero del 2023, otra es, que se ha puesto lento, otra es, que la batería se está descargando muy rápido, y otra es, que algunas apps no me están funcionando correctamente, sin embargo, no me quejo del equipo porque me ha salido muy bueno. Acabo de comprar el A55, estoy a la espera de que me llegue, pude haber comprado el A56 para dar el salto completo al último modelo de la línea ""A"", sin embargo, me decidí por el A55 por, entre otras características vs el A50, para mí, una que lamentablemente ya no ofrece la Samsung en su línea ""A"" a partir del A56, es que este último no tiene memoria interna expandible, o sea, no se le puede poner una memoria adicional a los 128 gb que trae de fábrica, sin embargo, en el A55 sí se mantiene esta opción y por eso me decidí comprarlo, ya que se le puede poner una memoria adicional de hasta 1TB según las especificaciones del equipo... Cuando lo reciba, pues ya podré comprobar lo que aquí dices en tu vídeo y, además, compararlo con el A50 que he estado usando durante los últimos casi 6 años desde que lo compré. (Particularmente yo no soy dado a estar cambiando teléfonos móvil si no es por una imperiosa necesidad). ¡Gracias por tú reseña! Saludos desde República Dominicana.",0,0,2025-10-04 10:31:59+00:00,1404,263,False
Ugyxr3dkX49xamzyRFJ4AaABAg,l5q4aILNUrU,UC8IPcF4sxZt1TCs7la4EYtw,"Hola, quiero empezar a crear contenido en YouTube, cual celular me recomiendas?",0,0,2025-10-25 15:03:02+00:00,79,12,True
Ugxtm58qLBT8Iax7b7J4AaABAg,l5q4aILNUrU,UC8IPcF4sxZt1TCs7la4EYtw,"Muy buenos tus videos, y me gustó la prenda. Saludos desde Uruguay",0,0,2025-10-30 00:38:52+00:00,66,12,False
UgxehJdTvILUpR2-P1N4AaABAg,l5q4aILNUrU,UC8IPcF4sxZt1TCs7la4EYtw,"Mi a52 es una máquina calidad precio, estoy buscando comprar otro yyyyy la verdad que los diseños nuevos de samsung... me gustan más los de moto u.u",0,0,2025-11-25 22:24:23+00:00,148,27,False
UgxOvCNihN4plibjS054AaABAg,l5q4aILNUrU,UC8IPcF4sxZt1TCs7la4EYtw,1:36 que cambiado q está el nothing phone ehh,2,1,2025-09-06 16:35:42+00:00,45,9,False
Ugxk2O-8my6yZisSF0h4AaABAg,l5q4aILNUrU,UC8IPcF4sxZt1TCs7la4EYtw,No vi nadie iguale de camaras. Son muy Buenas. Impresionantes! 🥰,3,0,2025-11-05 02:12:41+00:00,64,11,False
UgwiEMMfvGkoQcFXQ1d4AaABAg,l5q4aILNUrU,UC8IPcF4sxZt1TCs7la4EYtw,"Me dio risa cuandl dijo carga lenta de 25 wats, cuando mi celular con el cargador antiguo demora como 3 horas para llegar a 50 😅",0,0,2025-11-20 14:01:57+00:00,128,26,False
Ugyi6udfZseIomfT4jl4AaABAg,RxHFfnfru4U,UCxz7sBKlpcpyCiPwXupRymw,Muy malo lo compre y solo duró 1 mes se quemó el procesador muy malo,0,0,2024-07-24 15:13:06+00:00,68,15,False
UgypfXuxyXCHJReWiiJ4AaABAg,RxHFfnfru4U,UCxz7sBKlpcpyCiPwXupRymw,"Muy bueno la velocidad del teléfono es buena, no muy alejada a lo que pudriera ser a un iPhone 14 y eso en pleno 2024 La gran ventaja también es el conector tipo C que tiene",0,0,2024-07-22 20:49:12+00:00,173,36,False
UgygXHWnRimRAAi-aut4AaABAg,RxHFfnfru4U,UCxz7sBKlpcpyCiPwXupRymw,"en definitiva , gracias a tu video no me pasare a iphone,, lo veo muy limitado y con falta de caracteristicas importantes y practicas ,,saltare al nuevo xiaomi 14 o pasare con samsung s24",0,0,2024-07-16 17:25:10+00:00,187,34,False
UgwgrOSJ4PoLmQ01Od94AaABAg,RxHFfnfru4U,UCxz7sBKlpcpyCiPwXupRymw,Aquí te das cuenta que Android está avanzando y te da más beneficios que Apple,0,2,2024-07-02 04:27:06+00:00,78,15,False
UgzY_VNA7vYkDAPKULh4AaABAg,RxHFfnfru4U,UCxz7sBKlpcpyCiPwXupRymw,"Buen video, simpre creí que te llamabas Isabel ahora ya se que no saludos",0,0,2024-06-16 03:56:37+00:00,73,14,False
UgxqafaY2MQwki4svmZ4AaABAg,RxHFfnfru4U,UCxz7sBKlpcpyCiPwXupRymw,"Cambie el Samsung por este y estoy bastante decepcionada. Cuando el día está nublado hace fotos bastante oscuras. Cuando hay poca luz mas de lo mismo, pierde mucha calidad.",3,0,2024-08-02 15:04:17+00:00,172,29,False
UgyfD7gs1MHwOnRPXP54AaABAg,RxHFfnfru4U,UCxz7sBKlpcpyCiPwXupRymw,"Gente yo me compre el iphone 15 pro, la bateria dura poco no es que se degrade bastante pero asi literal solo redes what's app facebook y telegram ya a las jugas llega al dia les sugiero que se compren el pro max",2,0,2024-05-20 12:21:22+00:00,212,43,False
UgxJj171oTTdLW7l3rh4AaABAg,RxHFfnfru4U,UCxz7sBKlpcpyCiPwXupRymw,Cuanto bajara el iPhone 15 con el nuevo lanzamiento del iPhone 16?,1,0,2024-06-26 17:38:10+00:00,66,12,True
Ugw1AQgZf8t-92V_C0R4AaABAg,RxHFfnfru4U,UCxz7sBKlpcpyCiPwXupRymw,¿Cuenta con dual SIM físico?,0,0,2024-08-08 01:15:44+00:00,28,5,True
Ugz_N_mYcx12OdSAMA54AaABAg,RxHFfnfru4U,UCxz7sBKlpcpyCiPwXupRymw,"15 pro de 128gb en 23,500 esta bien?",0,0,2024-10-05 18:07:07+00:00,36,8,True
UgyXCiqm72y1o8zQk6J4AaABAg,RxHFfnfru4U,UCxz7sBKlpcpyCiPwXupRymw,"Lo encontré a 900 dolares, actualmemte esta bien? Esque de verdad no se si me quieran estafar",1,1,2024-08-19 20:53:47+00:00,93,17,True
UgwnPK_4UGUS8i8-Oz14AaABAg,RxHFfnfru4U,UCxz7sBKlpcpyCiPwXupRymw,"Por si aún les interesa, lo compre hoy, regreso en unos 15 dias 🙌",0,2,2024-09-02 07:29:45+00:00,65,14,False
UgyBSV9IzQl9XZ01q_l4AaABAg,RxHFfnfru4U,UCxz7sBKlpcpyCiPwXupRymw,La batería del iPhone 15 pro es perversa!!!,0,0,2024-09-11 05:33:45+00:00,43,8,False
UgzB6rjPibFkXi4nw7t4AaABAg,RxHFfnfru4U,UCxz7sBKlpcpyCiPwXupRymw,Lo tendre el mes que viene recomiendan ?,0,1,2024-09-16 18:07:15+00:00,40,8,True
UgxgVk_wBVtr0x8tVKd4AaABAg,RxHFfnfru4U,UCxz7sBKlpcpyCiPwXupRymw,Yo voy a cambiar de un 11 a un 15 pro pero no sé si comprar uno de 128 o 256,0,1,2024-11-06 19:51:09+00:00,76,21,False
UgyncYMaVcPlOOSSPbx4AaABAg,RxHFfnfru4U,UCxz7sBKlpcpyCiPwXupRymw,El video esta hecho con inteligencia artificial? Xd,0,0,2024-11-01 08:39:20+00:00,51,8,True
UgyulU6VfkX33ffjZUp4AaABAg,RxHFfnfru4U,UCxz7sBKlpcpyCiPwXupRymw,😢 se devalúan un montón al fin pude hacer el salto del 6s al 15 pro eso si no cambiaré el 6 hasta que ya quede obsoleto pues tendré que darle fin si no encuentro más para reparación saben por qué por qué se vuelve obsoleto las nuevas tecnologías bajan un monto de valor y pues alo mejor en los 16 años pues si sería lo más mejor ya ahora amis 25 ya no es novedad por qué pasan a interesarte otras cosas que un teléfono pero pues banda se siente estupendo comprar las cosas cuando sale otra mejor y bajan el valor del anterior 😅,0,0,2024-10-27 00:06:50+00:00,527,106,False
UgzRFWYg5XnqTdJBNch4AaABAg,RxHFfnfru4U,UCxz7sBKlpcpyCiPwXupRymw,"Lo quiero comprar pero leo que no le dura la batería; yo no juego ningún tipo de videojuego porque no me gustan, tampoco veo películas en el cel sólo escuchar música cuando viajo y grabar videos cuando toco porque soy músico. Además de grabar también algunos tracks de composiciones en aplicaciones y ya. Para el uso que le daría, me lo recomiendan?",1,0,2024-05-19 00:22:09+00:00,349,62,True
Ugw7PpsB9DJxiRbbqRV4AaABAg,RxHFfnfru4U,UCxz7sBKlpcpyCiPwXupRymw,Tengo un 13 y quiero dar el salto al 15 pro es buena idea se nota la diferencia ?,1,1,2024-08-14 11:02:50+00:00,81,19,True
UgyksnIh06dI0g40lkZ4AaABAg,RxHFfnfru4U,UCxz7sBKlpcpyCiPwXupRymw,Yo viendo este video después de que lo compré espero no arrepentirme😊,0,2,2024-05-05 06:27:42+00:00,69,12,False
Ugx_h3vnfj845dXHnZx4AaABAg,RxHFfnfru4U,UCxz7sBKlpcpyCiPwXupRymw,"Hola Recientemente me compré el iphone 15 pro max, es mi primera vez con un iphone. Pero he notado que al subir el volumen a más del 80% la bocina que está arriba de la isla dinámica empieza a sonar mal, es como si crujiera o sonara distorsionado, investigue en un foro de apple y creo es un problema que muchos tienen, el nombre de la publicación del foro se llama ""iPhone 15 Pro speaker crackles when at loud volumes."" ¿A ustedes les pasa lo mismo? Si suben el volumen al máximo se puede escuchar este crujido en la siguiente canción ""Nicky Youre, dazy - Sunroof"" al principio en los tarareos. Pero no solo en esta cancion, tambien en llamadas con altavoz o en reels de instagram cuando subes el volumen a más del 80%",4,2,2024-01-02 00:12:16+00:00,719,135,True
UgzlXRGvYlGTDHPCxaZ4AaABAg,RxHFfnfru4U,UCxz7sBKlpcpyCiPwXupRymw,"Acabo de ver el video , y ya tengo el iPhone 17",1,0,2024-04-25 18:27:37+00:00,47,12,False
UgyLYzwLUl0Catk9t9x4AaABAg,RxHFfnfru4U,UCxz7sBKlpcpyCiPwXupRymw,"cambie de Android a este modelo hace un mes, y uno de los problemas que he tenido es con el enfoque de la cámara para escanear códigos de barras o qr, no me deja acercarme lo suficiente para escanear, al final tengo que tomarle fotografía y darle zoom a esa foto para lograr leerlo. Hay alguna forma de corregir ese comportamiento en la cámara?",1,1,2024-01-13 21:32:39+00:00,344,64,True
UgwwUX_ziUkngdMpcLV4AaABAg,RxHFfnfru4U,UCxz7sBKlpcpyCiPwXupRymw,Bravo milei 100 por ciento estoy con el cuando maduro digo masburro t critica es porque le dolió que estás correcto y apoyado por tu pueblo y ya por muchos de nosotros.soy cubano vivo en Miami.un saludos a ustedes los que hicieron posible este video abajo el socialismo y sus mediocres que aplastan los pueblos viva la libertad el progreso.Argentina va a demostrar en poco tiempo con Miley un gran cambio hacia el progreso es un país potente.,0,0,2024-01-20 02:46:06+00:00,442,78,False
UgzrqHmXL-USy1uN6Qd4AaABAg,RxHFfnfru4U,UCxz7sBKlpcpyCiPwXupRymw,Yo tengo el iPhone 15 pro Max estoy muy contento es lo mejor,0,0,2024-02-08 17:19:10+00:00,60,13,False
Ugw8G4qfxZHABiPzhNB4AaABAg,RxHFfnfru4U,UCxz7sBKlpcpyCiPwXupRymw,"Pues de echo me avente como gorda en tobogan en 2 meses probe mas iPhone’s que celulares en toda mi vida 😅 en septiembre a principios me regalaron un iphone 11 yo tenia un 8 plus que lo utilizaba como ipod ya que yo vengo de una note 20 ultra, después vendi el 11 para probar el 11 pro (ya se una tremenda compra mal echa) después probe el 12 pro y comencé a verle mayor potencial me comenzó a gustar sus cámaras y el sistema como convive tan bien con otros productos de de Apple, después y actualmente tengo el 13 pro max llevo 1 semana tal cual usándolo y la batería dura bastante, no se sobre calienta como otros pensarían o les ha pasado para mi el mejor iPhone que he tenido al día de hoy sin embargo ya encargue un 15 pro 😂 y antes de recibirlo estoy viendo las especificaciones y reviews espero no arrepentirme ya que me salte la gen anterior la serie 14 ya que me llamó la atencion el botón de acción, isla dinámica etc espero no equivocarme y si no me lance por el 16 es por que el presupuesto ya no me dio",0,0,2024-11-08 08:50:08+00:00,1015,202,False
Ugwz7c3VOOjlVnBgXtN4AaABAg,RxHFfnfru4U,UCxz7sBKlpcpyCiPwXupRymw,Tengo un iphone 12 pro max con batería al 83%.... ¿vale la pena cambiarme a un 15 pro?,3,3,2024-02-08 21:28:54+00:00,86,18,True
UgwHH2rDeAAPOXIBaf94AaABAg,RxHFfnfru4U,UCxz7sBKlpcpyCiPwXupRymw,La batería 🔋 se mejoró con una actualización eso me gusta 😊❤,1,0,2024-02-12 02:10:07+00:00,60,12,False
UgztcKcdM9SOEsRa72p4AaABAg,RxHFfnfru4U,UCxz7sBKlpcpyCiPwXupRymw,Para mi está mejor el iPhone 15 pro ya que viene con muchas mejoras aún que la única diferencia sea la batería y el precio pero la diferencia entre la batería del IPhone normal y pro en mínima estoy por comprar el IPhone 15 pro,0,0,2024-02-12 22:46:33+00:00,227,45,False
UgwzG3bqU1RaUPgRYoN4AaABAg,RxHFfnfru4U,UCxz7sBKlpcpyCiPwXupRymw,Hola panas y amigos buenas noches quiero saber como es el iphone 15 pro sera la mejor que el iphone 15 pro max o no respondeme porfavor el que lea este comentario 🙏,1,0,2024-02-25 01:18:54+00:00,164,33,False
UgxjciU57F-Qk2pSKdl4AaABAg,RxHFfnfru4U,UCxz7sBKlpcpyCiPwXupRymw,"Yo me debato aún si pasarme a iphone, lo que quisiera saber es si ya se pueden traspasar los mensajes de WhatsApp con respaldo en android al iphone sin perder mi historial, alguien me ayuda conesta duda?",1,1,2024-05-02 17:37:49+00:00,203,37,True
Ugw-DhX7TYD09uTgvyV4AaABAg,RxHFfnfru4U,UCxz7sBKlpcpyCiPwXupRymw,Si tienes un iPhone 12 hacia bajo si lo recomendaría y si tienes una Android te recomendaría el pro ya que si tiene usb 3.0 y 120hz cuando el 15 normal no,0,0,2024-02-27 14:00:10+00:00,154,32,False
Ugys162sFquUUljVNWB4AaABAg,RxHFfnfru4U,UCxz7sBKlpcpyCiPwXupRymw,Dos dias con el aún tengo mi 13 pro max y este es un 15 pro Pero no me gusta no le dura nada la bateria y uso app para editar fotos h casi explota de caliente en realidad calienta muuuuuchoooo en 13 noo,1,0,2024-03-17 03:42:04+00:00,202,44,False
UgwTJAdHfqzczJVUI4N4AaABAg,RxHFfnfru4U,UCxz7sBKlpcpyCiPwXupRymw,"""Me ofendiste, me ofendiste re gacho Shrek"" Ya ni lo quiero comprar jajaja",0,0,2024-03-21 20:08:33+00:00,74,13,False
UgxwivYXHdvdCqUldvl4AaABAg,RxHFfnfru4U,UCxz7sBKlpcpyCiPwXupRymw,Compre un 15 pro y tenía el cargador😮 o lo que estás diciendo no trae la cabeza del cabré. Podía decir😢,0,1,2024-03-23 23:53:52+00:00,103,21,False
UgzBgvLoT0ZI2xAbgTJ4AaABAg,RxHFfnfru4U,UCxz7sBKlpcpyCiPwXupRymw,"Estoy considerando comprar un iPhone pero no se si comprar el 15 o el 15 pro. Por ahi vi que el 15 pro resiste menos a las caidas, es cierto eso? pues yo soy bien descuidado en ese aspecto jaja ayuda plis cual compro",6,1,2024-03-29 18:37:56+00:00,216,44,True
Ugyf5i2kPCJg_RRAtdV4AaABAg,RxHFfnfru4U,UCxz7sBKlpcpyCiPwXupRymw,"yo vengo de un iphone 7, y todo el video fue casi de las camaras y video, lo que me importa mas es la bateria quiero saber si con un uso moderado me rendira el dia completo, o debo pensar en adquirir alguna bateria extra al momento que decida comprar este dispositivo por que me hace falta una buena actualizacion",2,0,2024-04-07 19:48:40+00:00,313,60,False
UgxJuXEm0nHwUKVATv54AaABAg,RxHFfnfru4U,UCxz7sBKlpcpyCiPwXupRymw,el problema es que Apple reparte las novedades en tres modelos..... en vez de tener solo Iphone con todo....pone a pedazos las novedades así gana mas dinero que un solo modelo con todo,2,1,2024-04-10 06:54:26+00:00,184,33,False
Ugx5plAuyRS11tjS-rF4AaABAg,RxHFfnfru4U,UCxz7sBKlpcpyCiPwXupRymw,"A día de hoy, ¿cuál recomiendan más? ¿13 Pro o 15 Pro? ¿O mejor ir por un Pro Max?",0,5,2024-04-15 01:50:25+00:00,82,19,True
UgzBMqo7vYAI2tUWMYx4AaABAg,RxHFfnfru4U,UCxz7sBKlpcpyCiPwXupRymw,"Bro te queria preguntar, tengo el iphon 15 pro, le puedo meter un cargador de iphon de 25W o tiene que der maximo de 20W??",1,1,2024-04-17 15:06:29+00:00,122,25,True
UgyrBXyoQGEjNcUXX9h4AaABAg,RxHFfnfru4U,UCxz7sBKlpcpyCiPwXupRymw,Lo que más le reprocho es la poca versatilidad a la camara!!!! Fuera de !! Estoy satisfecho.,0,0,2024-03-14 17:42:59+00:00,92,17,False
Ugy_EmO39OgpXi3TxnN4AaABAg,RxHFfnfru4U,UCxz7sBKlpcpyCiPwXupRymw,Vaya porqueria...su bateria es una estafa no dura nada...regresenme mi samsung!!,0,0,2024-12-09 04:59:31+00:00,80,11,False
Ugyk4HIqloYUqxtAwhR4AaABAg,RxHFfnfru4U,UCxz7sBKlpcpyCiPwXupRymw,Me parece que te equivocas cuando decis que no tiene modo pro cuando si lo tiene y lo tiene hasta en video. Me parece que no revisaste muy bien el teléfono,0,0,2026-09-02 06:21:12+00:00,155,31,False
UgyO9r_L-1LkqhmGboN4AaABAg,RxHFfnfru4U,UCxz7sBKlpcpyCiPwXupRymw,"Amigos no sé si el 15 pro o el 14 pro max, cuál me recomiendan?? En general, cuál ?",0,1,2024-12-27 17:02:01+00:00,83,19,True
UgyGlmepwvLnPb8A5SF4AaABAg,RxHFfnfru4U,UCxz7sBKlpcpyCiPwXupRymw,"Aquí viendo desde mi 15 pro, siempre quise decir eso",21,2,2025-10-31 05:32:33+00:00,52,10,False
UgzvWXTY82tfvpp223N4AaABAg,RxHFfnfru4U,UCxz7sBKlpcpyCiPwXupRymw,2025- -ya hay modo pro y manual -Ya hay escáner de documentos en general -ya hay ecualizador en Spotify y Apple Music integrados.,61,4,2025-11-02 15:17:42+00:00,129,23,False
UgzvLpN9qlaUu6APzS14AaABAg,RxHFfnfru4U,UCxz7sBKlpcpyCiPwXupRymw,Estoy en duda entre iphone 14 pro max o iphone 15 pro. No encuentro videos que comparen a los 2 🥺,3,1,2025-11-25 14:50:25+00:00,97,21,False
UgxugPuLck5mrNNhEFR4AaABAg,RxHFfnfru4U,UCxz7sBKlpcpyCiPwXupRymw,Oye bro estamos hablando de cómo es el iPhone no de Android,0,0,2026-01-06 16:17:14+00:00,59,12,False
Ugy95XV2Hc2erDI4RTt4AaABAg,RxHFfnfru4U,UCxz7sBKlpcpyCiPwXupRymw,"Lo compre y estoy mirando el video, ahí que ?",0,0,2026-01-17 10:43:33+00:00,45,10,True
Ugwga5XDXKOhksqKFT14AaABAg,RxHFfnfru4U,UCxz7sBKlpcpyCiPwXupRymw,En realidad es un buen teléfono sobrado de potencia el único detalle que no me termina de convencer es que el dispositivo es un poco más pequeño que los demás aunque la pantalla tiene pocos bordes por eso no se nota 😊 pero es 100 recomendable,0,0,2026-02-04 01:47:36+00:00,242,46,False
UgzN25wX7WFom5fsLtB4AaABAg,RxHFfnfru4U,UCxz7sBKlpcpyCiPwXupRymw,"Tengo un Xiaomi, lo quiero cambiar por un iPhone, quiero el 15 pro, si está bien mi decisión",0,0,2026-02-17 12:47:16+00:00,92,18,False
Ugy-aVIyu0ZEq8IUbKF4AaABAg,RxHFfnfru4U,UCxz7sBKlpcpyCiPwXupRymw,El 14 es mejor,0,0,2026-02-26 02:07:39+00:00,14,4,False
Ugx4as2G9oQF7iwb1mx4AaABAg,RxHFfnfru4U,UCxz7sBKlpcpyCiPwXupRymw,Hola! Estoy entre el iphone 15pro y el samsung S25 Fe ¿Por cual me voy? (Tengo el Samsung A33),0,2,2026-03-09 03:21:45+00:00,94,19,True
Ugwx3bsnZ5RZ5kf0pp14AaABAg,RxHFfnfru4U,UCxz7sBKlpcpyCiPwXupRymw,Cambie hace pocos dias de un 13 base a este 15 pro y la verdad que muy buena experiencia,1,2,2026-03-11 15:42:56+00:00,88,19,False
UgzhJd8J6NYXxVJNrpt4AaABAg,RxHFfnfru4U,UCxz7sBKlpcpyCiPwXupRymw,Pregunta vale la pena comprar un iPhone 15 pro al 88%de batería,1,1,2026-04-10 14:12:15+00:00,63,12,False
UgzcTMM7NwFBOve0rtJ4AaABAg,RxHFfnfru4U,UCxz7sBKlpcpyCiPwXupRymw,Viéndolo desde mi iPhone 15 pro 😜,2,1,2026-06-03 05:14:20+00:00,33,7,False
Ugzwc6u02Q-XkPpAGtN4AaABAg,RxHFfnfru4U,UCxz7sBKlpcpyCiPwXupRymw,Me queda la duda por qué cada rato recalca que Samsung trae mejores cosas y por un precio más conforme... Y aún así compramos iPhone 😂...,0,0,2026-08-07 13:42:49+00:00,137,26,False
Ugx0BormOfan9C-T1MZ4AaABAg,RxHFfnfru4U,UCxz7sBKlpcpyCiPwXupRymw,La cámara es horrible no lo compren yo estoy muy decepcionado de él,0,0,2023-12-25 20:34:03+00:00,67,13,False
UgyY1xBRrUB4pPq1fgN4AaABAg,RxHFfnfru4U,UCxz7sBKlpcpyCiPwXupRymw,"Es una chulada, recomiendo mucho el iPhone 15 pro",0,0,2023-12-26 16:36:00+00:00,49,9,False
UgxTXAl-f9EnAPfIEwZ4AaABAg,RxHFfnfru4U,UCxz7sBKlpcpyCiPwXupRymw,"Si tengo el 13 Pro, a cual me reconiendan dar el salto? 14 Pro Max, 15 pro o el Pro Max??",0,2,2024-01-05 02:04:33+00:00,89,21,True
Ugzqxe2FcIBdXrt3WYR4AaABAg,RxHFfnfru4U,UCxz7sBKlpcpyCiPwXupRymw,"Tenia el iPhone 14 pro y lo vendi para comprar el iPhone 15 pro , la verdad no valio la pena xq los cambios son 2 por no decir pocos 😂 me fui de cara 🫥 . Por parte estetica solo cambio el boton lateral y el marco que antes era cromado",14,3,2023-12-28 14:40:38+00:00,234,52,False
UgwUEJEdXRKm49MQj8d4AaABAg,RxHFfnfru4U,UCxz7sBKlpcpyCiPwXupRymw,"Un celular de otra marca , unos audífonos de otra marca una tablet de otra marca eso se ve feoo xD no es por criticar pero me recuerda a las vajillas de las abuelas que te sacan el vasito que se gano en una promoción, luego tiene la tacita de hace 20 años , luego tiene los platos azulees, para terminar tiene 4 tipos de vasos porque se fueron rompiendo con el tiempo. Ese estilo de orden me arde 😂 xq no comprar todo de un solo modelo ! Se ve mas ordenado y limpio",0,0,2023-12-28 14:58:46+00:00,465,95,False
UgyKG8cv_YhjOry_LUV4AaABAg,RxHFfnfru4U,UCxz7sBKlpcpyCiPwXupRymw,"Llevo una semana con este, la verdad me parece increíble, cámaras excelentes claro y un rendimiento perfecto 👌🏼",2,0,2024-01-01 04:00:26+00:00,111,18,False
UgwZ2rFg_UIPGOIyIpB4AaABAg,RxHFfnfru4U,UCxz7sBKlpcpyCiPwXupRymw,Que me recomiendan entre el 15 pro o el 17 normal,0,0,2025-10-17 17:40:30+00:00,49,11,False
UgzxZhXHqBWWa4l-H_F4AaABAg,RxHFfnfru4U,UCxz7sBKlpcpyCiPwXupRymw,"No lo recomiendo, su batería es mala y eso que solo tengo 6 ciclos de carga",0,0,2024-12-11 16:46:30+00:00,75,16,False
UgxdVXjS0SDXMD_BlRF4AaABAg,RxHFfnfru4U,UCxz7sBKlpcpyCiPwXupRymw,Yo lo agarre en 12K,0,0,2025-10-17 16:00:43+00:00,19,5,False
UgxZN3O-X8AvAEHN5Yt4AaABAg,RxHFfnfru4U,UCxz7sBKlpcpyCiPwXupRymw,Aún tengo el 15 pro y mi pareja el 16 pro y la verdad les pido que si aún conservan el 15 pro no hagan el salto de generación ya que la única función real es la del zoom a un costado cosa que no le veo una relevancia Mayor o si eres muy detallista verás que el 16 pro es un poco más grande pero en potencia no se llevan mucho y no vale la pena el cambio. Ahora con el 17 tocará esperar para saber si vale o no la pena,6,4,2025-08-28 20:15:47+00:00,417,93,False
Ugyv3df72xRfbMiLNw54AaABAg,RxHFfnfru4U,UCxz7sBKlpcpyCiPwXupRymw,Compré el iPhone 15 pro de 1tb por 19k creen que fue buena compra?,1,0,2025-01-10 03:40:10+00:00,66,14,True
UgxLPcSp9ii6Ar2R_6Z4AaABAg,RxHFfnfru4U,UCxz7sBKlpcpyCiPwXupRymw,Pero corre el roblox?,1,0,2025-01-24 11:26:19+00:00,21,4,True
UgwDSqW6BlE1mMAhLrV4AaABAg,RxHFfnfru4U,UCxz7sBKlpcpyCiPwXupRymw,"muy especialito, pus haz tu propio telefono tu y vendel o",0,0,2025-01-28 02:00:34+00:00,57,11,False
UgzUlgRKAfOUtaWWYax4AaABAg,RxHFfnfru4U,UCxz7sBKlpcpyCiPwXupRymw,"yo tengo el 15 pro, lo compré en 18mil ya tras las bonificaciones en Amazon, nuevo, no reacondicionado. Está bien pero yo extraño mucho mi iPhone 13 mini!!!! ese tamaño era insuperable, sólo lo sustituí porque me lo robaron. Las capacidades extra de la versión pro no me han impresionado hasta el momento.",0,1,2025-01-29 16:46:38+00:00,305,53,False
UgzVMD52g5Gp9dPYN854AaABAg,RxHFfnfru4U,UCxz7sBKlpcpyCiPwXupRymw,Es un buen cambio del iPhone X al 15 pro? 😭,0,1,2025-02-18 01:29:14+00:00,43,11,True
Ugzd9l4VYoCT_7EepTF4AaABAg,RxHFfnfru4U,UCxz7sBKlpcpyCiPwXupRymw,Recomiendan comprarlo en 2025?,0,1,2025-02-21 19:42:03+00:00,30,4,True
UgwB9hBjXgp4a9EOiL94AaABAg,RxHFfnfru4U,UCxz7sBKlpcpyCiPwXupRymw,"2025: Me compre el iPhone 15 Pro Max, bueno o malo?",0,0,2025-03-07 19:16:10+00:00,51,11,True
UgwlRv5Ft-MgeddkZct4AaABAg,RxHFfnfru4U,UCxz7sBKlpcpyCiPwXupRymw,"Tengo mi IPhone 15 pro desde hace 8 meses y medio, me encanta, lo uso mucho y me ha rendido, lo que me ha estresado es que la salud de la batería a caído hasta el 91%",0,1,2025-03-16 09:37:21+00:00,166,37,False
Ugw5ACNoDWOvbTZeFyN4AaABAg,RxHFfnfru4U,UCxz7sBKlpcpyCiPwXupRymw,"Tengo un iPhone 15 pro , pero mr Quiero cambiar al 15 plus , será buena idea ?",0,1,2025-03-18 07:27:19+00:00,78,18,True
UgwPdhL4URAuXeqkXSJ4AaABAg,RxHFfnfru4U,UCxz7sBKlpcpyCiPwXupRymw,Bueno a ver si alguien llega a leer este comentario si conviene ahorita para marzo de 2025?? Bueno para este año? Solo lo quiero para uso normal y fotos normales y una que otra vez para juegos y asi,0,2,2025-03-22 20:26:04+00:00,198,39,True
Ugx7LkftxYWh8Lh9qwp4AaABAg,RxHFfnfru4U,UCxz7sBKlpcpyCiPwXupRymw,Cual me recomiendan 15 pro o el 14 pro máx?,1,2,2025-04-08 06:33:05+00:00,43,10,True
Ugw_UnfFK6rgPd4rYiF4AaABAg,RxHFfnfru4U,UCxz7sBKlpcpyCiPwXupRymw,Vayan por el 15 Pro Max…. Es mejor,0,1,2025-04-18 03:29:51+00:00,34,8,False
Ugxr-Z2fLy3fUGaAUW94AaABAg,RxHFfnfru4U,UCxz7sBKlpcpyCiPwXupRymw,"Yo llevo 6 meses ya con él, todo bien, lo único que no me a gustado es que se está despintase los Marcos, no sé si a alguien más le pasa 😢😢",0,0,2025-04-18 21:05:44+00:00,139,32,False
Ugyn9XvNbU0mwfw_LAt4AaABAg,RxHFfnfru4U,UCxz7sBKlpcpyCiPwXupRymw,Amigos creen que convenga un cambio de un honor magic 6 pro com este?,0,0,2025-05-21 15:22:40+00:00,69,14,True
UgyLoqTix4Y8C2WdO8Z4AaABAg,RxHFfnfru4U,UCxz7sBKlpcpyCiPwXupRymw,que me recomiendan un 14 pro max o un 15 pro ( el 14 pro max esta relativamente más barato ),0,0,2025-06-19 08:10:34+00:00,92,21,False
UgwSZTD1tMCtQt9y7YV4AaABAg,RxHFfnfru4U,UCxz7sBKlpcpyCiPwXupRymw,Vale más la pena este o el 16 normal?,0,1,2025-06-26 07:36:53+00:00,37,9,True
UgwGomu5_leUq7I1x2h4AaABAg,RxHFfnfru4U,UCxz7sBKlpcpyCiPwXupRymw,Se nota el favoritismo hacia los Android 😂,3,2,2025-07-19 07:09:30+00:00,42,8,False
UgxtQNHMYEKX56g6WA14AaABAg,RxHFfnfru4U,UCxz7sBKlpcpyCiPwXupRymw,Conclusión: es una porquería por lo que valen .,0,1,2025-07-23 13:51:46+00:00,47,9,False
UgxuZ3H4o9TxkIW_86B4AaABAg,RxHFfnfru4U,UCxz7sBKlpcpyCiPwXupRymw,"El ecualizador también sirve en Spotify, claro si tienes premium 5:00",6,0,2025-08-12 00:04:18+00:00,69,11,False
UgxswSKB5liAb64jkVF4AaABAg,RxHFfnfru4U,UCxz7sBKlpcpyCiPwXupRymw,"Hola Isa, yo tengo el Iphone 15 pero quiero irme por la version Pro o pro max del 15 es una buena decision? me pasa con el 15 que la bateria me dura muy poco",0,0,2025-10-01 11:22:24+00:00,157,35,True
UgxcRCqkZQa57Bjlwgl4AaABAg,RxHFfnfru4U,UCxz7sBKlpcpyCiPwXupRymw,Brinqué del 13 pro al 15 pro… Esta excelente!! Es un telefonazo!❤,7,2,2024-01-11 05:32:33+00:00,65,12,False
Ugw8rtCZozVpZ1pYQp14AaABAg,Pmevin10nHs,UCmHtyt3gfkqMeeCPzYK3a-g,"Mi batería baja rápido, como soluciono eso por favor",1,1,2026-03-15 03:44:28+00:00,52,9,False
UgyzMfywJpt986CNQkV4AaABAg,Pmevin10nHs,UCmHtyt3gfkqMeeCPzYK3a-g,Es mas recomendable que el 14 pro??,0,0,2026-08-25 15:24:46+00:00,35,7,True
UgwS2XW-zE2vC3TipsJ4AaABAg,Pmevin10nHs,UCmHtyt3gfkqMeeCPzYK3a-g,"Me lo compre hace dos meses y estoy mas que feliz, un caño total!",26,5,2026-03-16 14:36:32+00:00,65,14,False
UgwTJPN61t5-Kwna0Cd4AaABAg,Pmevin10nHs,UCmHtyt3gfkqMeeCPzYK3a-g,lo tengo hace como año y medio y no quiero comprarme otro nunca djsjfjsjjd podria tenerlo muchos años,1,0,2026-03-16 16:30:12+00:00,101,18,False
Ugy1lkUwPqhurp6VkwF4AaABAg,Pmevin10nHs,UCmHtyt3gfkqMeeCPzYK3a-g,"Me lo pienso comprar este mes el pero el 15 pro Max es buena opción? Normalmente solo uso redes , tengo actualmente un Android más bien básico los chats del WhatsApp se pasan normalmente?",3,1,2026-03-16 16:57:43+00:00,187,34,True
UgzFRrFM2tf-gTEk1ot4AaABAg,Pmevin10nHs,UCmHtyt3gfkqMeeCPzYK3a-g,La batería te hace querer un promax,0,0,2026-03-16 19:59:29+00:00,35,7,False
UgygKL0ZNlSaAbmmpMV4AaABAg,Pmevin10nHs,UCmHtyt3gfkqMeeCPzYK3a-g,"Me lo compre hace menos de 1 mes. Vengo del 13 base, muy feliz estoy con mi compra !!!!",0,1,2026-03-16 19:59:31+00:00,87,19,False
UgzAsIM6AOITuMNNDnt4AaABAg,Pmevin10nHs,UCmHtyt3gfkqMeeCPzYK3a-g,Viendo este video con mi nuevo 15 PM,0,0,2026-03-16 22:16:49+00:00,36,8,False
UgygTCNt1kDp9-QN_dp4AaABAg,Pmevin10nHs,UCmHtyt3gfkqMeeCPzYK3a-g,"Bro, cómo descargaste los GTA😭😭😭 fue gratis o los compraste?",0,1,2026-03-16 22:47:49+00:00,60,10,True
UgxP4TNo4O7kRAqyvRx4AaABAg,Pmevin10nHs,UCmHtyt3gfkqMeeCPzYK3a-g,"Ok pero para 2026 no lo recomiendo la verdad y no es por criticar si no porque pase de el y la verdad como mencionas todo bien pero la batería no es que sea mala, lo que sucede esque el dispositivo se calienta demasiado y eso hace que la bateria se descargue rapido aunque yo no soy una usuaria que usa tanto el dispositivo en juegos pero juego uno que es brawl stars y la experiencia es fatal pero para redes esta bien asi que si aun venden el 16 pro mejor vayan por el aunque si lo comparan con el 17 pro y pro max no ay comparación.",0,0,2026-03-16 23:09:53+00:00,535,109,False
UgyTsOpzWebowFggLZl4AaABAg,Pmevin10nHs,UCmHtyt3gfkqMeeCPzYK3a-g,Pero el video que hiciste es con el iphone pro max o no ? xd,4,2,2026-03-16 23:10:02+00:00,60,15,True
Ugx62XLq3w3OZ3VXYRx4AaABAg,Pmevin10nHs,UCmHtyt3gfkqMeeCPzYK3a-g,"Tengo el 14 pro y es una porquería , la batería se agota rápido",0,0,2026-03-17 00:16:51+00:00,63,14,False
UgzIG1g2DEV5JkmiSQx4AaABAg,Pmevin10nHs,UCmHtyt3gfkqMeeCPzYK3a-g,"El telefono para lo que vale, es una bestia y claro si se encuentra en buen estado y precio razonable, pero me dio mucha risa la notificacion de reddit",1,0,2026-03-17 02:03:30+00:00,151,29,False
UgyM4qhEebjOdNG-Xzx4AaABAg,Pmevin10nHs,UCmHtyt3gfkqMeeCPzYK3a-g,A día de hoy va muy sobrado en base a mi experiencia,0,0,2026-03-17 03:56:32+00:00,52,12,False
UgyFRGh7qm36f9iKcrB4AaABAg,Pmevin10nHs,UCmHtyt3gfkqMeeCPzYK3a-g,Alguien tiene algun link de este modelo en livepool lo quiero pedir ahi,0,0,2026-03-17 04:24:42+00:00,71,13,False
UgwAeZ3jAicg-s2YoDx4AaABAg,Pmevin10nHs,UCmHtyt3gfkqMeeCPzYK3a-g,apple cada sierto tiempo saca celulares buenos y 1 de ellos es el 15 que yo tengo el pro max y con la potencia que tiene me sirve pa todo en el dia a dia lo unico que podria ser con los actuales 17 es la bateria pero creo que el resto no notaran ninguna diferencia por eso pa actualizarlo podria esperarme a que salga el iphone que demore super poco en cargar y la bateria dure unos 2 dias a full como yo lo utilizo ahi recien lo cambiare porque la potencia de verdad en la actualidad es como que no se nota en nada porque igual depende mucho del internet que tengas ya que la potencia que tienen todos los celulares de gama media hacia arriba como que en la actualidad es mas que suficiente para el dia a dia,0,0,2026-03-17 15:32:26+00:00,709,142,False
UgwOlNaLRYV_xgFwRZV4AaABAg,Pmevin10nHs,UCmHtyt3gfkqMeeCPzYK3a-g,"Yo tengo un iPhone 15 Pro Max que empecé a usar desde nuevo en Abril del 2024, anda actualmente en 87% de batería, con 554 ciclos al día de hoy y me sigue funcionando perfectamente bien como el primer día, que sea de titanio es un golazo, sigue luciendo como nuevo. Es una lástima que los modelos actuales hayan decidido en retroceder al aluminio y es la razón por la cual no me pasé al 17 Pro Max. Mantengo la esperanza de que para el 18 Pro Max recapaciten y vuelvan al titanio, pero lo veo complicado.",0,2,2026-03-17 18:09:55+00:00,504,97,False
UgxaMu8Qnhn3wTtyx_p4AaABAg,Pmevin10nHs,UCmHtyt3gfkqMeeCPzYK3a-g,LLevo 3 meses con el 15 pro y 10/10,0,0,2026-03-17 22:35:16+00:00,35,9,False
UgyZESHuJ1GFiWpz0yF4AaABAg,Pmevin10nHs,UCmHtyt3gfkqMeeCPzYK3a-g,"En realidad el 15 Pro se parece más al 16 Pro, no así al 14 Pro nada que ver",0,0,2026-03-17 22:40:23+00:00,76,19,False
UgwYdwSWfhWsnyvuMf14AaABAg,Pmevin10nHs,UCmHtyt3gfkqMeeCPzYK3a-g,Es buen teléfono pero su batería puff 3 cargas tenía que darle si salía de casa si usaba datos móviles el teléfono moría de 100 a 0 en 4 horas 30 min o hasta menos,0,0,2026-03-16 06:38:42+00:00,163,35,False
UgyM_L7CRW1jdK__bLt4AaABAg,Pmevin10nHs,UCmHtyt3gfkqMeeCPzYK3a-g,"Seguro no lo cargas con el cargador de 40Watts, por eso te carga lento",1,0,2026-03-18 01:57:32+00:00,70,14,False
Ugw5WQSMQNCOqgkXzHh4AaABAg,Pmevin10nHs,UCmHtyt3gfkqMeeCPzYK3a-g,"Yo cambié mi 15 pro por un 16 pro max de 512 GB más 500 USD. Y pues el 15 pro estaba bien, pero la cámara de 16 pro me gustó más.",0,1,2026-03-16 03:15:45+00:00,129,32,False
Ugy0455sau9eAbkaDrR4AaABAg,Pmevin10nHs,UCmHtyt3gfkqMeeCPzYK3a-g,Viendo desde el 13 pro max ❤,0,0,2026-03-16 02:41:00+00:00,28,7,False
UgypyxzS7a6Zoiwgi7R4AaABAg,Pmevin10nHs,UCmHtyt3gfkqMeeCPzYK3a-g,En lo personal es genial porque es compacto y su bateria dura 2 dias con un uso de wsp y llamadas,4,1,2026-03-15 00:21:51+00:00,97,21,False
Ugx9b-X6sGSaXRhIPVx4AaABAg,Pmevin10nHs,UCmHtyt3gfkqMeeCPzYK3a-g,Ese es un alto telefonazo. Demasiado bueno para venir de Apple.,3,0,2026-03-15 00:54:31+00:00,63,11,False
UgzjE9A0Y_isEFN9Qyd4AaABAg,Pmevin10nHs,UCmHtyt3gfkqMeeCPzYK3a-g,0:29 la carga del telefono,14,2,2026-03-15 00:55:46+00:00,26,5,False
Ugz4HEjLnvZVRR0CYC14AaABAg,Pmevin10nHs,UCmHtyt3gfkqMeeCPzYK3a-g,"Ando con el 15 PM y es una maquina, no le envidia nada a modelos actuales",135,15,2026-03-15 01:04:28+00:00,73,16,False
UgzRcfHel77W2nV4J1F4AaABAg,Pmevin10nHs,UCmHtyt3gfkqMeeCPzYK3a-g,"Me lo compre hace dos días y ahora me salta este video, de una JAJAJA",94,7,2026-03-15 03:56:07+00:00,69,15,False
UgzAiuOqlx0wfg_JTex4AaABAg,Pmevin10nHs,UCmHtyt3gfkqMeeCPzYK3a-g,el bro esperaba la hora y carga perfecta para grabar,4,1,2026-03-15 05:03:59+00:00,52,10,False
UgzyzUUQ0RcDmo21hXR4AaABAg,Pmevin10nHs,UCmHtyt3gfkqMeeCPzYK3a-g,"Yo lo tengo , y es súper potente el iPhone , puede con todo … lo único malo es que se calienta mucho , cuando uno hace cosas más pro .. pero fuera de eso .. es un maquinon",25,5,2026-03-15 05:31:00+00:00,171,39,False
UgyJyEuj74sq3T7K07V4AaABAg,Pmevin10nHs,UCmHtyt3gfkqMeeCPzYK3a-g,"Lo tengo y es muy bueno, lo único malo es la batería que le dura poco.",12,5,2026-03-15 11:34:28+00:00,70,16,False
UgxAqAxzGaakE41qRd54AaABAg,Pmevin10nHs,UCmHtyt3gfkqMeeCPzYK3a-g,"Yo tenía el 14 pro de 100% , lo cuide como oro , pero desde la última actualización de iOS me quito 2% , incluso no me duraba nada la batería, hasta ""apagado me quitaba batería"" así que tuve que cambiarlo , casi compro este que era un lujazo pero justo conseguí el 16 pro y no me arrepiento, estuve a nada ..gran video",1,3,2026-03-15 13:19:27+00:00,318,64,False
Ugx-_uh03_sRc0EGboh4AaABAg,Pmevin10nHs,UCmHtyt3gfkqMeeCPzYK3a-g,"hola bro como va? muy buen video la verdad super bien explicado, actualmente cuento con el 15 pro max y la verdad es un verdadero tanque de los mejores que se puede comprar, nomas que para el proximo video quisiera que por favor compares este mismo modelo pero con el 17 pro max, para describir algunas diferencias y que me ayude tanto para mi como para las demas personas a realizar una buena eleccion y si convendria el cambio o directamente quedarse un tiempo mas, gracias saludos🙏🏻👋🏻👋🏻",1,0,2026-03-15 16:51:11+00:00,489,87,True
UgxAHjx4BAEU0VWgZz14AaABAg,Pmevin10nHs,UCmHtyt3gfkqMeeCPzYK3a-g,tengo un iPhone 15 ... pero quiero un pro.. me recomiendan el 15 pro o el 16 pro ? vale la pena gastar 150 dolares extras por un 16 pro,0,2,2026-03-15 16:55:30+00:00,135,30,True
UgwNnOgUJJO-HcTS-al4AaABAg,Pmevin10nHs,UCmHtyt3gfkqMeeCPzYK3a-g,"A muchos nos encantó más los dos cambios que a ti no, el cable permite conectar muchos otros accesorios, y tener el mismo cargador para tus otros dispositivos, y el material, bueno fueron unos de los pro y pro max mas livianos, el 14 aunque pueden ser solo 20 gramos se sienten demasiado pesados.",2,0,2026-03-15 17:51:03+00:00,296,54,False
UgycTUcN_5qJGtbOqOt4AaABAg,Pmevin10nHs,UCmHtyt3gfkqMeeCPzYK3a-g,Viéndolo desde mi 15 pro y con ios 26 es una máquina que se siente como usar un 17 o incluso un 17 pro; no tiene nada o casi nada que no ofrezcan los modelos más nuevos,3,1,2026-03-15 17:52:23+00:00,168,37,False
Ugw1_ZtfMy1Q1o6hcJd4AaABAg,Pmevin10nHs,UCmHtyt3gfkqMeeCPzYK3a-g,"Yo tengo el 15 pro Max hace dos años, pude cambiar a los 16 o 17 y no lo hice, por primera vez, un teléfono me deja conforme, es muy recomendable para el q no quiere gastar en el ultimo 😊👍🏻",1,0,2026-03-15 18:10:18+00:00,189,41,False
UgyEDgPOB04jLwvhSkh4AaABAg,Pmevin10nHs,UCmHtyt3gfkqMeeCPzYK3a-g,"yo me compre el 14 pro, fue buena compra? me salio en 520 dls, y tiene la pila al 95",0,1,2026-03-15 20:49:46+00:00,84,20,True
UgzCxEQNUH81_Ew2fLl4AaABAg,Pmevin10nHs,UCmHtyt3gfkqMeeCPzYK3a-g,"Tengo el 15 pro Max, para mí el mejor iPhone calidad precio del 2026",2,0,2026-03-16 01:54:59+00:00,68,14,False
UgxmiUT2HBthBAWtHVR4AaABAg,Pmevin10nHs,UCmHtyt3gfkqMeeCPzYK3a-g,"Yo detesto el efecto del true tone, hace que la pantalla se vea un poco rojiza y cambe los colores en interiores o lugares algo oscuros",2,0,2026-03-16 02:13:42+00:00,135,26,False
UgzUhlrfoqWqFthw3sZ4AaABAg,Pmevin10nHs,UCmHtyt3gfkqMeeCPzYK3a-g,Pasas el wall? Que estas usando,0,0,2026-03-16 02:43:27+00:00,31,6,True
UgwvDsNHHpbmApJRJEx4AaABAg,Pmevin10nHs,UCmHtyt3gfkqMeeCPzYK3a-g,Like solo por el mejor piloto de la historia en el fondo de pantalla,0,0,2026-03-18 02:19:06+00:00,68,14,False
UgzzUEgY-NgU8M2olQ14AaABAg,Pmevin10nHs,UCmHtyt3gfkqMeeCPzYK3a-g,Viendo desde mi humilde samsung a06 hasta llegar ese iphone 15 pro :c,12,0,2026-03-18 05:36:39+00:00,69,13,False
Ugw28y4QtPF6gWnV4k94AaABAg,Pmevin10nHs,UCmHtyt3gfkqMeeCPzYK3a-g,Como va a ser mejor el conector del iphone que el tipo C????? Estas mal,0,0,2026-03-18 10:10:13+00:00,71,15,True
UgwE06jNluJ8U6vmc9B4AaABAg,Pmevin10nHs,UCmHtyt3gfkqMeeCPzYK3a-g,La bateria es horrible,1,0,2026-04-08 03:28:19+00:00,22,4,False
Ugylpfxm8J13BOrj1ch4AaABAg,Pmevin10nHs,UCmHtyt3gfkqMeeCPzYK3a-g,"Yo había comprado por Amazon el Google Pixel 10 pro pero por algún motivo nunca se envió mi pedido estuvo atorado en esa parte 3 semanas!!! Lo cancele no se me hizo ningún cargo por cierto me agüite (me puse triste) pero vi en oferta el iPhone 15 pro lo compré, me llegó en 5 días!! Y ayjodesu la mejor compra de la fck vida!!!",1,0,2026-04-09 03:22:52+00:00,327,65,False
Ugx46utT6FXmMBINqyl4AaABAg,Pmevin10nHs,UCmHtyt3gfkqMeeCPzYK3a-g,Lo voy a comprar el 15 pro reacondicionado,0,0,2026-04-11 21:36:08+00:00,42,8,False
UgyvNL5LdgRkWpuaWmx4AaABAg,Pmevin10nHs,UCmHtyt3gfkqMeeCPzYK3a-g,Bro esa notificación del reddit,0,0,2026-04-12 05:41:32+00:00,31,5,False
Ugxn197gPtJgIloBNRB4AaABAg,Pmevin10nHs,UCmHtyt3gfkqMeeCPzYK3a-g,Bro cuánto le dura la bateria ?,0,0,2026-05-01 20:26:00+00:00,31,7,True
Ugy-nhGAW8iIZZB7Rih4AaABAg,Pmevin10nHs,UCmHtyt3gfkqMeeCPzYK3a-g,calienta mucho ese modelo,1,0,2026-05-16 22:18:31+00:00,25,4,False
Ugw8_vOr3YpeTpdfkJx4AaABAg,Pmevin10nHs,UCmHtyt3gfkqMeeCPzYK3a-g,El fondo de Senna en el 15 pro te quedó 10/10 🙌🏻💯,1,1,2026-05-16 23:46:57+00:00,49,12,False
Ugy-veMSDqmtII8QYQZ4AaABAg,Pmevin10nHs,UCmHtyt3gfkqMeeCPzYK3a-g,"Me quedo con el S23, y de ultima paso a un ihpone 17 pro que es el ultimo que salio. Este iphone tiene 3 años ya",0,0,2026-05-17 16:47:19+00:00,112,26,False
UgwSKtMj_FUWv38BTVx4AaABAg,Pmevin10nHs,UCmHtyt3gfkqMeeCPzYK3a-g,"estoy pensando en comprarme ese para mi próximo celular, siento que no es tan caro como el 16 o 17 y considerando que es un gama alta que tiene muy buenas especificaciones, Siento que el 15 pro sería perfecto para mí",0,0,2026-05-28 04:22:39+00:00,216,41,False
UgwK4hZGfAtx7bkeyWp4AaABAg,Pmevin10nHs,UCmHtyt3gfkqMeeCPzYK3a-g,"Mi vieja perdió el localsito de toda su vida en 2014, gobierno de Cristina Kirchner. Muchos la pasamos mal esos años de Cristina. Yo coincido con vos en que ahora estamos mucho peor, Milei es un espanto. Pero eso no la hace buena a Cristina. Fue un desastre CFK. Pasa que los que vinieron después fueron peores El único gran presidente que tuvo argentina es Juan Domingo Perón.",0,0,2026-06-12 15:32:44+00:00,377,68,False
UgwNvEEcvS7VkzfOZIR4AaABAg,Pmevin10nHs,UCmHtyt3gfkqMeeCPzYK3a-g,Es muy buen telefono,0,0,2026-06-17 05:49:46+00:00,20,4,False
Ugz37Ft7XmrdEsqiZfR4AaABAg,Pmevin10nHs,UCmHtyt3gfkqMeeCPzYK3a-g,"En el día de hoy, pase del iPhone 13 al iPhone 15 Pro y es una máquina",8,3,2026-06-20 02:53:34+00:00,70,17,False
Ugyao7LxRv7ss3PQBtx4AaABAg,Pmevin10nHs,UCmHtyt3gfkqMeeCPzYK3a-g,"Hay que ser bastante pelotudo para preferir el puerto Lightning sobre el USB-C . Velocidad de carga inferior, velocidad de transferencia inferior e incompatibilidad sobre el uso de cables cuando te moves en varios sitios.",0,0,2026-07-04 19:16:54+00:00,221,35,False
UgwO1vaaU-tF5ZdGLVt4AaABAg,Pmevin10nHs,UCmHtyt3gfkqMeeCPzYK3a-g,"hola, donde lo puedo comprar en argentina?",0,0,2026-07-11 20:07:43+00:00,42,7,True
UgxfXf_miig5lNx-jcp4AaABAg,Pmevin10nHs,UCmHtyt3gfkqMeeCPzYK3a-g,Es hermoso recién me lo compré sé que el iPhone 17 pro es una máquina pero la verdad no me gustaron para nada los últimos diseños,0,0,2026-08-06 15:41:11+00:00,129,26,False
Ugw7TCCee_nr1gXhztZ4AaABAg,Pmevin10nHs,UCmHtyt3gfkqMeeCPzYK3a-g,"Tengo el 15PR hace 2 años y es muy buen teléfono, estoy pensando cambiarme al 17PR para 2027. Saludos 👋🏽",0,0,2026-08-22 21:54:50+00:00,104,20,False
UgyAzjp4s88XClEzAaF4AaABAg,Pmevin10nHs,UCmHtyt3gfkqMeeCPzYK3a-g,"El iPhone 15 pro si tiene carga rápida si el cargador cuenta con una potencia de hasta 20 W. La carga es rápida hasta alcanzar el 80 %, y luego se carga lento si lo extiendes al 90 o 100 % para proteger la batería.",1,0,2026-08-25 08:33:34+00:00,214,45,False
UgzyqMv2yOhX0wFZoed4AaABAg,Pmevin10nHs,UCmHtyt3gfkqMeeCPzYK3a-g,La batería no dura nada,1,0,2026-04-05 04:31:51+00:00,23,5,False
UgzpvOVzyKm1eelD5I94AaABAg,Pmevin10nHs,UCmHtyt3gfkqMeeCPzYK3a-g,Yo tengo el 15 pro ya tengo 4 meses con el y estoy pensando cambiarme por el 17 normal siento que el 17 pro no vale la pena.,0,0,2026-04-05 00:18:00+00:00,124,28,False
UgzKXZe9YlMHHnaPA054AaABAg,Pmevin10nHs,UCmHtyt3gfkqMeeCPzYK3a-g,Siempre que sale un nuevo iPhone lo critican y pasa un tiempo y ya todos lo quieren tener 🤔,1,1,2026-04-04 23:01:52+00:00,91,19,False
UgwkKWWU6HzUsqLKIap4AaABAg,Pmevin10nHs,UCmHtyt3gfkqMeeCPzYK3a-g,Cual recomiendan 15 pro o 14 pro?,0,0,2026-04-04 15:10:56+00:00,33,7,True
UgxLC8Utp6O_aveN8xV4AaABAg,Pmevin10nHs,UCmHtyt3gfkqMeeCPzYK3a-g,"Gente si pueden o compren el 16 Pro o el 15 Pro Max, lo tengo y lo único que me molesta es que se calienta muchoooo pero muchoooooo aparte que vivo en un país tropical 🏝️🇩🇴 que es República Dominicana aparte que la batería no le dura nada los primeros días si ya luego olvídate 😅",0,0,2026-03-18 11:46:18+00:00,279,56,False
UgyAE2GRLuBP6EYT5R94AaABAg,Pmevin10nHs,UCmHtyt3gfkqMeeCPzYK3a-g,Lo tengo y alto celu la papá,0,0,2026-03-18 12:19:49+00:00,28,7,False
Ugwsb-pMf7eDA0osdFN4AaABAg,Pmevin10nHs,UCmHtyt3gfkqMeeCPzYK3a-g,Uy no que review tan lame 🍎,0,0,2026-03-18 17:30:07+00:00,27,7,False
UgwPTF68xntVjAI4hxR4AaABAg,Pmevin10nHs,UCmHtyt3gfkqMeeCPzYK3a-g,Yo viendo desde mi 15P,0,0,2026-03-18 20:06:34+00:00,22,5,False
Ugx5E-Ie8L93OYQ3zK94AaABAg,Pmevin10nHs,UCmHtyt3gfkqMeeCPzYK3a-g,Llevo con el desde que salio y no se por que pero cuando uso ahorro de bateria se vuelve lento y no dan ganas de usarlo mas jajajaj,0,0,2026-03-18 20:06:36+00:00,131,28,False
UgwQ8N0STGLm_HXuHmV4AaABAg,Pmevin10nHs,UCmHtyt3gfkqMeeCPzYK3a-g,yo con mi 14 pro es una maquina,0,0,2026-03-19 04:48:30+00:00,31,8,False
UgzGnhf3YjPYrUtYvHh4AaABAg,Pmevin10nHs,UCmHtyt3gfkqMeeCPzYK3a-g,"Yo tengo el 15 pro y la verdad la batería si siento que quedó a deber, vengo de un 12 pro y la diferencia es muy poca, no sé si salió defectuoso pero si me agüitó 😔",0,0,2026-03-19 05:18:27+00:00,164,37,False
UgzMC0qSz-2oHUCC7kV4AaABAg,Pmevin10nHs,UCmHtyt3gfkqMeeCPzYK3a-g,y esa notificacion de reddit? ajajjaj,0,0,2026-03-19 13:43:49+00:00,37,6,True
UgzIGy443qPxt9Z3Cux4AaABAg,Pmevin10nHs,UCmHtyt3gfkqMeeCPzYK3a-g,yo estoy por comprarme un 15 pro ya entrada la segunda mitad de 2026 y pues estoy entusiasmada uwu ojalá sea lo que espero,0,0,2026-09-11 01:08:41+00:00,122,24,False
Ugw1HMRs-i5EgRL9Yg14AaABAg,Pmevin10nHs,UCmHtyt3gfkqMeeCPzYK3a-g,Es buena máquina pero se agota rápido la batería y se calienta un 🥚,1,0,2026-03-19 16:38:09+00:00,67,14,False
Ugw5m-K9PXPl2Zt2Rd94AaABAg,Pmevin10nHs,UCmHtyt3gfkqMeeCPzYK3a-g,"Ese no es el 15 pro, el que estás analizando es el 16 pro. El 15 pro no tiene el botón de cámara y el que tienes en las manos si lo tiene",0,0,2026-03-23 17:11:41+00:00,137,33,False
UgwXJnS0I0r5EI6Q-GZ4AaABAg,Pmevin10nHs,UCmHtyt3gfkqMeeCPzYK3a-g,"Yo llevo dos años con él lo compré justo cuando salió y siguió trabajando excelente hasta que hice válido el Apple care solo por que ya se iba a vencer y me dieron uno nuevecito . En dos años la pila llegó a 89% de vida y seguía durando bien , y carga muy rápido, las cámaras nunca de rayaron y la pantalla solo se rayó pero por un pisotón de gato de ahí en fuera nada le hizo daño y en esos dos años nunca tuvo funda",0,0,2026-03-24 23:19:10+00:00,417,88,False
UgxmzE5Q47U2L1Ic6lJ4AaABAg,Pmevin10nHs,UCmHtyt3gfkqMeeCPzYK3a-g,"Justo estaba buscando cual iphone comprar para empezar, no he tenido iPhone y quiero experimentar su ecosistemas de Apple",4,0,2026-03-25 01:45:58+00:00,121,19,False
UgwIPABj7u1Nmb1m_i94AaABAg,Pmevin10nHs,UCmHtyt3gfkqMeeCPzYK3a-g,Yo lo tengo Lo único que no me gusta es el procesado automático que le da a las fotos después de tomadas Le pone sombras en automático muy agresivos,0,0,2026-03-25 13:14:17+00:00,148,29,False
UgzXhxs2qolRCD1Zz3J4AaABAg,Pmevin10nHs,UCmHtyt3gfkqMeeCPzYK3a-g,"lo tengo más de un año y lo amo pero si pueden vayan por la versión max, mejor batería y más zoom",0,0,2026-03-27 19:02:32+00:00,97,22,False
UgxCpjx9oojw3kcBn8N4AaABAg,Pmevin10nHs,UCmHtyt3gfkqMeeCPzYK3a-g,Que tan cierto es que ese iPhone es de los modelos que más problemas tiene de sobrecalentamiento,0,1,2026-03-29 17:38:12+00:00,96,17,False
UgwhRelfWrRniCngvbx4AaABAg,Pmevin10nHs,UCmHtyt3gfkqMeeCPzYK3a-g,"Yo tuve el 15 Pro Max durante 2 meses, demasiado bello y bueno, pero para jugar se calienta mucho; lo vendí y hace 1 semana me cambié a un 16 Pro Max,",0,2,2026-03-30 13:01:34+00:00,150,32,False
Ugx_TXVeD9eOK5lCAJ94AaABAg,Pmevin10nHs,UCmHtyt3gfkqMeeCPzYK3a-g,"Los iPhone no volvieron exactamente por capricho, sino por una combinación de costos, diseño y uso real. La construcción en cuerpo de aluminios es mas facil y menos costosos y disipa mejor el calor , y en temas de señal es mas amigable, pero es cierto que el titanio le da otra sensación, pero no es algo que tampoco sea para hacer dramas. Saludos",0,0,2026-03-30 19:46:38+00:00,347,64,False
UgxNfyMPcDaKZCylN794AaABAg,Pmevin10nHs,UCmHtyt3gfkqMeeCPzYK3a-g,"Tengo el 11, que me recomiendan? 13/14 Pro Max o 15 Pro?",0,0,2026-03-21 01:30:44+00:00,56,12,True
UgyFM6iCEQmmYnveoDF4AaABAg,hU8_nRBf0Pc,UC8IPcF4sxZt1TCs7la4EYtw,no es recomendable? en si creo q es mejor el 14 pro max,0,0,2025-05-31 00:23:14+00:00,55,13,True
Ugz-WvgL4P6aMaVcUId4AaABAg,hU8_nRBf0Pc,UC8IPcF4sxZt1TCs7la4EYtw,¿¿¿256 GB alcanzan bien en el Pro Max????,2,0,2024-06-14 19:13:37+00:00,41,8,True
UgzmVcXrgayPqVlJ1l54AaABAg,hU8_nRBf0Pc,UC8IPcF4sxZt1TCs7la4EYtw,Este man esta trabado jajaja despues del 13 pro max este a sido el mejor payaso,0,0,2026-05-12 21:18:44+00:00,79,16,False
Ugzv0BA5nwXBq4yVK114AaABAg,hU8_nRBf0Pc,UC8IPcF4sxZt1TCs7la4EYtw,"Es un pecao, sólo marca.",0,0,2024-07-31 03:50:31+00:00,24,5,False
Ugw1EISJ225hhtfPGSF4AaABAg,hU8_nRBf0Pc,UC8IPcF4sxZt1TCs7la4EYtw,Objetivo? Se rompen facil pero te meto anuncios de fundas jajajajaja next,0,1,2024-08-03 10:03:17+00:00,73,12,True
Ugx21Q6zJI_5ZUIJFNN4AaABAg,hU8_nRBf0Pc,UC8IPcF4sxZt1TCs7la4EYtw,Me quedo con el 13 pro Max hasta hasta que no se actualice más así como lo hice con el Samsung s9 que mueren es por falta de actualización y los vuelven lentos para prácticamente que compremos celulares nuevos y así dicen que cuidar el medio ambiente 🤣🤣👹👹💩💩💵💵💵💵,0,0,2024-08-17 12:18:47+00:00,261,48,False
UgxbvIjqgEZXyOb9Jyl4AaABAg,hU8_nRBf0Pc,UC8IPcF4sxZt1TCs7la4EYtw,Yo me había Comprado Un iPhone 15 pro Max hace unos días Y no me había dado cuenta que este teléfono en la que estoy Escribiendo Ahora mismo es simplemente Increíble,0,0,2024-08-18 20:03:43+00:00,165,31,False
UgxAMkQzU1m1Ej-IKp54AaABAg,hU8_nRBf0Pc,UC8IPcF4sxZt1TCs7la4EYtw,"acabo de comprar mi primer iphno, este.. entonces perdi mi dinero y mejor me hubiera ahorrado la mitad de mi dinero comprando un 14 pro max 256gb?",0,0,2024-08-23 17:39:08+00:00,146,27,True
UgzVec4wHzhO5gtfPtZ4AaABAg,hU8_nRBf0Pc,UC8IPcF4sxZt1TCs7la4EYtw,Me quedo con iPhone 14,0,0,2024-08-23 22:02:10+00:00,22,5,False
Ugy3yz3x9T63Vbdeb9t4AaABAg,hU8_nRBf0Pc,UC8IPcF4sxZt1TCs7la4EYtw,Hacer un video solo pensando en hacer publicidad. Primer y último video de este canal. Saludos !,0,0,2024-08-23 23:51:46+00:00,96,17,False
Ugw8H-qXRQVzwRIylkZ4AaABAg,hU8_nRBf0Pc,UC8IPcF4sxZt1TCs7la4EYtw,"Luego de ver mi iPhone 14 Pro Max de 1TB, romperse como figurita de lego, el irme por el 15 Pro Max se siente como lanzarme por el mismo precipicio pero sin paracaídas 🥲",0,1,2024-07-27 14:52:07+00:00,169,34,False
UgxJyePPdlSGyQZV7Cd4AaABAg,hU8_nRBf0Pc,UC8IPcF4sxZt1TCs7la4EYtw,"Oh wow 🫢 no les entiendo, Apple viene sacando el mismo diseño del iPhone 11, 12, 13, 14 y ahora 15 Pro Max y lo mismo vendrá el 16 Pro Max, les cambian el Chip que es “más rápido y más potente” pero en segundos nada más 🤨 les cambian la posición a las cámaras y los colores 🤭👍🏻 te venden la misma 💩 más cara nada más!!! Yo uso iPhone 📱 pero no me voy por modelo tan caros, es tirar tu siendo por algo más barato que hará lo mismo que eso 🤣 !!!",0,0,2024-08-24 04:49:18+00:00,443,96,False
UgymiHbb-x8c-lTJPxp4AaABAg,hU8_nRBf0Pc,UC8IPcF4sxZt1TCs7la4EYtw,El iphone es tan malo tan malo…. Que chiaomin….samnsnug… y demas….le copian la forma….y hasta imitan sus carcasas para que la gente se sienta mas “cool”… cuando la diferencia entre ambos…en algunos casos sean de 100€…,0,0,2024-08-27 13:16:08+00:00,217,36,False
UgwDZAeOShTAW5fbDHV4AaABAg,hU8_nRBf0Pc,UC8IPcF4sxZt1TCs7la4EYtw,No puedes decir que eres objetivo si al final promocionas accesorios de tu patrocinador.,0,1,2024-08-27 18:32:23+00:00,88,14,False
Ugwros1oNnM93qo4iFB4AaABAg,hU8_nRBf0Pc,UC8IPcF4sxZt1TCs7la4EYtw,"Antes de comprar mi IPhone 15 Pro Max me ví este video, y ahora doy fe de que es un excelente teléfono y más si se usa para video y fotografía, en mi canal Diego acosta clips dejé un video tomado con el IPhone sin editar.",0,0,2024-08-28 14:09:50+00:00,221,46,False
UgxJl2-ONuRN3AEf-3t4AaABAg,hU8_nRBf0Pc,UC8IPcF4sxZt1TCs7la4EYtw,Tu opinión a Apple le importa un 🥚,0,1,2024-08-30 01:51:15+00:00,34,8,False
UgyPDsg9zxSNjK7e-Ih4AaABAg,hU8_nRBf0Pc,UC8IPcF4sxZt1TCs7la4EYtw,Todo bien pero entre más habla de lo delicado que es más me preocupo hasta que veo que su video es patrocinado por una marca de carcasas para iPhone 😮,0,0,2024-08-31 18:45:31+00:00,150,30,False
UgybX4llmaMfWvSa4Bx4AaABAg,hU8_nRBf0Pc,UC8IPcF4sxZt1TCs7la4EYtw,"Me lo he comprado porque no restringe las capacidades de la cámara al usarla en una aplicación de terceros, cosa que Android sí hace. Por ejemplo para los estabilizadores DJI, no se puede grabar a 4K/60FPS usando la app DJI Mimo.",0,0,2024-09-03 18:26:17+00:00,229,41,False
UgxIBuwg5nrhMO8dZ3l4AaABAg,hU8_nRBf0Pc,UC8IPcF4sxZt1TCs7la4EYtw,"me quería comprar el 12 pro max pero al final decidí ir por este por 2 cosas en concreto: La primera es que tiene carga usb-c y me resulta mas comoda y facil a la hora de comprar un nuevo cargador o pedir uno prestado cuando no estoy en mi casa. Y lo segundo es por las actualizaciones de iOS, cuando pasen algunos años más el iPhone 12 ya no recibirá actualizaciones y estará mas lento con la ultima actualización en la que esté y la verdad quiero un celular que me dure",0,0,2024-09-10 00:50:57+00:00,471,93,False
Ugxl4j2JYi-fUnV-Ts14AaABAg,hU8_nRBf0Pc,UC8IPcF4sxZt1TCs7la4EYtw,"Antes de ir con los de Topes de Gama, le presto mucha atención a este Señor Conocedor . y posiblemente prefiera siempre ir con la línea Android",0,0,2024-08-27 02:34:09+00:00,143,27,False
UgwkiIFl1R69r8BzVbN4AaABAg,hU8_nRBf0Pc,UC8IPcF4sxZt1TCs7la4EYtw,No me gusta tus reacciones se ve que eres muy arrogante,0,0,2024-09-10 01:10:51+00:00,55,11,False
UgzFmr36TMajPJkhR954AaABAg,hU8_nRBf0Pc,UC8IPcF4sxZt1TCs7la4EYtw,"😂😂iPhone definitivamente,,NO vale lo que $$cuesta😂😂(esa marca es muy mala)😂😂",0,0,2024-07-24 04:57:40+00:00,76,10,False
UgztOsnd2Dp9IDtmBpd4AaABAg,hU8_nRBf0Pc,UC8IPcF4sxZt1TCs7la4EYtw,Entonces es mejor el 14 pro max?,0,0,2024-07-22 11:56:48+00:00,32,7,True
UgyLh1neXm6y28-N5BN4AaABAg,hU8_nRBf0Pc,UC8IPcF4sxZt1TCs7la4EYtw,"ver reseñas de telefonos antiguos es extraño, conforme mas avanzas en el tiempo ves como la gente habla de novedades que ya son antiguas",0,0,2026-09-26 00:13:06+00:00,136,24,False
UgwzUEgIfQWPuvM04XN4AaABAg,hU8_nRBf0Pc,UC8IPcF4sxZt1TCs7la4EYtw,Entonces es mejor cual? 15 pro max? O 14 pro máx?,0,0,2024-06-13 05:28:53+00:00,49,11,True
UgyvI_EZnct1u6tJuv94AaABAg,hU8_nRBf0Pc,UC8IPcF4sxZt1TCs7la4EYtw,Estoy esperando el 16 pro max o continuo con android samsung s24,0,0,2024-06-18 10:05:20+00:00,64,12,False
UgyNkacBekxboLEHrWp4AaABAg,hU8_nRBf0Pc,UC8IPcF4sxZt1TCs7la4EYtw,"eres hater de iPhone , lo se 😡😡😡, se nota que te han soltado mucha pasta para que sueltes tremenda rajada 😡😡😡😡😡🤬🤬🤬",0,0,2024-06-19 11:31:07+00:00,114,22,False
UgyWe-pksEPRDwDdzM94AaABAg,hU8_nRBf0Pc,UC8IPcF4sxZt1TCs7la4EYtw,"Creo que estás totalmente equivocado, según el uso que cada usuario le de, es distinta la percepción.",0,0,2024-06-20 03:27:13+00:00,101,17,False
Ugyimiv0kyW5Gvcw6gV4AaABAg,hU8_nRBf0Pc,UC8IPcF4sxZt1TCs7la4EYtw,"Crack, que celular me recomiendas comprar?",0,0,2024-06-28 05:24:45+00:00,42,6,True
UgzcvQ6g2LCNMvMk0vt4AaABAg,hU8_nRBf0Pc,UC8IPcF4sxZt1TCs7la4EYtw,Tenía un iPhone 13 mini y me pasé a un IPhone 15 pro Max y la verdad sino fuera por la cámara me hubiera quedado con mi mini de resto es igual,0,0,2024-07-02 15:14:18+00:00,142,32,False
UgwwZCglN_AzIVS05qZ4AaABAg,hU8_nRBf0Pc,UC8IPcF4sxZt1TCs7la4EYtw,Pero los protectores de Apple tienen garantía hasta si se te sale el color te las cambias las veces que quieras 😂,0,0,2024-07-22 16:49:10+00:00,113,22,False
Ugzge1DfE0WqN18jc854AaABAg,hU8_nRBf0Pc,UC8IPcF4sxZt1TCs7la4EYtw,La última parte del video hizo que me suscribiera 😂,0,0,2024-07-04 12:15:18+00:00,51,10,False
UgyY45IOfPIkLZzOW414AaABAg,hU8_nRBf0Pc,UC8IPcF4sxZt1TCs7la4EYtw,"Económicamente me empezó a ir mejor y decidí comprarme este iPhone pues me decían que para.mi negocio me ayudaría más.que Android, jaja lo bueno lo compré en mercado libre y pude regresarlo sin problemas dirán que son un ignorante de esta. Marca pero no es así La verdad no es nada práctico solo es para las fotos",0,0,2024-07-08 04:35:15+00:00,313,57,False
UgxbQX3xXGYO0wJ6tcF4AaABAg,hU8_nRBf0Pc,UC8IPcF4sxZt1TCs7la4EYtw,Aprende a hacer videos,0,0,2024-07-08 23:02:28+00:00,22,4,False
UgxgZdivIWzECjR1FxJ4AaABAg,hU8_nRBf0Pc,UC8IPcF4sxZt1TCs7la4EYtw,"Buena publicidad de protectores, casi no lo sentí",0,0,2024-07-12 05:55:46+00:00,49,8,False
UgwwC4yWKJjY_gvoM_B4AaABAg,hU8_nRBf0Pc,UC8IPcF4sxZt1TCs7la4EYtw,"Todos quieren el iPhone para presumirlo en instagram y sacarse fotitos mostrando el teléfono,piensan que así tienen mayor status social.",1,3,2024-07-13 13:22:12+00:00,136,20,False
UgwerTCWTjK70K4m7pF4AaABAg,hU8_nRBf0Pc,UC8IPcF4sxZt1TCs7la4EYtw,"Es buen teléfono a secas, de la batería estoy medio decepcionado porque yo pensaría que duraría más que otras generaciones pero no.",0,0,2024-07-14 19:05:08+00:00,131,22,False
Ugw4B57fL9EY9zb5GPJ4AaABAg,hU8_nRBf0Pc,UC8IPcF4sxZt1TCs7la4EYtw,Estoy decepcionado de Apple 15 pro Max cuando s24 ultra lo deja de calle por mucho,0,0,2024-07-20 13:20:17+00:00,82,16,False
Ugz_h7QjznZdd6TjmW94AaABAg,hU8_nRBf0Pc,UC8IPcF4sxZt1TCs7la4EYtw,El celular más malo y horrible del mundo 😢,0,0,2024-07-21 19:26:28+00:00,42,9,False
UgxpP_untUyEAYZIfzx4AaABAg,hU8_nRBf0Pc,UC8IPcF4sxZt1TCs7la4EYtw,"Si tienen el mismo sensor en la camara el 14 pro max, y 15 pro max por que se graba mejor video en el 15?",0,0,2024-07-05 03:08:10+00:00,105,25,True
UgwBYrQTsimKUHzWELV4AaABAg,hU8_nRBf0Pc,UC8IPcF4sxZt1TCs7la4EYtw,No entiendo dice pro max y hablas del pro 😅,7,3,2024-09-11 04:05:29+00:00,43,10,False
Ugz3PyHvRafMHAgbOQd4AaABAg,hU8_nRBf0Pc,UC8IPcF4sxZt1TCs7la4EYtw,Bro lo que no sabes es que el procesador del iphone 15 pro max es una bestia y puede correr juegos de ps5 evidentemente con un procesador potente se va calentar mas y mas consumo de energia,0,1,2024-07-24 16:04:54+00:00,189,37,False
UgzuHCCP9tGYQYkTlIB4AaABAg,hU8_nRBf0Pc,UC8IPcF4sxZt1TCs7la4EYtw,"Me compré hace unos días este iPhone, mi consulta es tengo con chip claro, pero puedo agregarle un esim Movistar y así tener 2 lineas …. En fin 2 lineas y 2 wasap ?",0,0,2024-09-15 19:02:15+00:00,164,34,True
UgwSMUUthksoQ425kv14AaABAg,hU8_nRBf0Pc,UC8IPcF4sxZt1TCs7la4EYtw,"Un año después , he comprado el 15 pro y está más optimizado. Juego Cod mobile a full resolución y es súper fluido y no se calienta casi nada . Pensé en comprarme el 14 pro Max pero solo constaba $150 menos , además venía de ser usuario de pixel 7 pro,me ha costado adaptarme a la experiencia IOSpero allí vamos",1,0,2025-05-03 17:54:57+00:00,311,61,False
UgyvYh0WyC_5i7bNx1l4AaABAg,hU8_nRBf0Pc,UC8IPcF4sxZt1TCs7la4EYtw,La mayoría de personas en los Iphones sé quejan mayormente por su batería porqué su resistencia también es bien frágil y aparte mucho sé recalienta pero sí mejorarían todo lo mencionado Iphone totalmente pasaría ser de los mejores celulares en todo aspecto sin tener ningún imperfección en nada,0,0,2025-05-06 23:12:40+00:00,294,48,False
UgzIosAQVql4OryNG9t4AaABAg,hU8_nRBf0Pc,UC8IPcF4sxZt1TCs7la4EYtw,"Hola, gracias por la info. Si pienso comprarme mi primer Iphone, me recomiendan este modelo? Tomar en cuenta que el ueso va a ser para trabajo, crear contenido, revisar documentos,no videojuegos pero si full fotos, videos, google sheets, meet",0,0,2025-05-13 15:51:18+00:00,242,39,True
UgwrnowJG7glkfZFKPR4AaABAg,hU8_nRBf0Pc,UC8IPcF4sxZt1TCs7la4EYtw,Ola buenas aca desde 🇨🇱 me quede con una duda hablas del pro max en una parte pero en otras del pro no quede claro….muy imparciales tus comentarios muy bueno buenisimo saludos,0,0,2025-05-21 17:28:00+00:00,175,32,False
UgyBdO0EskCkUEv62Ql4AaABAg,hU8_nRBf0Pc,UC8IPcF4sxZt1TCs7la4EYtw,Bonito diseño? Jajaja están biën h0rrendos,0,0,2025-05-27 14:06:18+00:00,42,6,True
UgwEB_xzGgwkEBpCp4l4AaABAg,hU8_nRBf0Pc,UC8IPcF4sxZt1TCs7la4EYtw,"Yo no soy creadora de contenido solo uno el móvil para la vida cotidiana pero no cambiaría el iPhone por otra marca, ahora estoy con el 13 pero estoy contenta",1,0,2025-06-06 14:24:11+00:00,158,30,False
Ugx-xTqUjqyCZdVSBUZ4AaABAg,hU8_nRBf0Pc,UC8IPcF4sxZt1TCs7la4EYtw,"Soy un suario android queriendo mudarse a iPhone, gracias por la honestidad",0,0,2025-07-29 13:15:06+00:00,75,12,False
UgxqJRKpjpC8ZxOwxgt4AaABAg,hU8_nRBf0Pc,UC8IPcF4sxZt1TCs7la4EYtw,Yo viéndolo desde el mismo dispositivo 😢,2,1,2025-09-01 16:40:51+00:00,40,7,False
UgxU33ZUWi5inGFwrLF4AaABAg,hU8_nRBf0Pc,UC8IPcF4sxZt1TCs7la4EYtw,Donde compro uno lentes como esos?,0,0,2025-09-16 10:07:13+00:00,34,6,True
UgzuV-U7-IWE02hvZ7p4AaABAg,hU8_nRBf0Pc,UC8IPcF4sxZt1TCs7la4EYtw,"Gracias, estuve pensando en comprar lo. Sigo con mi Motorola",0,0,2025-09-25 05:17:09+00:00,60,10,False
UgxEO8XhvFzJE9WQ7vd4AaABAg,hU8_nRBf0Pc,UC8IPcF4sxZt1TCs7la4EYtw,Nmms y yo lo compre apenas,1,0,2025-09-29 03:22:27+00:00,26,6,False
Ugy2HxtSYQG5H0GlJjt4AaABAg,hU8_nRBf0Pc,UC8IPcF4sxZt1TCs7la4EYtw,"si no eres un experto tu opinión no vale nada .eres ingeniero , programador o electrónico etc. no creo por lo tanto en vez de comentar sandeces mejora tu imagen al menos peinate el cabello por que la imagen es la que cuenta de la calidad de persona que eres.",0,0,2025-10-16 01:19:58+00:00,258,50,False
UgyQ7Qp8aNcowH6G6Od4AaABAg,hU8_nRBf0Pc,UC8IPcF4sxZt1TCs7la4EYtw,"Mi hermano le acaba de regalar este a mi mamá, nada más cuando estaba pasando los datos del android al iPhone, estaba hirviendo, o sea, wtf xdd",0,0,2025-11-14 02:19:28+00:00,143,27,False
Ugx-6t8p4FWw1amqwNZ4AaABAg,hU8_nRBf0Pc,UC8IPcF4sxZt1TCs7la4EYtw,"Se calienta en exceso, es una tostadora andante. El primer año la batería te va a durar más de un día tranquilamente, posterior a ello ya decrece y significativamente. Hoy la tengo con batería condición 86% y la batería llega al día con bastante esfuerzo. No es un mal equipo, la calidad fotográfica es buena y la de vîdeo es mucho mejor. Es mi primera experiencia con Apple pero siento que puede ser mejor. Gracias por plasmar esto, se valora la sinceridad.",0,0,2025-12-08 16:27:55+00:00,458,82,False
UgyOu44kbblBeeL9ZWx4AaABAg,hU8_nRBf0Pc,UC8IPcF4sxZt1TCs7la4EYtw,"este tipo siempre dice que todos los celulares son decepciones , se me hace que tiene un trauma",0,0,2026-04-11 17:59:30+00:00,95,18,False
UgzupJ_fDeSZuHzqxBN4AaABAg,hU8_nRBf0Pc,UC8IPcF4sxZt1TCs7la4EYtw,"La pregunta es, te gusta algún celular?",0,0,2024-09-14 12:15:44+00:00,39,7,True
UgzHNzFZGAm6wtGIaHl4AaABAg,hU8_nRBf0Pc,UC8IPcF4sxZt1TCs7la4EYtw,Opinión basada para venderte protectores,0,0,2026-04-14 13:45:45+00:00,40,5,False
UgxOCL1geg-JuIDjZ6p4AaABAg,hU8_nRBf0Pc,UC8IPcF4sxZt1TCs7la4EYtw,"Hola mi bro ❤ buen video, una duda hoy en pleno 2025 se solucionó el tema del calentamiento en los iPhone 15, como tú lo mencionas pues estoy pensando en comprarme un 15pro.",0,0,2025-04-22 05:11:56+00:00,173,33,False
UgyscNY9gWh5WllBMD94AaABAg,hU8_nRBf0Pc,UC8IPcF4sxZt1TCs7la4EYtw,"Una consulta estimado, yo toda la vida sólo he utilizado celulares con sistema Android; sin embargo últimamente he estado considerando bastante adquirir un iPhone exclusivamente para grabar videos para posteriormente subirlos a YouTube, y no cómo teléfono personal. Naturalmente tengo muchas dudas, no sé si vale o no la pena, en mi cabeza está el pensamiento ¿compro un iPhone por la calidad en sus videos? ¿Cuál será la mejor opción para mí? ¿O mejor adquiero un celular Android que grabe con la misma calidad que un iPhone y de paso que también sea mi celular personal? ¿Qué me puede recomendar...?",0,0,2025-04-19 13:18:33+00:00,601,100,True
UgzJUM7rCUVvb5AC0-l4AaABAg,hU8_nRBf0Pc,UC8IPcF4sxZt1TCs7la4EYtw,Lo del calentamiento es jidedera de los usuarios android que amdan pendiente ma de iphine en ves de comprar su gama alta de zansung que ni los miran de verdad no los compran jajaja y la mayoria son personas que usan gama baja y media jajajaj dan es risa,0,0,2025-07-09 04:21:12+00:00,253,49,False
UgzqqMTbW4GYWIjeCDt4AaABAg,hU8_nRBf0Pc,UC8IPcF4sxZt1TCs7la4EYtw,Lo estoy viendo con el iPhone 15 pro Max xd😂😂❤,1,0,2025-03-28 20:20:39+00:00,46,10,False
UgzAAAsosG-0P9vG_Zl4AaABAg,hU8_nRBf0Pc,UC8IPcF4sxZt1TCs7la4EYtw,Solo te quejas para llamar la atención!!,0,0,2024-09-17 10:59:41+00:00,40,7,False
UgwzEFho7TGRD-eVVJV4AaABAg,hU8_nRBf0Pc,UC8IPcF4sxZt1TCs7la4EYtw,"La verdad que un ańo después sigue pintando mal, innovación escasa diseńo perpetuo…Cambio el 14 al 16 por capacidad, al nuevo botón del 16 podían haber dejado un hueco para meter un palillo o dos 😉",0,0,2024-10-16 18:32:53+00:00,197,36,False
Ugz0U4tALqfCiGc8p-F4AaABAg,hU8_nRBf0Pc,UC8IPcF4sxZt1TCs7la4EYtw,"Entonces, es mejor el modelo iPhone 15 básico?",0,0,2024-10-18 01:30:40+00:00,46,8,True
UgyB7QeIzllc2AIZFft4AaABAg,hU8_nRBf0Pc,UC8IPcF4sxZt1TCs7la4EYtw,"No entiendo, dice es la peor decepción y al instante dice q si vale la pena y q es uno de los mejores entonces sirve o no sirve ese iPhone 15 compa, así sin tanta mamada",2,1,2024-10-22 05:25:04+00:00,169,36,False
UgzQq5E2huvUzvtAhSx4AaABAg,hU8_nRBf0Pc,UC8IPcF4sxZt1TCs7la4EYtw,"Es mi primera vez con Apple y no sabía con cuál irme, tengo este desde hace medio mes y estoy encantada, súper fluido, diseño y cámaras muy buenas, personalmente no siento el calentamiento del que hablan (ni siquiera cuando lo pongo a cargar, que me parece un calentamiento que casi todos los teléfonos tienen). Espero que no llegue a quebrarse tan fácil como en los videos y dure un montón por el precio en el que aún se consigue 😅",0,0,2024-11-14 21:45:14+00:00,432,80,False
Ugw2Fc5tda34RCoE5C54AaABAg,hU8_nRBf0Pc,UC8IPcF4sxZt1TCs7la4EYtw,Voy a comprar un celular (tengo un iPhone 7) Estoy dudando entre el s24 ultra o el iPhone 15 pro o pro max ambos con medio tera de almacenamiento ¿Cuál me recomendarían?,0,0,2024-11-18 03:37:15+00:00,169,32,True
UgxLRstqzwacbvbz3bl4AaABAg,hU8_nRBf0Pc,UC8IPcF4sxZt1TCs7la4EYtw,"Resentido porque no lo invitan a los eventos Apple Jajja se nota. Lo del cable en la caja de 2.0 te doy la derecha como también el cargador tendrían que traer. Pero lo demás q pese menos es un avance, porque no lo hace más débil para eso compras una funda si o si en todos los celulares. Luego en cámaras, batería es lo mejor y bueno entonces no es ninguna decepción amigo. Y calienta menos q el 14 osea te estás contradiciendo. Habla bien parece q tenes algún problema al pronunciar las palabras, no sos cool hablando así, al contrario quedas como un tonto 🤷🏻‍♂️",0,0,2024-11-20 05:46:42+00:00,563,106,False
UgznFFwCOe1qn4zSHRZ4AaABAg,hU8_nRBf0Pc,UC8IPcF4sxZt1TCs7la4EYtw,Que brutos son los de estados unidos se creen los unicos en el mundo pero nooo,0,0,2024-11-22 21:52:31+00:00,78,16,False
Ugzya_r0oxhI97etiR54AaABAg,hU8_nRBf0Pc,UC8IPcF4sxZt1TCs7la4EYtw,Mis aiphones 13 se calienta mucho en tan solo una llamada y también en msj d texto,0,0,2024-10-04 02:20:24+00:00,82,17,False
Ugxc_NucULm0fve51QJ4AaABAg,hU8_nRBf0Pc,UC8IPcF4sxZt1TCs7la4EYtw,Min 4:03 he tenido equipos nacionales y americanos de Apple pensé que solo era una idea mía pero ahora creo un poco más que los equipos americanos tienen estándares más altos de fabricación y calidad y dirán pero los fabrica la misma empresa todas sus piezas son iguales y si así es pero bueno para rápido no es lo mismo construir una casa con tabiques que con tabicon,3,1,2025-01-09 16:08:57+00:00,368,68,False
UgzXWpx5sRochUQ12894AaABAg,hU8_nRBf0Pc,UC8IPcF4sxZt1TCs7la4EYtw,A mi no me a ido nada bien mi teléfono no funciona bien supongamos que el calentamiento sea normal pero se laguea se paraliza no reacciona no uso redes socialiales tomo pocas fotos y respeto el uso de la batería,0,0,2025-01-13 03:41:36+00:00,211,40,False
UgwMrPGmWkh4Q90oHwV4AaABAg,hU8_nRBf0Pc,UC8IPcF4sxZt1TCs7la4EYtw,"El tonito pedante con aires de perdonavidas de este ""influencer"" hace sumamente repulsivos sus reviews",0,0,2025-02-26 16:31:59+00:00,102,15,False
Ugy-f5aXhJvpaYT-hIR4AaABAg,hU8_nRBf0Pc,UC8IPcF4sxZt1TCs7la4EYtw,"Personalmente cambié de un iphone 11 a el 15 pro max después de 5 años y el cambio fue impresionante, a mi me ha gustado mucho la verdad",1,1,2025-03-12 19:22:39+00:00,136,28,False
UgyCHr-9uRj3ZGLRffB4AaABAg,hU8_nRBf0Pc,UC8IPcF4sxZt1TCs7la4EYtw,"El youtuber mas sincero que he visto, sin fanatismo ❤.",0,0,2025-03-18 05:17:14+00:00,54,10,False
Ugy7yKKe0CuP0bgLjQB4AaABAg,hU8_nRBf0Pc,UC8IPcF4sxZt1TCs7la4EYtw,vale la pena este para primer iphone ya que me da dolor dar tanto por un 16 pro max,0,0,2025-03-21 17:21:10+00:00,83,19,False
UgxuMX452lqYRh6S2Ch4AaABAg,hU8_nRBf0Pc,UC8IPcF4sxZt1TCs7la4EYtw,Parece que no hay ni un celular que te convenza. Porque no trabajas en una compañía de celulares a ver si haces el celular perfecto . 🤔,5,0,2025-03-27 20:11:07+00:00,135,27,False
UgwpgDeBexlrlSVctFx4AaABAg,hU8_nRBf0Pc,UC8IPcF4sxZt1TCs7la4EYtw,"Mira que desde el 2006 soy usuario hasta la fecha de iPhone y no me queda nada más que decir que mis respetos, saludos!",0,0,2024-12-02 12:10:15+00:00,119,24,False
UgyXelWcNrdgGq_NKoR4AaABAg,sh6qm6zWtDA,UCxz7sBKlpcpyCiPwXupRymw,Yo solo lo quiero como celular reemplazo porque iPhone no me deja bajar algunas app 😢,0,0,2026-01-23 17:06:59+00:00,85,16,False
Ugy4ZAKg1dNh-vM-pqB4AaABAg,sh6qm6zWtDA,UCxz7sBKlpcpyCiPwXupRymw,"Tengo el note 8 todavía, vale la pena comprar este?",0,1,2026-01-22 13:08:39+00:00,51,10,True
UgxSSeLm63spm8wT0u14AaABAg,sh6qm6zWtDA,UCxz7sBKlpcpyCiPwXupRymw,La versión europea tiene opción para esim en la región México xd,0,0,2026-01-21 01:33:16+00:00,64,12,False
UgxNlYNheqA1G2OyBKV4AaABAg,sh6qm6zWtDA,UCxz7sBKlpcpyCiPwXupRymw,"2 años , 6800 con audífonos.",0,1,2026-01-15 07:17:29+00:00,28,6,False
UgwVSHt33oNrEC-qNQ14AaABAg,sh6qm6zWtDA,UCxz7sBKlpcpyCiPwXupRymw,"Esta bueno ?, porque lo quiero comprar.",0,0,2026-01-04 21:22:49+00:00,39,7,True
UgzCIK4OCBDCKD3D-7d4AaABAg,sh6qm6zWtDA,UCxz7sBKlpcpyCiPwXupRymw,Recomiendas más ese o el 14 pro? Porfavor responde😢,0,0,2025-12-15 02:09:41+00:00,51,9,True
UgxLkUkGFo-LG3GScYx4AaABAg,sh6qm6zWtDA,UCxz7sBKlpcpyCiPwXupRymw,Me lo quieren cambiar por mi Samsung A55 creen que convenga,0,2,2025-12-10 21:54:37+00:00,59,11,False
UgyZqd9rkqwNH4gO0dh4AaABAg,sh6qm6zWtDA,UCxz7sBKlpcpyCiPwXupRymw,"Y este 13 en su versión más completa ,no tiene nada que envidiar a sus hns mayores",0,0,2025-12-07 23:38:41+00:00,82,17,False
Ugwe9-T4tPZUfu1KkJl4AaABAg,sh6qm6zWtDA,UCxz7sBKlpcpyCiPwXupRymw,"Lo compre como segundo celular para el trabajo, el costo no lo recuerdo porque lo compre en plan, de hecho casi ni lo usaba porque estaba enamorada de mi redmi note 11, pero desde que se me estrelló y dejo de funcionar la batería adecuadamente utilizo este y tengo muchos reclamos en cuanto a la cámara, al sensor de proximidad porque en esta última actualización me apaga la pantalla de la nada. No me gusta.",0,0,2025-11-22 21:55:39+00:00,409,75,False
UgzaIsta0sgbpM7bC6p4AaABAg,sh6qm6zWtDA,UCxz7sBKlpcpyCiPwXupRymw,Mi tlfn es una bala al encender y el uso en si,0,0,2025-12-07 23:34:31+00:00,46,12,False
UgwpGysGA7fMxeuNvoF4AaABAg,sh6qm6zWtDA,UCxz7sBKlpcpyCiPwXupRymw,"Se dice que este 13 es mejor que sus versiones del 14 en todas sus variantes ,.pues no lo creo ,se supone que cada serie va elevando su gama y debería ser mejor que el anterior",0,0,2025-12-07 23:34:01+00:00,176,36,False
UgzM8-vRQJBmGezb7MF4AaABAg,sh6qm6zWtDA,UCxz7sBKlpcpyCiPwXupRymw,Aquí el problema es me compro ese 13 pro $3200 o un Samsung s22 $4000 cuál me recomiendas saludos .,0,0,2025-10-29 07:02:17+00:00,99,20,False
Ugzic6pR7ZPn-FWDzWB4AaABAg,sh6qm6zWtDA,UCxz7sBKlpcpyCiPwXupRymw,Entonces solo no te gustó la cámara y ya?,1,0,2025-10-27 22:40:26+00:00,41,9,True
UgxIpebfrdYq8srzrwp4AaABAg,sh6qm6zWtDA,UCxz7sBKlpcpyCiPwXupRymw,"Yo lo compre en Mercado libre en un precio bastante accesible de 4,500 pesos a 12msi con TDC",0,1,2025-10-20 07:04:48+00:00,92,18,False
UgxZOaCGxhggDH3zw7J4AaABAg,sh6qm6zWtDA,UCxz7sBKlpcpyCiPwXupRymw,"Yo lo encontré en 3,999 y creo que si lo voy a comprar",0,0,2025-10-08 02:08:56+00:00,54,13,False
UgyfUlkc-Mzo5mk9Is94AaABAg,sh6qm6zWtDA,UCxz7sBKlpcpyCiPwXupRymw,Ayudame mi opción de 200 megapíxeles no me sale en mi cámara,0,0,2025-10-17 15:48:02+00:00,60,12,False
UgwW-D7xNce1uGnXHhd4AaABAg,sh6qm6zWtDA,UCxz7sBKlpcpyCiPwXupRymw,No sé por cuál optar si por este o el poco x7 pro,0,0,2026-02-05 00:19:10+00:00,49,13,False
Ugxzzm85TxQ2Jt0YYoh4AaABAg,sh6qm6zWtDA,UCxz7sBKlpcpyCiPwXupRymw,"En el apartado de cámaras no soy muy exigente ahora como no era antes ,Pero si soy exigente en videos",0,0,2025-12-07 23:35:12+00:00,101,20,False
UgxXaVmWJmRwpqBNAIh4AaABAg,sh6qm6zWtDA,UCxz7sBKlpcpyCiPwXupRymw,En soles ?? Cua to cuesta 😊,2,1,2026-03-01 23:05:19+00:00,27,7,True
UgyRE94HqAcvFmHfqEJ4AaABAg,sh6qm6zWtDA,UCxz7sBKlpcpyCiPwXupRymw,3500 pesos versión 16 ram y 512 rom,0,0,2026-08-25 05:06:05+00:00,35,8,False
UgxkYWGwJbT4cv0dvBJ4AaABAg,sh6qm6zWtDA,UCxz7sBKlpcpyCiPwXupRymw,"Hoy lo ví en $3900, estuve a punto de comprarlo por ""la cualidad"" de 200MP...Que bueno que no lo compré me iba a dar la arrepentida de mi vida 😅",0,0,2026-03-14 23:34:38+00:00,144,30,False
Ugw8r59C63Qi8sETLc14AaABAg,sh6qm6zWtDA,UCxz7sBKlpcpyCiPwXupRymw,"2500 pesos mx me costó,buen equipo para un uso,sin exigencias,.",0,0,2025-10-04 03:28:09+00:00,63,10,False
UgzS4oz_VXh-laJmw-B4AaABAg,sh6qm6zWtDA,UCxz7sBKlpcpyCiPwXupRymw,Año 2026 esta en $90 usd,0,0,2026-09-02 23:16:30+00:00,24,6,False
UgwIT1khze-uuKbbWZh4AaABAg,sh6qm6zWtDA,UCxz7sBKlpcpyCiPwXupRymw,"Yo lo tengo de hace varios años, me salió en 8500. 12 ram 512 rom. Me parece muy bueno, excelente cámara. El COD corre muy bien. Lo malo es la publicidad.",0,0,2026-07-12 15:37:37+00:00,154,31,False
Ugz7UVFfMN0Nt9a1JYV4AaABAg,sh6qm6zWtDA,UCxz7sBKlpcpyCiPwXupRymw,en pocas palabras las cámaras son horribles 🤣,0,0,2026-07-04 19:25:45+00:00,45,8,False
Ugz7mv-0Q8oUjULjTQp4AaABAg,sh6qm6zWtDA,UCxz7sBKlpcpyCiPwXupRymw,Me costó 200 dólares,0,0,2026-06-29 01:44:24+00:00,20,4,False
UgzFvKulXD-rv94Nt7h4AaABAg,sh6qm6zWtDA,UCxz7sBKlpcpyCiPwXupRymw,Tengo el Razer 40 snapdragon 7 generación 1 y corre hasta fornite,0,0,2026-06-25 16:34:45+00:00,65,12,False
UgwiMU8zDTglDGuNIF14AaABAg,sh6qm6zWtDA,UCxz7sBKlpcpyCiPwXupRymw,"Este creador de contenido solo hace características del celular de cámaras de celular no hace pruebas de rendimiento, muestra muy poco otras características no solo es camara en celular.",0,0,2026-06-21 17:31:41+00:00,186,29,False
Ugz6EeMj3AkXe_Dg7zd4AaABAg,sh6qm6zWtDA,UCxz7sBKlpcpyCiPwXupRymw,"Tuve 1 año este celular, un verdadero bodrio lo conecte a mi auto y el Android auto andaba lento, se desconectaba y aveces hasta no funcionaba, después de 1 año se volvió lento. Fotos mal enfocadas, aplicaciones lentas etc , me cambia a un iPhone 16 y no me arrepiento de la compra, nunca más Xiaomi",0,0,2026-06-19 02:50:42+00:00,299,56,False
UgyCo1iJECbvft11Xr14AaABAg,sh6qm6zWtDA,UCxz7sBKlpcpyCiPwXupRymw,La verdad que yo lo tengo lo compre en 7000 pesos y por accidente se me callo a la pila llena de agua y no le paso nada claro yo los cuido mucho,0,0,2026-06-17 14:41:35+00:00,144,33,False
UgzvS8gh3DvBkvCC7Pp4AaABAg,sh6qm6zWtDA,UCxz7sBKlpcpyCiPwXupRymw,Yo lo compre por 7.000 en México por mercado libre,0,0,2026-06-02 14:30:04+00:00,50,10,False
Ugw7GEJCmZoDJiYQ7qB4AaABAg,sh6qm6zWtDA,UCxz7sBKlpcpyCiPwXupRymw,Hoy lo compre en 1850 mxn la pantalla me encantó,0,0,2026-05-27 01:26:47+00:00,48,10,False
UgxtLBkWS9hd1R5soex4AaABAg,sh6qm6zWtDA,UCxz7sBKlpcpyCiPwXupRymw,alguien lo a podido actualizar ??,0,0,2026-05-21 00:14:18+00:00,33,6,True
UgycJ-66DEnTJOjIOih4AaABAg,sh6qm6zWtDA,UCxz7sBKlpcpyCiPwXupRymw,"Y, que tal un acercamiento a un kilómetro en video ?",1,0,2026-05-02 17:30:06+00:00,52,11,True
UgwqmdRsZrO3_VBkC0l4AaABAg,sh6qm6zWtDA,UCxz7sBKlpcpyCiPwXupRymw,"Yo tengo el mío desde que recién salió , y la verdad me ha salido buenísimo aguanta golpes , agua polvo de todo , la verdad no tengo quejas",0,0,2026-04-26 22:05:31+00:00,139,29,False
Ugx6lm_3I-6sAztO2dZ4AaABAg,sh6qm6zWtDA,UCxz7sBKlpcpyCiPwXupRymw,"Yo lo tengo y me funciona excelente, lo uso para trabajo en oficina. Eso sí la cámara me dejó pensando pero aún así lo encuentro muy bueno.",0,0,2026-04-16 17:48:58+00:00,139,27,False
UgwV1e3Ys4APwJDzOmN4AaABAg,sh6qm6zWtDA,UCxz7sBKlpcpyCiPwXupRymw,acá en mi pueblo en Panamá lo vi en 220 dólares ese teléfono baratísimo pero entonces el por que no se debe comprar por el precio ese es el caso,0,0,2026-03-19 16:01:43+00:00,144,30,False
Ugx-A5f5nws5K7xHdRZ4AaABAg,sh6qm6zWtDA,UCxz7sBKlpcpyCiPwXupRymw,Estaba a punto de soltar el dinero,0,0,2026-03-18 15:51:31+00:00,34,7,False
UgyX389im8KaEsqZfkx4AaABAg,sh6qm6zWtDA,UCxz7sBKlpcpyCiPwXupRymw,Está en 4 mil pesos en 2026,0,0,2026-03-13 21:41:16+00:00,27,7,False
Ugx_2Wps8qIjtkjOHlR4AaABAg,sh6qm6zWtDA,UCxz7sBKlpcpyCiPwXupRymw,Yo viendo este video desde mi redmi note 13 pro 5g😮,1,0,2025-09-22 20:50:53+00:00,51,11,False
UgzwyoE3xEtxndGPyR14AaABAg,sh6qm6zWtDA,UCxz7sBKlpcpyCiPwXupRymw,En mi canal tengo videos del rendimiento de este dispositivo en DELTA FORCÉ 🔥✅,0,0,2025-04-11 16:36:16+00:00,78,14,False
Ugx4u9Cnudm3vlzM2LR4AaABAg,sh6qm6zWtDA,UCxz7sBKlpcpyCiPwXupRymw,Que tal andan las cámaras ya con las actualizaciones al día de hoy? La selfie tira buenas fotos?,0,0,2025-09-21 04:59:03+00:00,96,18,True
UgzTcrQeFWPuB0sPpJR4AaABAg,sh6qm6zWtDA,UCxz7sBKlpcpyCiPwXupRymw,Me lo encontré tirado en la calle y me lo bloquearon nunca me marcaron para devolverlo estoy pensando en venderlo así cuánto debería de pedir,0,0,2025-06-04 05:38:42+00:00,141,25,False
UgxH-y5ioEyam3HhOZR4AaABAg,sh6qm6zWtDA,UCxz7sBKlpcpyCiPwXupRymw,Literalmente salió mejor que muchos xiaomis. Mejor de lo que esperaba,0,0,2025-05-31 02:06:34+00:00,69,11,False
UgxxlTpgYL7bri7sfVp4AaABAg,sh6qm6zWtDA,UCxz7sBKlpcpyCiPwXupRymw,Yo lo tengo y es muy bueno,0,0,2025-05-22 04:41:18+00:00,26,7,False
Ugz5g9wPwjvwrF0NLIJ4AaABAg,sh6qm6zWtDA,UCxz7sBKlpcpyCiPwXupRymw,¿Si encontré uno en oferta en 4300 vale la pena comprarlo en ese precio?,0,0,2025-05-19 17:48:48+00:00,72,14,True
UgwLsQJ28mjKwYzHx3N4AaABAg,sh6qm6zWtDA,UCxz7sBKlpcpyCiPwXupRymw,Lo compre a 4000 pesos en su versión de 521 y 12.😊😊,0,0,2025-05-18 19:16:14+00:00,51,12,False
UgwGrdGZNw5_Ox_BRfR4AaABAg,sh6qm6zWtDA,UCxz7sBKlpcpyCiPwXupRymw,el precio al dia de hoy es de $4000,0,0,2025-05-16 14:42:14+00:00,35,9,False
UgyZ7bLRBnk5HzFlDod4AaABAg,sh6qm6zWtDA,UCxz7sBKlpcpyCiPwXupRymw,Yo lo estoy consiguiendo en 4 mil pesos mexicanos no se si arriesgarme por este o el poco C75 je esta en 2 mil pesos 😢,0,0,2025-05-16 03:35:51+00:00,118,26,False
Ugw2MLxpyQux5pyPLCh4AaABAg,sh6qm6zWtDA,UCxz7sBKlpcpyCiPwXupRymw,Bro bajo hoy 11/05/25 a 4700 pesos,0,0,2025-05-11 21:47:08+00:00,34,7,False
Ugxhy9QSY_KFoDR9nhZ4AaABAg,sh6qm6zWtDA,UCxz7sBKlpcpyCiPwXupRymw,Es mejor este o el redmi note 14 4g?,0,0,2025-05-03 05:50:21+00:00,36,9,True
UgyrVkj2V-kbmp0KJi94AaABAg,sh6qm6zWtDA,UCxz7sBKlpcpyCiPwXupRymw,"Yo lo compre aqui en mexico pero tengo un problema a ver si a alguien mas le paso, para llamadas entrantes y salientes solo con telcel ya que otros chip como at&t o movistar no salen ni entran llamadas.",0,1,2025-05-02 22:17:07+00:00,202,39,False
Ugx_rXQqYQLZGzVjwGh4AaABAg,sh6qm6zWtDA,UCxz7sBKlpcpyCiPwXupRymw,"Viendo el vídeo con mi Xiaomi redmi note 13 Pro , 😮 jajajajaja a mí me costó en $4000 mxn ,y salgo mega bien en los videos y fotos 🎉celebro por qué si me ah llenado mis expectativas Saludos",0,1,2025-04-30 19:39:00+00:00,189,39,False
UgxRv3Vx5ehRzTIM-p94AaABAg,sh6qm6zWtDA,UCxz7sBKlpcpyCiPwXupRymw,En Aliexpress de hecho están súper baratos el 14 está como en 5 o 6 mil y el 13 anda entre los 4 y 3 mil,0,0,2025-04-29 04:48:11+00:00,104,26,False
Ugz5LfNVUugfCGN6fuN4AaABAg,sh6qm6zWtDA,UCxz7sBKlpcpyCiPwXupRymw,"Hola, cuál me aconsejan redmi note 13 pro ó Motorola edge 50 fusión?",0,0,2025-04-27 12:15:35+00:00,68,13,True
UgwRdOjU2OFhfB4p1c94AaABAg,sh6qm6zWtDA,UCxz7sBKlpcpyCiPwXupRymw,Hay un tipo vendiendo uno igual aqui en mi pueblo jajaja quiere 4500 pero le mostrare este video y le ofrecere 2000 xD,0,0,2025-04-18 19:21:56+00:00,118,23,False
UgyY0mVMffO0FMqb6mV4AaABAg,sh6qm6zWtDA,UCxz7sBKlpcpyCiPwXupRymw,"El único detalle que le veo es la calidad del sonido, tanto en audífonos como en el altavoz es muy malo como si tuviera eco o un poco distorsionado.",0,0,2025-04-13 13:40:11+00:00,148,29,False
Ugw996Qao2gw9k0XfI54AaABAg,sh6qm6zWtDA,UCxz7sBKlpcpyCiPwXupRymw,"Yo lo acabo de comprar hace 2 meses, hasta ahora a estado funcionando bien no me quejó es de 8 de ram y 256 gb me costo $5800 pesos mexicanos",2,2,2025-04-08 22:24:36+00:00,141,30,False
Ugz5n2qQu8wBLt77pFp4AaABAg,sh6qm6zWtDA,UCxz7sBKlpcpyCiPwXupRymw,El mío es el mismo pero si es resistente al agua y muchos golpes Su carga es de 120 wats Que en 20 min. Aprox carga al 100%,0,0,2026-09-22 22:15:10+00:00,123,28,False
UgyBqkYVN4QwUa5fODB4AaABAg,sh6qm6zWtDA,UCxz7sBKlpcpyCiPwXupRymw,"Adquirí este equipo en un poco menos de 6000 pesos por el hot sale, soy de México",0,0,2025-06-05 06:14:19+00:00,81,17,False
UgxwwxWKNqmo2z-NUt14AaABAg,sh6qm6zWtDA,UCxz7sBKlpcpyCiPwXupRymw,Yo lo compre en promoción a 5k jajajaja,0,0,2025-09-21 07:13:54+00:00,39,8,False
UgxMO_Lwf-QXQVjLg594AaABAg,sh6qm6zWtDA,UCxz7sBKlpcpyCiPwXupRymw,Eh mío se metió al agua y siguió funcionando,0,0,2025-06-13 09:16:30+00:00,44,9,False
UgyzFBljnsoIlJLHnth4AaABAg,sh6qm6zWtDA,UCxz7sBKlpcpyCiPwXupRymw,Ahora en junio de 2025 en Amazon 12/512 se consigue en 260 dólares,10,5,2025-06-28 22:08:41+00:00,66,13,False
UgxKZ-swP2bc_QODKU14AaABAg,sh6qm6zWtDA,UCxz7sBKlpcpyCiPwXupRymw,"Lo compré a 2000 pesos mexicanos prácticamente nuevo, está birnnese precio??",0,0,2025-09-19 00:33:29+00:00,76,11,True
UgwbcmzxpsKDH4ilSXl4AaABAg,sh6qm6zWtDA,UCxz7sBKlpcpyCiPwXupRymw,"En chile me costo 40 Dolares Nuevo, pero bloqueado por gmail :c",0,0,2025-09-17 04:52:32+00:00,63,12,False
UgxN_eouje_cWo4Mnrh4AaABAg,sh6qm6zWtDA,UCxz7sBKlpcpyCiPwXupRymw,Yo lo tengo hace un año y la verdad es una chulada por su precio que yo lo compre que fue de un poco menos de 5000 mil pesos aquí en México.,0,0,2025-09-15 08:31:25+00:00,140,32,False
UgwQhSXBzK34E8bIcNt4AaABAg,sh6qm6zWtDA,UCxz7sBKlpcpyCiPwXupRymw,"Tantos celulares que tiene Xiaomi, ando pensando si este celular o el note 14 5g?",1,0,2025-09-09 23:32:47+00:00,81,15,True
UgwLtJOJGjpH8p5jcg14AaABAg,sh6qm6zWtDA,UCxz7sBKlpcpyCiPwXupRymw,Pues lo recomiendan o no combiene ahora está en $3947,11,3,2025-09-08 22:44:31+00:00,53,10,False
UgyGjfTU6nsLpBIcPRZ4AaABAg,sh6qm6zWtDA,UCxz7sBKlpcpyCiPwXupRymw,No mostraste su rendimiento en videojuegos,0,0,2025-08-21 12:38:43+00:00,42,6,False
UgwRhJfqTZLuKd8C9b54AaABAg,sh6qm6zWtDA,UCxz7sBKlpcpyCiPwXupRymw,"Arriba los teléfonos que tienen jack de 3.5 , el nivel de audio que alcanzas con audífonos de cable es demasiado superior y sin tener que gastar en audífonos carísimos inalámbricos",2,1,2025-08-20 02:57:51+00:00,180,31,False
UgwijfcGX4INxoECl3R4AaABAg,sh6qm6zWtDA,UCxz7sBKlpcpyCiPwXupRymw,porque no dices a cuatos fps graba?? es de lo mas importante,1,0,2025-08-12 21:28:49+00:00,60,12,True
UgwyDWhBYBbLI96SorF4AaABAg,sh6qm6zWtDA,UCxz7sBKlpcpyCiPwXupRymw,El mío se me callo dentro de una cisterna por una hora y media y aquí lo tengo 😊,0,0,2025-08-11 05:27:53+00:00,80,19,False
UgwkAAxZngHOCqfS8Jx4AaABAg,sh6qm6zWtDA,UCxz7sBKlpcpyCiPwXupRymw,Cm va para los juegos ??,0,0,2025-08-07 17:49:40+00:00,24,6,True
UgwhEp9oRkKdLJHLalp4AaABAg,sh6qm6zWtDA,UCxz7sBKlpcpyCiPwXupRymw,Ya en Colombia bajo de precio y por 512gb me parece que está a buen precio,0,0,2025-07-31 20:08:35+00:00,74,16,False
Ugw2-Vqbqn3KexJC3u54AaABAg,sh6qm6zWtDA,UCxz7sBKlpcpyCiPwXupRymw,Tons es mejor ese o el 12 pro 5g,0,0,2025-07-25 14:13:22+00:00,32,9,False
UgzxaVoEFadQQNLJ9jp4AaABAg,sh6qm6zWtDA,UCxz7sBKlpcpyCiPwXupRymw,Jaja pensé q si tenían para las tarjeta de memoria 😂😂,0,0,2025-07-25 12:30:42+00:00,53,11,False
UgzMQkP-sK6Y1v5ic3B4AaABAg,sh6qm6zWtDA,UCxz7sBKlpcpyCiPwXupRymw,"yo pienso comprarlo, pero alguien me dice que tal la cámara trasera de 200 MP?",0,1,2025-07-10 00:11:08+00:00,78,15,True
Ugw7EAQ5U3_JKrJkw6F4AaABAg,sh6qm6zWtDA,UCxz7sBKlpcpyCiPwXupRymw,"Aun asi es un buen dispositivo, un amigo recien lo compro en aprx 3000 pesos mexicanos, unos 650k pesos colombianos y es un buen dispositivo lo mejor es que lo compro prácticamente nuevo",0,0,2025-07-08 01:09:40+00:00,186,33,False
Ugw5o8DF1fNhoAWBMJp4AaABAg,sh6qm6zWtDA,UCxz7sBKlpcpyCiPwXupRymw,Asta que calidad de video graba el video???,0,1,2025-07-07 06:42:43+00:00,43,8,True
UgxW6T29KQFmpilMuNd4AaABAg,sh6qm6zWtDA,UCxz7sBKlpcpyCiPwXupRymw,"Oye, una pregunta, ¿Es resistente al agua? es que se me acaba de caer a la taza del baño, pero lo saque casi a los dos segundos y está funcionando hasta ahorita sin ninguna señal de fallo, esta como si nada paso, como que sino se hecho un clavado al agua... ¿Crees que es resistente? ya lo estoy cargando y no ha pasado nada.... a los 3 minutos lo puse a cargar y esta normal.",0,0,2025-07-02 21:12:05+00:00,376,75,True
UgzeffpNAwY46C7OVll4AaABAg,sh6qm6zWtDA,UCxz7sBKlpcpyCiPwXupRymw,"La verdad yo lo siento demasiado pesado, imagino que es por el sistema, ya que al querer moverme entre aplicaciones, se traba mucho, mi moto edge 30 neo que tiene más tiempo conmigo, va mas fluido jajaja",0,0,2025-06-17 04:48:29+00:00,203,37,False
Ugya5owrrg5nOPOtih14AaABAg,sh6qm6zWtDA,UCxz7sBKlpcpyCiPwXupRymw,Se calienta? La batería que tal? No dijsite nada,0,0,2026-09-24 02:32:38+00:00,48,9,True
UgwJLITT1A1m_T6S5jR4AaABAg,J_jn88PNLOc,UC8IPcF4sxZt1TCs7la4EYtw,Para juego que tal es,0,0,2026-08-31 16:34:05+00:00,21,5,False
UgxxmF_lmuXFHvtIrF94AaABAg,J_jn88PNLOc,UC8IPcF4sxZt1TCs7la4EYtw,Entonces no hay una versión con CPU snapdragon?,1,1,2024-12-05 13:49:13+00:00,47,8,True
UgwwI8IFZkqPlM4MvXJ4AaABAg,J_jn88PNLOc,UC8IPcF4sxZt1TCs7la4EYtw,Prefiero que cargue un celular lo más rápido y óptimo posible,0,0,2024-10-16 23:09:06+00:00,61,11,False
UgyOysUoQ4xh1E9kas14AaABAg,J_jn88PNLOc,UC8IPcF4sxZt1TCs7la4EYtw,"Lo acabo de adquirir y es una maravilla, los que se quejan de los anuncios es simple. Al iniciar la instalación no acepten Cockies y listo a mi no me aparece ningún solo anuncio.",2,2,2024-10-18 17:47:50+00:00,178,34,False
Ugyr7M-78EJMf58LCJd4AaABAg,J_jn88PNLOc,UC8IPcF4sxZt1TCs7la4EYtw,En las cámaras es mejor que el iphone 11? :( Cuestán casi lo mismo en mi páis.,0,0,2024-10-21 17:35:04+00:00,78,17,True
UgwG4idTjspr5bOEGmp4AaABAg,J_jn88PNLOc,UC8IPcF4sxZt1TCs7la4EYtw,Le recomiendo el de 512 con 12 ran y ese no es de 3.0 es de 4.0,0,0,2024-10-23 15:26:16+00:00,63,17,False
Ugxd-hFomis2sV85ueB4AaABAg,J_jn88PNLOc,UC8IPcF4sxZt1TCs7la4EYtw,Es mejor pantalla el redmi por aprovecha mejor los marcos que el Samsung a55,2,0,2024-10-23 15:27:54+00:00,76,14,False
UgzWwPyy8lpl1lzC_Kl4AaABAg,J_jn88PNLOc,UC8IPcF4sxZt1TCs7la4EYtw,ahora me arrepiento de haberlo comprano llega mañana ):,0,0,2024-10-23 19:32:47+00:00,55,9,False
UgyWZt9DYKHT-Uz41H54AaABAg,J_jn88PNLOc,UC8IPcF4sxZt1TCs7la4EYtw,"Que hermoso celular. la verdad tengo un s20, y estaba pensando en acutualizar a un nuevo celular. Y por el precio me llama mucho la atencion.... pero el procesador lo hace decaer muchoo",1,0,2024-10-29 13:26:29+00:00,185,33,False
UgyIZkrpuMKDdV97-jl4AaABAg,J_jn88PNLOc,UC8IPcF4sxZt1TCs7la4EYtw,"Loque me gusta es su cargador y su carga rapida, Samsung no trae cargador",2,0,2024-11-03 02:13:22+00:00,73,14,False
UgxfGQJlcF5cleawlFR4AaABAg,J_jn88PNLOc,UC8IPcF4sxZt1TCs7la4EYtw,"Como que 300 euros, en ecuador vale 500",2,0,2024-11-04 06:11:31+00:00,39,8,False
UgzYEisXHfUVoTrAQV14AaABAg,J_jn88PNLOc,UC8IPcF4sxZt1TCs7la4EYtw,"@Rosangelly Pineda:me puedes ayudar! cuando estoy grabando videos, no puedo cambiar de camara, como lo puedo configurar o no trae esa función?",0,0,2024-11-04 22:48:31+00:00,142,22,True
UgyAXyGoGc7TQhTR10t4AaABAg,J_jn88PNLOc,UC8IPcF4sxZt1TCs7la4EYtw,"Consulta, entre este equipo y un S22+ de 256 a mismo precio. Cual elegirias?",0,0,2024-11-05 21:45:38+00:00,76,14,True
UgwHoFrHOD0vr0nMHjN4AaABAg,J_jn88PNLOc,UC8IPcF4sxZt1TCs7la4EYtw,"Precisamente lo compre el día 4 de noviembre y la vdd me ha gustado hasta el momento Tanto redes sociales, camara y juego muy bien hasta el momento",1,2,2024-11-09 03:46:26+00:00,147,28,False
UgyZ6x-b2nvTMdiIsRZ4AaABAg,J_jn88PNLOc,UC8IPcF4sxZt1TCs7la4EYtw,La bateria es un asco o es su personalizacion de HiperOs hasta cuando xioami no puede lograr esa autonomia con sus dispositivos. Decepción total,1,1,2024-11-09 12:53:03+00:00,144,24,False
UgzK8S3vKt6HOFKgpqt4AaABAg,J_jn88PNLOc,UC8IPcF4sxZt1TCs7la4EYtw,En el salvador está a 489 dolares,0,0,2024-11-10 02:45:29+00:00,33,7,False
UgwzaXzvgfyz0IYmTxN4AaABAg,J_jn88PNLOc,UC8IPcF4sxZt1TCs7la4EYtw,Los audífonos cuales usan😢no tiene entrada jack solo se puede usar con Bluetooth,0,0,2024-11-10 18:21:06+00:00,80,13,False
UgxlG0j7u8IFutvZX5l4AaABAg,J_jn88PNLOc,UC8IPcF4sxZt1TCs7la4EYtw,"yo lo compre por 294 dolares , habra sido una buena compra?",0,1,2024-11-14 00:41:45+00:00,59,12,True
Ugyv6IDyzacdrc6sdAh4AaABAg,J_jn88PNLOc,UC8IPcF4sxZt1TCs7la4EYtw,"El redmi note pro plus 5G . Es el mismo redmi note pro 5G, porfavor alguien me puede contestar",0,1,2024-11-14 16:49:06+00:00,94,19,False
UgwB3PxrqYqbxVWd5hB4AaABAg,J_jn88PNLOc,UC8IPcF4sxZt1TCs7la4EYtw,a que te refieres con equilibrado?,0,0,2024-10-10 23:38:54+00:00,34,6,True
UgwRqkuqeQxUOlQLeQ54AaABAg,J_jn88PNLOc,UC8IPcF4sxZt1TCs7la4EYtw,"Tengo una duda, no sé si comprar este o el Motorola edge 50 pro u.u",1,0,2024-11-15 15:43:27+00:00,67,15,False
UgzrBv_yt4iGFlQv2bR4AaABAg,J_jn88PNLOc,UC8IPcF4sxZt1TCs7la4EYtw,Un review muy ameno y objetivo.,0,0,2024-10-10 05:06:18+00:00,31,6,False
UgxpplaUQTv_YSFbSlF4AaABAg,J_jn88PNLOc,UC8IPcF4sxZt1TCs7la4EYtw,Comparado con mí celular que es un moto E22 el Xiaomi es mil veces mejor,0,0,2024-10-07 14:52:02+00:00,72,15,False
UgzreOhG32yE58gQQct4AaABAg,J_jn88PNLOc,UC8IPcF4sxZt1TCs7la4EYtw,"Entre el iPhone 13 y ese cel, cuál es mejor?",0,0,2026-07-03 22:56:37+00:00,44,10,True
UgzRnYn6-w6HqnckAZB4AaABAg,J_jn88PNLOc,UC8IPcF4sxZt1TCs7la4EYtw,"Buenos días (desde Venezuela), ví tu video porque ví que estaban vendiendo un Redmi Note 13 Pro + 5g, y vine a ver tu canal como de costumbre, lo compré en 170€, y no me arrepiento, una de las mejores compras de mi vida. Gracias bro, espero tu canal siga creciendo",0,1,2026-06-21 10:46:17+00:00,264,51,False
UgyR6XOemqIiZrS62zh4AaABAg,J_jn88PNLOc,UC8IPcF4sxZt1TCs7la4EYtw,En marketplace lo están vendiendo en 80 dólares en mi país panamá y lo estoy considerando comprar ya que está en un precio decente y aparte bien cuidado sin golpes ni nada funcional ya escribí a la persona solo estoy esperando que me responda haber en qué queda todo esto,0,0,2026-03-22 11:32:26+00:00,271,50,False
Ugwws9Tzu3NyYczQ-vB4AaABAg,J_jn88PNLOc,UC8IPcF4sxZt1TCs7la4EYtw,"me lo venden en 210$ , buenpcon? por cierto ; muy buen video",0,2,2026-03-08 16:13:15+00:00,60,13,True
Ugzb_aCYkB1n9EqMbw94AaABAg,J_jn88PNLOc,UC8IPcF4sxZt1TCs7la4EYtw,A ese teléfono no le funciona el HDR en YouTube.,0,0,2025-12-14 10:36:16+00:00,48,10,False
UgyOavATcGJD6Qbfbjt4AaABAg,J_jn88PNLOc,UC8IPcF4sxZt1TCs7la4EYtw,No dijiste nada sobre el sonido es stereo ONO ?,0,0,2024-09-05 06:34:28+00:00,47,10,True
UgzWFW4jtieN6nALFSh4AaABAg,J_jn88PNLOc,UC8IPcF4sxZt1TCs7la4EYtw,Por favor alguien me puede decir si el poco f6 pro es compatible con Esin en LATAM ya que ese redmi tiene un MediaTek y no quiero más nada con ese procesador,0,0,2024-09-05 13:58:55+00:00,157,32,False
Ugzzb7CZrAR7VCudLhN4AaABAg,J_jn88PNLOc,UC8IPcF4sxZt1TCs7la4EYtw,de esta serie tienen problemas de hardware como los poco?,0,0,2024-09-13 22:55:05+00:00,57,10,True
UgxjAxyF0qfPXCPGSH14AaABAg,J_jn88PNLOc,UC8IPcF4sxZt1TCs7la4EYtw,"No se confíen del IP68, a diferencia de Samsung, no sirve tan bien, porque se humedece las cámaras y deja de leer las tarjetas SIM, eso me pasó a mí cuando se me cayó al agua.",0,0,2024-09-16 00:14:54+00:00,175,36,False
UgzLXWre4UUlWNBWVJB4AaABAg,J_jn88PNLOc,UC8IPcF4sxZt1TCs7la4EYtw,"Estoy enamorada de ti genuinamente, no soy mucho de tecnología, pero ver tus videos y tu forma de ser tan conciso y puntual con la información lo haces bastante digerible, ya hoy me suscribo! y pensar que te conocí por un reel de insta hahaha mucha suerte! vas a llegar muy lejos!",1,0,2024-09-20 23:55:15+00:00,280,52,False
UgzZODr5auf74JUCAI54AaABAg,J_jn88PNLOc,UC8IPcF4sxZt1TCs7la4EYtw,Bueno la pregunta del millon.. que prefieren? Samsung A55 o Xiaomi Redmi Note 13 pro?,3,0,2024-09-25 02:29:28+00:00,85,15,True
UgzMyfBsFgmxe22nVzx4AaABAg,J_jn88PNLOc,UC8IPcF4sxZt1TCs7la4EYtw,Alguien sabe si se calienta,0,0,2024-09-27 20:09:28+00:00,27,5,False
UgznFinsG9seyLYTaPx4AaABAg,J_jn88PNLOc,UC8IPcF4sxZt1TCs7la4EYtw,"Queria un movil que sirva para juegos como para fotos, este es el que mas me gusto para fotos teniendo en cuenta mi presupuesto (300$) pero en juegos no se :s",0,0,2024-09-28 01:48:42+00:00,158,31,False
UgzBHwZyrgDGbiIn1it4AaABAg,J_jn88PNLOc,UC8IPcF4sxZt1TCs7la4EYtw,Deberias sacar un top 10 de celulares esteticamente preciosos por que entraria en cuanto a diseño en la gama de celulares muy guapos,0,0,2024-09-28 02:14:19+00:00,132,23,False
UgwGyE-pQMn4536ohKl4AaABAg,J_jn88PNLOc,UC8IPcF4sxZt1TCs7la4EYtw,Pero Xiaomi dice que es gama alta a quien le creo 😅,0,0,2024-09-28 02:46:41+00:00,51,12,False
Ugx9-FHZXW5eOSnapo54AaABAg,J_jn88PNLOc,UC8IPcF4sxZt1TCs7la4EYtw,"Si claro, el poco x 6 pro tiene mejor procesador, pero tienes que vivir con la angustia de pensar en que momento se apagará ( muerte súbita) 🤣🤣🤣🤣 y eso no lo cubre la garantía mi Bro..",4,3,2024-09-30 20:22:57+00:00,184,37,False
UgzgVmBAc9Z_qsorBRZ4AaABAg,J_jn88PNLOc,UC8IPcF4sxZt1TCs7la4EYtw,"Llevo 3 meses con él y sin duda el peor móvil que he tenido nunca. Es lento, no funciona de forma fluida y hay que cerrar las aplicaciones abiertas de forma continua. Tenía un OPPO ya ya antiguo funcionaba mejor que este. No lo recomiendo",2,0,2024-10-05 09:52:58+00:00,238,45,False
Ugw5A-cLrBXab2DA5f14AaABAg,J_jn88PNLOc,UC8IPcF4sxZt1TCs7la4EYtw,Pero mi redmi 13 por+ 5g tiene 12 de ram y 512 GB de espacio,0,0,2024-10-09 23:49:09+00:00,60,15,False
UgxCqgIMUqaW-anVa7N4AaABAg,J_jn88PNLOc,UC8IPcF4sxZt1TCs7la4EYtw,"Saludos, vengo por parte un amigo para informarme",1,0,2026-08-12 05:03:32+00:00,49,8,False
UgwWJ0GnmfzRSDJ0amt4AaABAg,J_jn88PNLOc,UC8IPcF4sxZt1TCs7la4EYtw,"Galaxy a55 ♥ mas barato, mas estable, mas actualizaciones, y mejor rendimiento, mas batería, mas estabilidad de camara, mejor procesador",0,0,2024-11-19 06:41:17+00:00,136,20,False
UgxIhUb2qP3EX3ADuwx4AaABAg,J_jn88PNLOc,UC8IPcF4sxZt1TCs7la4EYtw,Yo soy de la idea que cuando la cámara que viene por defecto en algún modelo de celular el consuelo de esto sería agregar una gcam al Review.,0,0,2024-11-25 09:27:42+00:00,141,28,False
UgxDXsYzdYQYFKzKzC94AaABAg,J_jn88PNLOc,UC8IPcF4sxZt1TCs7la4EYtw,No me gusto este cell redmi note 13 pro plus en la camara muy malas cuando se toma con WhatsApp se cambia el volor la calides y la frontal cuando hago videollamada sale roja mi cara,0,0,2025-02-23 20:22:31+00:00,181,36,False
Ugy8vnqjNnEZu32Xill4AaABAg,J_jn88PNLOc,UC8IPcF4sxZt1TCs7la4EYtw,El procesador para emular es malísimo,1,0,2025-03-06 13:39:15+00:00,37,6,False
Ugxc8O4NJzIi4fv5OYJ4AaABAg,J_jn88PNLOc,UC8IPcF4sxZt1TCs7la4EYtw,Me daban uno de esos por mi poco x6 pro creo mejor no gracias x tu video me abrió los ojos,0,0,2025-03-13 03:42:10+00:00,90,21,False
UgxoM9B-pDCel1XcgXF4AaABAg,J_jn88PNLOc,UC8IPcF4sxZt1TCs7la4EYtw,"Hola, depor si yo uso un redimi note 11 pro, te me siento muy cómodo con el, ahora me imagina usar ese cel, sería mucho mejor del que uso normalmente",0,0,2025-03-14 12:24:03+00:00,149,30,False
UgzhKwqzGC8-02I9o314AaABAg,J_jn88PNLOc,UC8IPcF4sxZt1TCs7la4EYtw,"Soy fan de como haces tus trabajos con respecto a los vídeos, recomendaciones, edición, en pocas palabras todo, la verdad un creador de contenido que le recomendaria a todos",0,0,2025-03-18 17:45:24+00:00,173,29,False
UgwizYw-9U5R9wdCmMV4AaABAg,J_jn88PNLOc,UC8IPcF4sxZt1TCs7la4EYtw,"Lo compre hace 20 días, encantadisimo, estaba cansado de Samsung y la verdad es que no me arrepiento. 269€ cargador 120 w, procesador decente, cámaras decentes, ip68, un oferton.",2,5,2025-03-25 10:22:59+00:00,178,29,False
UgwzupfHquS3D3R8tBF4AaABAg,J_jn88PNLOc,UC8IPcF4sxZt1TCs7la4EYtw,Muy buena información!!! Quería saber si trae para conectar auriculares??,0,2,2025-03-28 10:36:23+00:00,73,10,True
Ugw0tZqywzvLMSXqeLx4AaABAg,J_jn88PNLOc,UC8IPcF4sxZt1TCs7la4EYtw,"Cual es mejor, este redmi note 13 pro plus o el pixel 7?",0,0,2025-04-07 23:06:10+00:00,56,13,True
Ugyvc8WlDT8h_3yXJMl4AaABAg,J_jn88PNLOc,UC8IPcF4sxZt1TCs7la4EYtw,Me encanta esa voz da seguridad y explicas muy bien las cosas mi 👍 de un subcribtor 😀,0,0,2025-04-12 11:40:06+00:00,85,18,False
Ugzt47fFckmp6nlaCw94AaABAg,J_jn88PNLOc,UC8IPcF4sxZt1TCs7la4EYtw,PS Se Ve Bien Me Gusta Su Pantalla Pero las Cámaras No Tanto .. Mejor Me Quedo Samsung A 55 Calidad camaras Saludos......👋👋👋👋🇲🇽🇲🇽,0,0,2025-04-24 18:41:37+00:00,129,23,False
UgwnBKE82Fn-30etFjR4AaABAg,J_jn88PNLOc,UC8IPcF4sxZt1TCs7la4EYtw,En Venezuela y en colombia son costosos esos celulares,0,1,2025-04-30 04:45:25+00:00,54,9,False
UgxKjw3bRL_l3pGxehB4AaABAg,J_jn88PNLOc,UC8IPcF4sxZt1TCs7la4EYtw,"Hola, Que Joystick utilizas?",0,0,2025-05-02 04:31:22+00:00,28,4,True
Ugx7_yPGjk_se4Xqs_F4AaABAg,J_jn88PNLOc,UC8IPcF4sxZt1TCs7la4EYtw,"Yo quiero cambiar mi s24 por este, solo por que me gusta muchisimo, su diseño es superior a mi s24, el sensor infla rojo es muy chulo💪🏼 Tu que dices, vale la pena?",0,2,2025-05-13 07:53:17+00:00,163,33,True
UgywIdK3Qz3xWSDhnKZ4AaABAg,J_jn88PNLOc,UC8IPcF4sxZt1TCs7la4EYtw,De q material está hecho,0,0,2025-07-13 03:39:00+00:00,24,5,False
UgzGxg527brVe143dOt4AaABAg,J_jn88PNLOc,UC8IPcF4sxZt1TCs7la4EYtw,entre ese xiaomi y el realme GT 6 que acabo de ver em otro video tuyo cual es el mejor ? muchas gracias !,0,1,2025-07-25 20:54:03+00:00,105,24,True
Ugy1Zhm38I2fBIttahx4AaABAg,J_jn88PNLOc,UC8IPcF4sxZt1TCs7la4EYtw,Viéndolo desde mi Xiaomi redmi note 13 pro+ 5g. Lo compré hoy en 370$. 12 GB RAM x 500 GB de almacenamiento. En 🇻🇪,0,0,2025-08-05 02:48:10+00:00,114,24,False
UgyU9hg6rnI1mcD7Dph4AaABAg,J_jn88PNLOc,UC8IPcF4sxZt1TCs7la4EYtw,Tengo un Redmi note 14pro+ y es brutal para juegos en mi esperiencia,0,0,2025-08-07 02:05:19+00:00,68,13,False
UgzrBJWfVwZyqx6MCld4AaABAg,J_jn88PNLOc,UC8IPcF4sxZt1TCs7la4EYtw,Jajaja esa falla en la cámara solo lo tiene el Redmi note 13 pro😊,0,0,2025-02-22 05:45:20+00:00,65,14,False
UgxZpEcau7AAyPIb7xd4AaABAg,J_jn88PNLOc,UC8IPcF4sxZt1TCs7la4EYtw,alguien sabe porque las fotos y videos son procesados mucho por la IA? es que quiero desactivarlo pero no se como se puede hacer,0,0,2024-11-20 02:03:28+00:00,128,24,True
UgwO3sm-LVlkn6d-f8V4AaABAg,J_jn88PNLOc,UC8IPcF4sxZt1TCs7la4EYtw,"No puedo ver Netflix en segundo plano, alguien más tiene ese problema?",0,0,2025-02-21 19:54:33+00:00,70,12,True
UgwmiQQNVQ9zIGpPm914AaABAg,J_jn88PNLOc,UC8IPcF4sxZt1TCs7la4EYtw,cual sería el mejor de los redmi note pro en calidad-precio,0,0,2025-02-10 20:02:21+00:00,59,11,False
UgzvFOVYrGJHTtPBk9B4AaABAg,J_jn88PNLOc,UC8IPcF4sxZt1TCs7la4EYtw,Cuál recomiendan más este redmi note 13 pro+ o un moto edge 50 pro?,0,1,2024-11-28 20:22:39+00:00,67,14,True
UgzCnoLHLSSx4wqxAr54AaABAg,J_jn88PNLOc,UC8IPcF4sxZt1TCs7la4EYtw,"Una pregunta el redmi note 13 pro versión 4g traerá hyperos 2.0?, no estoy hablando del 5g ni del plus",0,0,2024-11-28 21:08:21+00:00,102,20,True
UgxwCpP32tVkPydit-V4AaABAg,J_jn88PNLOc,UC8IPcF4sxZt1TCs7la4EYtw,Lo estoy viendo ahorita con este teléfono el único problema es que cuando lo cargo en wifi se va tengo que reiniciarlo y vuelve el wi-fi pero de lo demás va bien,0,0,2025-11-22 05:38:25+00:00,161,32,False
Ugxvm7PzfxcgLpYotSd4AaABAg,J_jn88PNLOc,UC8IPcF4sxZt1TCs7la4EYtw,Añade la Review al galaxy a 55 a ver qué tal es o también la del a25,0,0,2024-12-09 15:36:15+00:00,68,17,False
UgyKgoYJM4NxE83VH7Z4AaABAg,J_jn88PNLOc,UC8IPcF4sxZt1TCs7la4EYtw,Disculopen que procesador tiene?,0,1,2024-12-12 21:56:06+00:00,32,4,True
UgyiQ3CfFBduUZxVeUV4AaABAg,J_jn88PNLOc,UC8IPcF4sxZt1TCs7la4EYtw,Es el mejor el poco X6 o el Xiaomi redmi note 13 pro Plus?,0,6,2024-12-13 23:14:46+00:00,58,14,True
UgwKlXx_P_4Caz1IVsF4AaABAg,J_jn88PNLOc,UC8IPcF4sxZt1TCs7la4EYtw,Veo que hace bonitas fotos el 13 pro Plus,1,0,2024-12-13 23:15:28+00:00,41,9,False
UgzONRRaHLd4R9Vt8vp4AaABAg,J_jn88PNLOc,UC8IPcF4sxZt1TCs7la4EYtw,Las imágenes que tiene,0,0,2024-12-13 23:16:03+00:00,22,4,False
UgyTp_vYHLrfwBYmBip4AaABAg,J_jn88PNLOc,UC8IPcF4sxZt1TCs7la4EYtw,"Hola amigo/s, me gustaría saber si este teléfono cuenta con memoria expandible micro SD? Lástima que no mostró eso en el vídeo.",0,1,2024-12-15 00:51:46+00:00,127,22,True
Ugz2QcAjrSu9FEK09ip4AaABAg,J_jn88PNLOc,UC8IPcF4sxZt1TCs7la4EYtw,"Hola, he escuchado quejas con que la batería no les dura casi nada y tienen que cargarlo 2 o 3 veces al día, qué me puedes decir acerca de ello?",0,1,2024-12-24 14:33:13+00:00,144,30,True
UgwZeaqvcfM5kY8XHdd4AaABAg,J_jn88PNLOc,UC8IPcF4sxZt1TCs7la4EYtw,Pensé que había uno de 12 GB de ram y 512 de interna,0,1,2024-12-27 01:28:50+00:00,52,13,False
UgymULATxGTL3ggUqE14AaABAg,J_jn88PNLOc,UC8IPcF4sxZt1TCs7la4EYtw,Las apps ya vienen instaladas?,0,0,2024-12-29 18:26:17+00:00,30,5,True
UgywLCceCYZmp2M7sYR4AaABAg,J_jn88PNLOc,UC8IPcF4sxZt1TCs7la4EYtw,"Hola buenas . Usted q es un conocedor del temande la teléfonia , quisiera preguntar cual es el teléfono con un procesador Snap dragón barato q usted recomiende . Yo en mi caso lo daria uso en gaming específicamente ejecutando emuladores de vídeo consolas retros .",0,0,2024-12-31 02:12:25+00:00,263,46,False
Ugxi-ezPXDndtcIBAuZ4AaABAg,J_jn88PNLOc,UC8IPcF4sxZt1TCs7la4EYtw,Nuevo sub porque eres profesional y no eres un fanboy que bendicion encontrarte!,0,0,2025-01-03 17:20:59+00:00,80,13,False
UgwPLfPMcqoKJZ_ozRB4AaABAg,J_jn88PNLOc,UC8IPcF4sxZt1TCs7la4EYtw,Alguien me puede decir si esta versión 13 Pro+ tiene linterna como sus hermanos?,0,1,2025-01-09 23:19:33+00:00,80,14,True
UgzDGywXjHWEDTOdW-94AaABAg,J_jn88PNLOc,UC8IPcF4sxZt1TCs7la4EYtw,"Me encanto el vídeo, la verdad es un buen celular y tenia pensado conprarlo pero al ver tambien el poco f6 me dejo dudas ¿Cual me recomiendan? ¿El pofo f6 o el redmi note 13 pro plus?",0,0,2025-01-17 03:55:57+00:00,183,37,True
Ugy2S4haBlFQ3B5RtAN4AaABAg,J_jn88PNLOc,UC8IPcF4sxZt1TCs7la4EYtw,"Me encantan tus videos, cortos y consisos!! Nuevo subscriptor!!",0,0,2025-02-03 04:19:34+00:00,63,9,False
UgzM5iG0ANa_EpOd1ux4AaABAg,J_jn88PNLOc,UC8IPcF4sxZt1TCs7la4EYtw,increible como el mismo modelo en uruguay sale 519 dolares,0,0,2025-02-18 15:12:35+00:00,58,10,False
UgwLkvGGX_kNCnJNzxt4AaABAg,J_jn88PNLOc,UC8IPcF4sxZt1TCs7la4EYtw,Cuál sería un buen celular para grabar video?,0,0,2025-10-11 08:57:51+00:00,45,8,True
Ugx4Nu24aYRKLc5wwQ54AaABAg,J_jn88PNLOc,UC8IPcF4sxZt1TCs7la4EYtw,"Hola Domingo. Tengo el redmi note 13 pro plus, me gustaría cambiarlo por el galaxy s23 ultra. Crees que valga la pena? Ojalá puedas responder gracias.",0,1,2025-10-13 03:03:03+00:00,150,26,True
Ugwsr2zSNTPslp60-6t4AaABAg,Ql6QNXnCtr0,UCxz7sBKlpcpyCiPwXupRymw,Leí por ahí q sus aplicaciones sueltan publicidad es cierto?,0,1,2024-11-17 20:43:30+00:00,60,10,True
Ugzv61ZEfHgtjZ0bBlp4AaABAg,Ql6QNXnCtr0,UCxz7sBKlpcpyCiPwXupRymw,Tiene expansión de micro sd?,0,1,2025-03-28 23:13:14+00:00,28,5,True
UgytqbADOrqxJ8oVrvl4AaABAg,Ql6QNXnCtr0,UCxz7sBKlpcpyCiPwXupRymw,"*_compre este celular por 156 dolares, no me puedo quejar es un gama media baja... Para las tareas diarias funcionara, el punto fuerte parece ser la bateria. Es extraño, pero veo que su camara no ha mejorado casi nada desde la version XIAOMY NOTE 9 Jajajaja..._*",0,0,2025-03-28 04:21:37+00:00,262,46,False
UgwIkqMgjqBSs7GU2AF4AaABAg,Ql6QNXnCtr0,UCxz7sBKlpcpyCiPwXupRymw,"Disculen no se nada de telefonos, estoy entre este y el moto g85, estan al mismo precio y no se cual convenga más.",1,2,2025-03-26 23:38:37+00:00,114,23,False
Ugwtr8YjS4nMzNbL-FJ4AaABAg,Ql6QNXnCtr0,UCxz7sBKlpcpyCiPwXupRymw,45:45 como se llama ese juego?,0,0,2025-02-26 20:45:13+00:00,30,6,True
UgyXJtFYdsEGkmK0bK14AaABAg,Ql6QNXnCtr0,UCxz7sBKlpcpyCiPwXupRymw,"Ayudaaaa a mi me bloquea todo , no me deja instalarle algunas aplicaciones ya le moví los permisos pero me lanza el mensaje de que el proveedor bloquea las apps 😢",0,1,2025-02-23 16:26:38+00:00,162,31,False
Ugw-o-wy5HhoRICa_aV4AaABAg,Ql6QNXnCtr0,UCxz7sBKlpcpyCiPwXupRymw,Tengo el mismo teléfono y solo me deja jugar en calidad gráfica media cuadros por segundo alta por qué?,0,0,2025-02-18 06:26:15+00:00,103,19,True
Ugy4Ql0H_KqkKWPPWdp4AaABAg,Ql6QNXnCtr0,UCxz7sBKlpcpyCiPwXupRymw,"😢 yo quiero algo estable, me dijeron que este móvil lo es, si, quiero un dispositivo para juegos, pero también quiero pantalla, cámara y rendimiento, no, no exijo en calidad de juego... Es recomendable con lo que describo?",1,0,2025-02-12 20:26:27+00:00,222,38,True
Ugzq_caE28qsxeeaidx4AaABAg,Ql6QNXnCtr0,UCxz7sBKlpcpyCiPwXupRymw,Para comprarle a mis papás un celular nuevo recomiendan este o el A25?,0,2,2025-02-01 17:49:42+00:00,70,13,True
Ugze1Q6kqseAddrv2tx4AaABAg,Ql6QNXnCtr0,UCxz7sBKlpcpyCiPwXupRymw,este note 13 pro 5g($290-330) o el edge 50 fusion ($250-$290),0,0,2025-01-29 23:51:12+00:00,61,11,False
UgyYw6yI0lgwPXgrFFZ4AaABAg,Ql6QNXnCtr0,UCxz7sBKlpcpyCiPwXupRymw,Cual es la diferencia entre el plus y este?,0,0,2025-01-29 16:13:19+00:00,43,9,True
UgxqPqtxgDuD1AqC7F54AaABAg,Ql6QNXnCtr0,UCxz7sBKlpcpyCiPwXupRymw,Entonces si le corre free fire en gráficos máximos?😢,0,1,2025-01-27 22:25:44+00:00,52,9,True
UgzG__P4vflhYa0re7d4AaABAg,Ql6QNXnCtr0,UCxz7sBKlpcpyCiPwXupRymw,Viendo el vídeo pensando en el Motorola 50 edge,0,0,2025-01-26 17:15:34+00:00,47,9,False
UgwaGWN-5qoVZzgTuTd4AaABAg,Ql6QNXnCtr0,UCxz7sBKlpcpyCiPwXupRymw,"Decepcionado de nuevo al encender dice fasboot y de ahí no pasa,ya solicite reembolso",0,0,2025-01-25 20:58:07+00:00,85,14,False
UgxeZt3NQAApwy673rR4AaABAg,Ql6QNXnCtr0,UCxz7sBKlpcpyCiPwXupRymw,"Cuál me convendría ? , redmi note 13 pro o el poco x6 pro , saludos",0,0,2025-01-22 03:48:08+00:00,67,16,True
UgycEKRGISSru4wsklx4AaABAg,Ql6QNXnCtr0,UCxz7sBKlpcpyCiPwXupRymw,Tiene para aptx adaptive?,0,0,2025-01-21 17:01:42+00:00,25,4,True
UgzGzO29Z5wk_QyUzux4AaABAg,Ql6QNXnCtr0,UCxz7sBKlpcpyCiPwXupRymw,Lo mejor es la version de 512 gb con 12 de ram,1,0,2025-01-21 13:45:25+00:00,46,12,False
Ugx5n616Q8Kp2nydw5l4AaABAg,Ql6QNXnCtr0,UCxz7sBKlpcpyCiPwXupRymw,"Fray, cállese y tome mi dinero,jjaja, excelente video Isa,me encantó, quisiera tener ese celular en mis manitas,se ve que promete,",0,0,2025-01-21 04:23:02+00:00,130,20,False
UgyFpX3IGsecGn8KoXd4AaABAg,Ql6QNXnCtr0,UCxz7sBKlpcpyCiPwXupRymw,Entonces cuáles celulares serían mejores en juegos que este ?,0,0,2025-03-30 23:24:57+00:00,61,10,True
UgzojRkR3Unm6LMZX754AaABAg,Ql6QNXnCtr0,UCxz7sBKlpcpyCiPwXupRymw,hola bro yo tengo ese fono pero cuando juego en 20 minutos ya esta caliente es asi o lo llevo a la tienda o q me recomiendas por favor,1,0,2025-01-20 20:38:08+00:00,134,29,False
UgwpyL--VefB5YhFcbx4AaABAg,Ql6QNXnCtr0,UCxz7sBKlpcpyCiPwXupRymw,Lo conseguí a 265 el de 512 😂,0,0,2025-04-12 02:28:40+00:00,29,8,False
UgxBlTNOBrE45QvMXHp4AaABAg,Ql6QNXnCtr0,UCxz7sBKlpcpyCiPwXupRymw,tiene entrada para memoria micro sd ?,0,0,2025-04-20 02:38:23+00:00,37,7,True
UgxAcb5Aqz_Mn0UdrEl4AaABAg,Ql6QNXnCtr0,UCxz7sBKlpcpyCiPwXupRymw,Cuál es la diferencia entre el redmi plus 5g 13 vs el redmi noté 13 pro 5g,0,0,2026-05-03 23:58:29+00:00,74,17,False
UgyqwK38ZqvtVI7e2Wd4AaABAg,Ql6QNXnCtr0,UCxz7sBKlpcpyCiPwXupRymw,La batería no dura nada el 4G es mejor,1,0,2026-03-09 15:23:59+00:00,38,9,False
UgydfGucG46h8WqA-Hx4AaABAg,Ql6QNXnCtr0,UCxz7sBKlpcpyCiPwXupRymw,Recomiendan este celular para Roblox? Lo quiero para un regalo,1,0,2026-01-17 17:37:00+00:00,62,10,True
UgwAlnFg8hXIQv4kJmp4AaABAg,Ql6QNXnCtr0,UCxz7sBKlpcpyCiPwXupRymw,🗣¡Hay que comezar! Ohohohohoh🔥🔥🔥,2,0,2025-12-09 16:27:40+00:00,32,4,False
UgxQGiVts48e1stI8Ll4AaABAg,Ql6QNXnCtr0,UCxz7sBKlpcpyCiPwXupRymw,"Cuál sería mejor opción, este note 13 pro 5g o el poco M7 pro 5g?",1,2,2025-11-18 15:00:48+00:00,65,15,True
UgxPAbUVjA-7yOX5dv94AaABAg,Ql6QNXnCtr0,UCxz7sBKlpcpyCiPwXupRymw,Es un exlente telefono la verdad lo tengo los altavoces estereo suenan exelente la verdad,1,0,2025-09-30 17:47:42+00:00,89,15,False
UgwcgBfNXif3iW_JKWJ4AaABAg,Ql6QNXnCtr0,UCxz7sBKlpcpyCiPwXupRymw,"Que caros son en mexico los teléfonos , ese redmi en mi pais nicaragua salio nuevo a 350 dolares y x ahi anda el precio siempre q sale un gama media .",0,0,2025-09-13 20:45:42+00:00,150,32,False
Ugw-jDfyR9bbZou7kwl4AaABAg,Ql6QNXnCtr0,UCxz7sBKlpcpyCiPwXupRymw,Recomiendan este teléfono pleno 2025??,0,2,2025-08-31 03:57:24+00:00,38,5,True
UgzSS4WGhmbu-CbgmN14AaABAg,Ql6QNXnCtr0,UCxz7sBKlpcpyCiPwXupRymw,si lo encuentro en 5 mil pesos mexicanos ¿Es buena compra?,0,0,2025-08-11 16:42:54+00:00,58,11,True
UgzHiaD0EmoBYcaEU2x4AaABAg,Ql6QNXnCtr0,UCxz7sBKlpcpyCiPwXupRymw,No tiene códec ldac?,0,0,2025-06-29 04:47:02+00:00,20,4,True
UgxlAA_F7inLtTEx1b54AaABAg,Ql6QNXnCtr0,UCxz7sBKlpcpyCiPwXupRymw,La parte trasera es de plástico o de cristal,1,1,2025-06-20 03:27:01+00:00,44,9,False
Ugw090Civ_9KYfeQIa54AaABAg,Ql6QNXnCtr0,UCxz7sBKlpcpyCiPwXupRymw,Me lo acaban de regalar pero veo que tiene una mica delgadita o estoy equivocado?,0,0,2025-06-07 00:10:37+00:00,81,15,True
Ugx8NDeCxER6LB2Kck54AaABAg,Ql6QNXnCtr0,UCxz7sBKlpcpyCiPwXupRymw,Yo lo compre en $2700 pesos mexicanos nuevo y sellado,0,1,2025-06-04 04:13:07+00:00,53,10,False
UgzoyACYBmXETRClgBl4AaABAg,Ql6QNXnCtr0,UCxz7sBKlpcpyCiPwXupRymw,Recomiendan este o el Galaxy S24 los esto consiguiendo casi al mismo precio,0,2,2025-06-02 22:02:09+00:00,75,13,False
UgzrgOkZf8fqnnFTNYR4AaABAg,Ql6QNXnCtr0,UCxz7sBKlpcpyCiPwXupRymw,Que otro teléfono recomiendas ? De mismo precio y mejor en videos y juegos,0,0,2025-05-10 15:40:09+00:00,74,14,True
UgzGM1RM1ssBqMGxOZ54AaABAg,Ql6QNXnCtr0,UCxz7sBKlpcpyCiPwXupRymw,Buen video me sirvió mucho bendiciones ❤,0,0,2025-04-29 03:19:23+00:00,40,7,False
Ugz0bXidgmjGD3EouCR4AaABAg,Ql6QNXnCtr0,UCxz7sBKlpcpyCiPwXupRymw,Se le puede insertar microSD?,1,1,2025-04-22 23:18:18+00:00,29,5,True
UgyuZ6oOAUjrI_fia8N4AaABAg,Ql6QNXnCtr0,UCxz7sBKlpcpyCiPwXupRymw,Quien me lo compra 😢😢😢😢,1,0,2025-04-14 17:45:42+00:00,23,5,False
Ugy7eJHj7oWqJ9VAb1V4AaABAg,Ql6QNXnCtr0,UCxz7sBKlpcpyCiPwXupRymw,Lo ví completo y me buen review,1,0,2024-11-16 16:38:57+00:00,31,7,False
Ugxg6vpPwUqNcW6qw5B4AaABAg,Ql6QNXnCtr0,UCxz7sBKlpcpyCiPwXupRymw,Cómo activar tarjeta simi,0,0,2025-01-20 00:33:58+00:00,25,4,False
UgxZEs_8LBeyw6Apwft4AaABAg,Ql6QNXnCtr0,UCxz7sBKlpcpyCiPwXupRymw,"En argentina este modelo se llama Note 13 pro +, a diferencia del 13 pro..es en la ram..el 13 pro viene con 8 y pro +con 12",0,0,2025-01-17 09:32:01+00:00,123,27,False
UgwYK7H-EFqKJX1RP4J4AaABAg,Ql6QNXnCtr0,UCxz7sBKlpcpyCiPwXupRymw,y el blanco es oficial?,0,0,2024-12-05 03:55:39+00:00,23,5,True
UgxOmkR-8pLDCWsXe-N4AaABAg,Ql6QNXnCtr0,UCxz7sBKlpcpyCiPwXupRymw,"Lo compre por mercado libre y que creen? Todo bien excepto que al ver mis videos de YouTube, facebook etcétera es como si estuviera usando la red 3G, todo demaciado lento, lo voy a regresar, uso red bait, vivo en Querétaro México",0,1,2024-12-04 05:21:40+00:00,229,42,True
UgxwES1eBnYF4v7q7_J4AaABAg,Ql6QNXnCtr0,UCxz7sBKlpcpyCiPwXupRymw,"Tengo el modelo 5G(telcel), me lo regalaron pero no logro encontrar para las app dual",0,0,2024-12-04 03:51:26+00:00,85,15,False
UgxpRP_03PiBT2Eh1hN4AaABAg,Ql6QNXnCtr0,UCxz7sBKlpcpyCiPwXupRymw,Se puede inserta tarjeta de memoria ?,0,0,2024-12-02 17:46:58+00:00,37,7,True
Ugx-uCt_VVrD14aiJ5R4AaABAg,Ql6QNXnCtr0,UCxz7sBKlpcpyCiPwXupRymw,Estoy entre este o el samsumg A55 5g cual me recomiendan?,0,2,2024-12-02 01:35:55+00:00,57,11,True
UgxCD8_k3-we_OZ8uVl4AaABAg,Ql6QNXnCtr0,UCxz7sBKlpcpyCiPwXupRymw,Yo lo encontré 5g 512/12 en 5500,1,3,2024-12-01 10:58:44+00:00,32,7,False
UgyRhCw2bgsg1t_jS8l4AaABAg,Ql6QNXnCtr0,UCxz7sBKlpcpyCiPwXupRymw,Es demasiado acá en Venezuela vale de 200 a 230$,0,0,2024-11-29 14:18:38+00:00,48,10,False
Ugwrlkpak6hYWQHs8hh4AaABAg,Ql6QNXnCtr0,UCxz7sBKlpcpyCiPwXupRymw,A alguien más le pasa que la cobertura de señal es malísima?,0,1,2024-11-29 04:25:38+00:00,60,12,True
UgxDIV0xQ4wFQ3oYYjp4AaABAg,Ql6QNXnCtr0,UCxz7sBKlpcpyCiPwXupRymw,Es el mismo video del poco pro,0,0,2024-11-28 07:40:36+00:00,30,7,False
UgxcLLunBCHLdX39XQB4AaABAg,Ql6QNXnCtr0,UCxz7sBKlpcpyCiPwXupRymw,:cual seria mejor el xiaomi note 13 pro o el xiaomi T14???,0,0,2024-11-28 06:32:49+00:00,58,12,True
UgxzzBKZGrEu5EoRwBF4AaABAg,Ql6QNXnCtr0,UCxz7sBKlpcpyCiPwXupRymw,36:15 exclamó las 7 palabras 🗣️🔥🔥🔥🔥,16,2,2024-11-23 22:59:05+00:00,35,6,False
Ugy79qM5roHeXHe83aF4AaABAg,Ql6QNXnCtr0,UCxz7sBKlpcpyCiPwXupRymw,Yo lo compre en 7500😅😅😅 el 5g,0,0,2024-11-23 01:51:04+00:00,29,7,False
Ugw5NDOpqB_j9mrpS_p4AaABAg,Ql6QNXnCtr0,UCxz7sBKlpcpyCiPwXupRymw,Yo lo compre en 4000 y me gustó ..😅,0,0,2024-11-22 21:00:34+00:00,35,9,False
UgxbypzV42fx2God_yt4AaABAg,Ql6QNXnCtr0,UCxz7sBKlpcpyCiPwXupRymw,"Por fin puedo decir: viendolo desde mi redmi note 13 pro 5g Se los recomiendo totalmente Yo lo compre a menos de 270 dólares, y las camaras por este precio es de locos, muy buena cámara y todo lo demás, batería, carga rápida, pantalla, rendimiento, etc, son más que suficientes por el precio",1,3,2024-11-22 17:44:20+00:00,291,53,False
UgzXKWrseRGoDO1flXh4AaABAg,Ql6QNXnCtr0,UCxz7sBKlpcpyCiPwXupRymw,No me gustó incluso un oppo 5 viejito que tengo lo supera en la calidad de imagen de pantalla,0,0,2024-11-22 16:47:29+00:00,93,19,False
UgyICmIEZW3w8_Z9Gy14AaABAg,Ql6QNXnCtr0,UCxz7sBKlpcpyCiPwXupRymw,Es normal que la pantalla vibre cuando se reproduce sonido?,0,0,2024-11-22 04:09:12+00:00,59,10,True
UgzLraDfOnskxEaeF1x4AaABAg,Ql6QNXnCtr0,UCxz7sBKlpcpyCiPwXupRymw,"Este me voy a comprar, el siguiente modelo es superior en procesador pero no trae la entrada jack 3.5, solo con esa entrada sepuede usar audifonos HQ de precio accesibles..",0,0,2024-11-21 06:38:33+00:00,172,30,False
UgwPyIM9gXEs6Y1HXBJ4AaABAg,Ql6QNXnCtr0,UCxz7sBKlpcpyCiPwXupRymw,"Tengo apple y me quiero cambiar a android por una cuestión de precio. Esta muy bueno en todo pero lpm la cámara es horrible comparado a iPhone, incluso yo que tengo un iphone de hace mil años, me da bronca que ningún celu android tenga cámara al mismo nivel que apple. Porque en muchas cosas xiaomi le pasa el trapo a apple, pero la cámara JAMÁS le iguala (y no solo xiaomi todos los android en si) no se como explicarlo, las fotos son raras. Osea cuando una foto esta sacada con android te re das cuenta a leguas que es android, aunque su cámara sea buena, no se porque, hay algo en la calidad, en las texturas. Por ejemplo en los árboles en donde más te das cuenta creo yo, cómo que las texturas, no se, son finitas, raras, salen feas. Lo que más voy a extrañar de apple es la cámara definitivamente, nadie la iguala, los únicos celus que vi que enserio compiten con la cámara de iPhone son los Google pixel",0,6,2024-12-05 17:42:07+00:00,909,174,False
UgwnUB7sHn7kJT-_Wud4AaABAg,Ql6QNXnCtr0,UCxz7sBKlpcpyCiPwXupRymw,Los teléfonos que son homologados son buenos?,0,0,2025-01-18 06:03:40+00:00,45,7,True
UgytGaqHlV3Dkw4Pky94AaABAg,Ql6QNXnCtr0,UCxz7sBKlpcpyCiPwXupRymw,Esta en 6000 en Elektra,0,1,2024-12-06 02:33:44+00:00,23,5,False
UgybsGsamwQQlGV81gV4AaABAg,Ql6QNXnCtr0,UCxz7sBKlpcpyCiPwXupRymw,Está bueno la neta lo estoy usando ahorita y la neta está genial,4,0,2024-12-10 16:41:03+00:00,64,13,False
UgyEFzxP0zzMDhk64Bl4AaABAg,Ql6QNXnCtr0,UCxz7sBKlpcpyCiPwXupRymw,"Que dira Isa Marcial, cuando prueba las camaras de los dispositivos 🤨🤨🤔🤔",0,0,2025-01-17 01:20:59+00:00,72,12,False
UgysuEwdYrB9g2_buJd4AaABAg,Ql6QNXnCtr0,UCxz7sBKlpcpyCiPwXupRymw,Yo lo acabo de comprar por 200 dólares 😊,0,0,2025-01-10 11:54:52+00:00,40,9,False
Ugzjvh8P8YzOytSdC_B4AaABAg,Ql6QNXnCtr0,UCxz7sBKlpcpyCiPwXupRymw,Diganme la verdad por favor cual es mejor el a23 o el redmi note 13 pro tengo el a23 pero quiero cambiar pero no sed,0,1,2025-01-07 14:46:57+00:00,116,25,False
UgxH4ihFrSRFJTmpEbx4AaABAg,Ql6QNXnCtr0,UCxz7sBKlpcpyCiPwXupRymw,"Ahora mismo está en Mercado Libre la versión de 8GB/256GB por $3,605, pero el vendedor no me da confianza (CNLUCKYSTORESMXR) , alguien me puede asesorar, por favor.",0,0,2025-01-02 20:14:47+00:00,164,27,False
UgxhCADygKU7IjnLuG14AaABAg,Ql6QNXnCtr0,UCxz7sBKlpcpyCiPwXupRymw,Compré el equipo al encenderlo como le hago para registrar el número,0,0,2025-01-01 18:08:30+00:00,68,12,False
UgxtzXwUG3ARTwQmsF94AaABAg,Ql6QNXnCtr0,UCxz7sBKlpcpyCiPwXupRymw,para conciertos el zoom si es bueno? o no es recomendable,0,0,2024-12-31 16:35:52+00:00,57,11,True
UgwNcmmEmz-ylTFWbkl4AaABAg,Ql6QNXnCtr0,UCxz7sBKlpcpyCiPwXupRymw,Youtube no esta disponible para la barra lateral pues porque ehem premium Pero al estar aliados con google una buena opcion seria que al obtener la version premium se te deje ponerla en ese modo,0,0,2024-12-30 02:08:01+00:00,194,35,False
UgwsVv5Ligx_pVA7VaB4AaABAg,Ql6QNXnCtr0,UCxz7sBKlpcpyCiPwXupRymw,Entre ese y el samung a 35 en camara cual sería mejor?,0,0,2024-12-29 04:52:28+00:00,54,12,True
UgyT-iWPDhPiABLL2mt4AaABAg,Ql6QNXnCtr0,UCxz7sBKlpcpyCiPwXupRymw,Entonces la cámara de selfie de este es mejor que el 14 pro?,0,0,2024-12-28 05:00:25+00:00,60,13,True
UgxqAkANEZLDY7C_6Hx4AaABAg,Ql6QNXnCtr0,UCxz7sBKlpcpyCiPwXupRymw,Pregunta seria siguen saliendo anuncios en los celuales de Xiaomi,0,0,2024-12-25 18:23:26+00:00,65,10,False
UgxEAlazXCzeBJinA9R4AaABAg,Ql6QNXnCtr0,UCxz7sBKlpcpyCiPwXupRymw,Hola una pregunta esto es mejor que un iPhone?,0,1,2024-12-23 21:59:35+00:00,46,9,True
UgxjSQW7s-vDFDpIVNF4AaABAg,Ql6QNXnCtr0,UCxz7sBKlpcpyCiPwXupRymw,"Que raro que cueste tanto en mexico, en varios paises no pasa de los 350 o 300",0,0,2024-12-21 02:07:48+00:00,78,17,False
UgxI4W7-y_5tL6DJnH14AaABAg,Ql6QNXnCtr0,UCxz7sBKlpcpyCiPwXupRymw,"Gente lo compro o no , tengo hasta mañana para decidir ?",0,0,2024-12-20 22:45:54+00:00,56,12,True
UgwG-OAgU5vmXuZvQhN4AaABAg,Ql6QNXnCtr0,UCxz7sBKlpcpyCiPwXupRymw,"Hola, que camara es mejor? Redmi note 13 pro o Motorola edge 50 fusión? Gracias!",0,0,2024-12-19 17:46:00+00:00,80,15,True
UgzmQDmM8zIcxCsjpAR4AaABAg,Ql6QNXnCtr0,UCxz7sBKlpcpyCiPwXupRymw,"Chicos.... Saben si con este cel se puede grabar con camara frontal y camara principal, tipo Camara Dual?",0,0,2024-12-16 03:56:44+00:00,105,18,True
Ugy2Ayrej8VjQkhk73B4AaABAg,Ql6QNXnCtr0,UCxz7sBKlpcpyCiPwXupRymw,Waoo hace 7 meses a 700 dólares yo acabo de hacer la compra de uno a 310 dólares ufff menos mal 😮,3,1,2024-12-11 19:29:39+00:00,97,22,False
UgyrjK4JeHmROAGr7vd4AaABAg,Ql6QNXnCtr0,UCxz7sBKlpcpyCiPwXupRymw,Cuál comprar chinese versión o global rom?,1,0,2024-12-11 19:25:18+00:00,42,7,True
UgwUkFsFzpLQ_s0cic94AaABAg,Ql6QNXnCtr0,UCxz7sBKlpcpyCiPwXupRymw,Quiero ese que tal,0,0,2024-12-06 17:44:45+00:00,18,4,False
UgwvvT_29EA-f1Hj1uN4AaABAg,Ql6QNXnCtr0,UCxz7sBKlpcpyCiPwXupRymw,Lo acabo de conseguir en $4mil pesos mexicanos en Telcel 🙌🏻😊👌🏻,0,1,2024-11-16 03:01:35+00:00,62,11,False
UgyRGete-ChllyUL_tp4AaABAg,Ql6QNXnCtr0,UCxz7sBKlpcpyCiPwXupRymw,Como agrego mis archivos de la sd a mi cel ?,0,1,2025-01-29 21:26:59+00:00,44,11,True
UgxPGquhPs5R9A0YcVp4AaABAg,Ql6QNXnCtr0,UCxz7sBKlpcpyCiPwXupRymw,"Si quieres fotografías ""perfectas"" y video será mejor comprar una cámara profesional para dichos usos ...o no?creo que le piden demasiado a Xiaomi",0,0,2026-09-15 17:24:18+00:00,146,23,True
UgzvydG-8Br19GAYgdB4AaABAg,Ql6QNXnCtr0,UCxz7sBKlpcpyCiPwXupRymw,Mi novia tiene ese teléfono y es muy bueno y yo tengo el redmi note 15 pro 5g y también es muy bueno,0,0,2026-06-26 20:17:30+00:00,100,23,False
Ugz-S70JT4r7K6Bxhg14AaABAg,PAW4EgpYMJ4,UCcUr_9FT9kFwSY_iP3Yh8Ig,"La cámara falla en 2 meses, los vídeos se pega demasiado",0,0,2025-03-15 00:37:15+00:00,56,11,False
UgzeBbMYmXSotZCXO154AaABAg,PAW4EgpYMJ4,UCcUr_9FT9kFwSY_iP3Yh8Ig,"no que 5 meses chismoso, solo lo usaste 3 dias.....",14,1,2025-05-16 17:19:44+00:00,51,10,False
Ugy0lLWkpC5Y_TipQld4AaABAg,PAW4EgpYMJ4,UCcUr_9FT9kFwSY_iP3Yh8Ig,¿Recomiendan comprarlo en 200 dolares? en mayo 2025,0,0,2025-05-19 18:22:09+00:00,51,8,True
Ugxkpe1s1NO7q07RxkZ4AaABAg,PAW4EgpYMJ4,UCcUr_9FT9kFwSY_iP3Yh8Ig,Yo lo tengo y los vídeos los muy buenos y no tiene ese efecto que le sale a usted,0,0,2025-05-24 21:18:25+00:00,81,19,False
UgxMYw4P7BP0FmtQChp4AaABAg,PAW4EgpYMJ4,UCcUr_9FT9kFwSY_iP3Yh8Ig,RN 10 pro Una muy mala experiencia de uso Sensor de proximidad Inestabilidad en sistema Teclado incomodo después de 3 años de uso Lento y poco fluido muchas veces Sistema operativo que ocupa mucho espacio,0,0,2025-06-01 21:37:57+00:00,204,35,False
UgyT2MS0RVD-9Tew3p94AaABAg,PAW4EgpYMJ4,UCcUr_9FT9kFwSY_iP3Yh8Ig,"Buenas, cuantos años de actualizacion de software tiene? estoy entre este y el Moto g75 5g",0,0,2025-06-03 20:19:50+00:00,90,16,True
UgzXRqSouFduRouNN7x4AaABAg,PAW4EgpYMJ4,UCcUr_9FT9kFwSY_iP3Yh8Ig,Yo lo tengo y me ha salido bueno el celular,0,2,2025-03-11 23:22:10+00:00,43,10,False
Ugyuc5aO7ifz6tGZjyB4AaABAg,PAW4EgpYMJ4,UCcUr_9FT9kFwSY_iP3Yh8Ig,😂 lo usaste 3 dias? Porque dices despues de 5 meses?mm😂😂😂😂 dislike y cero credibilidad,1,0,2025-06-14 13:38:21+00:00,86,15,True
Ugw7rEgKG5np6U_tkCJ4AaABAg,PAW4EgpYMJ4,UCcUr_9FT9kFwSY_iP3Yh8Ig,Compré éste dispositivo el año pasado y hasta la fecha no me ha dado ningún problema!!! Muy satisfecho con la compra 🤠,14,0,2025-06-27 13:19:22+00:00,118,22,False
Ugx9EUN3HBo3R2itq2J4AaABAg,PAW4EgpYMJ4,UCcUr_9FT9kFwSY_iP3Yh8Ig,Lo puedo conseguir en 2500 vale la pena??,0,0,2025-05-16 03:58:09+00:00,41,8,True
UgxrKOiz8l3PFHeodbR4AaABAg,PAW4EgpYMJ4,UCcUr_9FT9kFwSY_iP3Yh8Ig,Yo lo quiero comprar ahora en julio de 2025 porque es uno de los últimos que traen Jack de audio. Tengo los más actuales pero no me gusta los audífonos inalámbricos porque tienen latencia todos siempre demora unos milisegundos.,3,0,2025-07-03 23:53:01+00:00,227,39,False
UgwWTRc1C_8Q6h-jt514AaABAg,PAW4EgpYMJ4,UCcUr_9FT9kFwSY_iP3Yh8Ig,La mayoría de los Xiaomi son buenos celulares. Yo tengo el 14C de 256 GB y expandible hasta 16 de Ram y sale muy bien. Nunca he tenido un buen celular y el que tengo me parece un gama alta siendo precio económico.,1,0,2025-07-17 19:51:36+00:00,213,43,False
Ugz7sv8maCopBotixqF4AaABAg,PAW4EgpYMJ4,UCcUr_9FT9kFwSY_iP3Yh8Ig,"pero por que estupida razon le quitaron el slot para memory card ? tengo una de 1T rapidisima..que problema hay? porque la estan quitando, ya quitaron el jack...que mi er da pasa??",3,1,2025-09-14 05:00:28+00:00,180,32,True
Ugy2T67t2q5oKgTZJVF4AaABAg,PAW4EgpYMJ4,UCcUr_9FT9kFwSY_iP3Yh8Ig,Este modelo de telefono no descarga en la galeria ni fotos ni videos de WhatsApp. Y es una verdadera molestia. Es lo unico malo pero no lo recomiendo,1,0,2025-09-29 21:34:38+00:00,149,28,False
UgwFnFSyqDIR-xqokvR4AaABAg,PAW4EgpYMJ4,UCcUr_9FT9kFwSY_iP3Yh8Ig,"Tú quelo has usado, Me puedes indicar si hay algún problema con la configuración de notificaciones?, es el dispositivo que le regalamos a mi padre hace un año y nos estamos volviendo locos, porque cuando le pones sonido para notificaciones absolutamente todo lo que llega tanto correo, WhatsApp, SMS suenan con el mismo tono, se configuran los WhatsApp para que suenen diferentes- antes funcionaba y ahora no -, sigue tomando el mismo sonido de las notificaciones del sistema y no hay manera de cambiarlo, además es que la linterna cuando se enciende, suena con la notificación del sistema, si alguien sabe qué es lo que está sucediendo y me puede echar un cable, le agradecería enormemente, muy buen vídeo. Saludos ❤",0,0,2025-10-04 22:29:52+00:00,717,121,True
Ugz0tArE4vgVATTtR9J4AaABAg,PAW4EgpYMJ4,UCcUr_9FT9kFwSY_iP3Yh8Ig,Pues dejame decirte.. q.. se me ha sumergido 2 veces en agua. Caliente con cloro.. de la fregona . Lo he sacado del fondo.. . Y ha seguido funcionando normal.. muy buen teléfono..,1,0,2025-10-13 15:00:26+00:00,179,33,False
Ugy-rLadmDPnb3aCcHF4AaABAg,PAW4EgpYMJ4,UCcUr_9FT9kFwSY_iP3Yh8Ig,"Yo lo tengo desde hace casi un año y lo único que me molesta es que cuando juego Wild Rift ya no me corre a 120hz, a veces a 90, pero más estable a 60 y siento que con el tiempo se ha lenteado un poco en el rendimiento en general, aunque desde mi país es complicado dar opiniones xq el internet es prácticamente el peor del mundo sinó el peor. Por lo demás en general todos creen que me compré un ""gama alta""😅😂😂😂",0,0,2025-10-15 20:07:51+00:00,412,84,False
Ugyda-F4Apem2FehK-p4AaABAg,PAW4EgpYMJ4,UCcUr_9FT9kFwSY_iP3Yh8Ig,"Perdón, se carga al 100 en 45 mins aproximadamente",0,0,2025-10-15 20:11:14+00:00,50,9,False
UgwtyFGp-dPZHM_VkQZ4AaABAg,PAW4EgpYMJ4,UCcUr_9FT9kFwSY_iP3Yh8Ig,No sé qué habré tocado pero más nunca he podido volver a grabar llamada. Puedes hablar de cómo hacerlo?,0,0,2025-10-15 20:13:09+00:00,103,19,True
UgzsN-953JwDnxKl3zB4AaABAg,PAW4EgpYMJ4,UCcUr_9FT9kFwSY_iP3Yh8Ig,Totalmente de acuerdo la cámara es lo peor lo que no se si es reparable o que hacer solucionar ese problema de las cámaras.,2,1,2025-07-08 13:39:15+00:00,123,24,False
Ugwz4_FtYxYPE08537N4AaABAg,PAW4EgpYMJ4,UCcUr_9FT9kFwSY_iP3Yh8Ig,"Yo justo lo compre hace dos días, para usarlo como segundo móvil, ya que vivo en hispanoamerica y no puedo estar en ciertas partes de mi ciudad con seguridad! Es un equipo, rápido, la camara es solvente y la batería si tiene buena duración",0,1,2025-05-15 01:57:07+00:00,239,44,False
UgzbyNgKmRU7O0zZcQ54AaABAg,PAW4EgpYMJ4,UCcUr_9FT9kFwSY_iP3Yh8Ig,Gente q me recomiendan el redmi note 13 pro o el 14 pro,0,1,2025-05-09 21:30:58+00:00,55,13,False
UgzWEd7PnS6b3eRm-CZ4AaABAg,PAW4EgpYMJ4,UCcUr_9FT9kFwSY_iP3Yh8Ig,"Una cosa que he notado en los redmis, por lo menos en los actuales, es que tienen prestaciones que no funcionan, o sea está el cartel que te dice lo que hace pero en realidad cuando lo activas no hace nada, el ""Smart charging"" es pura falacia, el ""Standard charging"" también. Mi teléfono nunca se para de cargar al 80% y siempre cuando lo conecto se carga a 67 watts y en el mismo tiempo de siempre. He visto a otros youtubers alabando estas prestaciones pero no veo a nadie diciendo la verdad, que no funcionan 🫥",0,0,2025-10-16 13:55:11+00:00,513,97,False
UgxuCzMKEHmxwJ7Bop14AaABAg,PAW4EgpYMJ4,UCcUr_9FT9kFwSY_iP3Yh8Ig,"Yo lo tengo desde el verano pasado y no tengo ninguna queja, venía de un realme 7 pro",0,0,2025-03-16 10:47:37+00:00,85,18,False
UgwWqHYidCcR4JecBYR4AaABAg,PAW4EgpYMJ4,UCcUr_9FT9kFwSY_iP3Yh8Ig,"El Redmi note 11pro+ es mas de lo que puedo pedir en mi de uso diario. No veo por que no este, hoy por hoy, de muy buen precio.",0,0,2025-03-17 00:07:07+00:00,127,29,False
Ugx3jCKK0OlO9vuESP14AaABAg,PAW4EgpYMJ4,UCcUr_9FT9kFwSY_iP3Yh8Ig,Cómo es el cargador? Dicen que no es compatible con los enchufes en México,0,0,2025-03-17 01:21:09+00:00,74,14,True
Ugx7UvMjikx3MunXweF4AaABAg,PAW4EgpYMJ4,UCcUr_9FT9kFwSY_iP3Yh8Ig,A ver emn el enunciado pones 13 pro 5gpero luego dices qués 3l pro plus???? No me vale para nada😢,0,0,2025-03-18 21:16:49+00:00,97,20,True
UgyQ5q0Yo0zVemzmB7h4AaABAg,PAW4EgpYMJ4,UCcUr_9FT9kFwSY_iP3Yh8Ig,"A ver a mi se me fundio el 10 note que lo compre de segunda mano y me sobraba, usando tiktok todo el día, Youtube. Whatsas todo el dia...asi que este Note 13 pro 5g que lo he conseguido hoy en la app de Miravia por 209€ aun lo tenéis hay un 25% extra ahora hasta el día 2y de marzo. Me llegará en los próximos días.ya os contaré. Yo creo que por prestaciones su puerto JACK para mi importante creo lleva , y si no pues bueno que de sobraaa con el note 13 pro.5g por 30 € más en aliexpres hay opción de pillar el 14 pro 5g . Pero parecen que",0,0,2025-03-20 10:29:49+00:00,540,114,False
UgxRF30P08aiwy2KPDV4AaABAg,PAW4EgpYMJ4,UCcUr_9FT9kFwSY_iP3Yh8Ig,ese telefono lo encontre en un lugar por 195 dolares es recomendable?,0,0,2025-03-26 00:08:19+00:00,69,12,True
UgxPSItn0yQ2uoIczfx4AaABAg,PAW4EgpYMJ4,UCcUr_9FT9kFwSY_iP3Yh8Ig,El mío se lagea de la nada 😞,1,0,2025-03-27 04:16:56+00:00,28,8,False
UgxGQZ0CfIJLgUUaw6R4AaABAg,PAW4EgpYMJ4,UCcUr_9FT9kFwSY_iP3Yh8Ig,"Buenas, este teléfono tiene NFC?",0,0,2025-03-28 00:58:55+00:00,32,5,True
UgxYlJh_5ofr0f74b7V4AaABAg,PAW4EgpYMJ4,UCcUr_9FT9kFwSY_iP3Yh8Ig,Yo lo tengo y me gusta la camara y tengo ese dispositivo es excelente muy buena la opciones,0,0,2025-03-30 15:34:37+00:00,91,18,False
UgyfcD8_qZ5am8ZjaOF4AaABAg,PAW4EgpYMJ4,UCcUr_9FT9kFwSY_iP3Yh8Ig,Lo actualice de hyperos 1 a 2.0.6 y ya el sensor de huellas no funciona,0,0,2025-03-31 19:08:05+00:00,71,15,False
UgzBGUellfy1UEti1SR4AaABAg,PAW4EgpYMJ4,UCcUr_9FT9kFwSY_iP3Yh8Ig,tu video me sirvio mucho. gracias crack. abrazo lobo,0,0,2025-04-05 18:10:10+00:00,52,9,False
UgxX99p7i0cvuAIa72l4AaABAg,PAW4EgpYMJ4,UCcUr_9FT9kFwSY_iP3Yh8Ig,Yo solo me quería sacar la espina de la resistencia al agua. Fuera de eso muy resistente a caidas y muy buen rendimiento.,0,0,2025-04-07 19:50:07+00:00,121,23,False
Ugx5ykxMtKyfNDX9fDN4AaABAg,PAW4EgpYMJ4,UCcUr_9FT9kFwSY_iP3Yh8Ig,jjajajaj si exactamente busco que tenga entrada para auriculares,1,0,2025-04-08 00:46:39+00:00,64,9,False
UgxSjgzSi9QDKkBgSf14AaABAg,PAW4EgpYMJ4,UCcUr_9FT9kFwSY_iP3Yh8Ig,Es bueno yo quiero comprar por los otros reymy salieron malos porque dígame,0,0,2025-04-11 04:56:46+00:00,75,13,False
UgxMXGlZV64xQBTWxat4AaABAg,PAW4EgpYMJ4,UCcUr_9FT9kFwSY_iP3Yh8Ig,"Hola.Te hago una consulta, el mismo celular, pero de 512gb, tiene también entrada para auricular? Porque consulte por ML y me dicen que No tiene 3.5 para auricular.",0,0,2025-04-11 12:13:13+00:00,164,28,True
UgwC8HlCMNKPX8Zu7Bl4AaABAg,PAW4EgpYMJ4,UCcUr_9FT9kFwSY_iP3Yh8Ig,El mio no traye ese yac 3.5😢,0,0,2025-04-20 02:26:31+00:00,28,7,False
UgzsKJo9X6pKeEf4ACF4AaABAg,PAW4EgpYMJ4,UCcUr_9FT9kFwSY_iP3Yh8Ig,Como le quito la publicidad 😅alguien lo sabe??,0,0,2025-04-22 16:47:14+00:00,46,8,True
Ugwxy3A65-0Bv2GBC394AaABAg,PAW4EgpYMJ4,UCcUr_9FT9kFwSY_iP3Yh8Ig,Quisiera saber si me recomiendan este equipo para grabar reels y editar.,0,0,2025-04-22 23:09:23+00:00,72,12,False
UgzVpmEQkkxBG_LgmF94AaABAg,PAW4EgpYMJ4,UCcUr_9FT9kFwSY_iP3Yh8Ig,"Yo tengo un redmi note 8 pro y sigue sin problemas, estoy pensando en el 13 por la esim.",0,0,2025-04-26 14:10:56+00:00,88,19,False
Ugzg4SED-V8a_9hrXBN4AaABAg,PAW4EgpYMJ4,UCcUr_9FT9kFwSY_iP3Yh8Ig,"yo tenia el xiami.redmi,note 8 y era buenicimo pero me comprare otro",0,0,2025-03-13 01:14:46+00:00,68,12,False
UgyI1v-JY3tmgahpQtJ4AaABAg,PAW4EgpYMJ4,UCcUr_9FT9kFwSY_iP3Yh8Ig,pues llegue aca por la bateria de resto todo esta ok,0,0,2025-05-06 23:59:15+00:00,52,11,False
UgxsqAyHN7lVgRAGJyl4AaABAg,PAW4EgpYMJ4,UCcUr_9FT9kFwSY_iP3Yh8Ig,Es cierto que se sobrecalienta mucho???,0,1,2025-01-31 12:11:22+00:00,39,6,True
UgwZX9WBjuEsiZsO0c14AaABAg,PAW4EgpYMJ4,UCcUr_9FT9kFwSY_iP3Yh8Ig,Es mejor este que un poco M7 pro 5g?,0,0,2025-11-18 14:10:10+00:00,36,9,True
Ugwzx79X_LNzGDGS_L14AaABAg,PAW4EgpYMJ4,UCcUr_9FT9kFwSY_iP3Yh8Ig,"Algún teléfono de Xiaomi que tenga todo ? Esim, doble sim, ranura sdo micro, nfc, 512Galmacenamiemto. Audífonos 3.5 ,?",0,0,2026-09-17 19:34:19+00:00,118,19,True
Ugw0ZfY3toyTPCN1lwV4AaABAg,PAW4EgpYMJ4,UCcUr_9FT9kFwSY_iP3Yh8Ig,me lo acabo de comprar por 113 euros,0,0,2026-10-02 16:39:55+00:00,36,8,False
Ugxk02gntJaqD-Ne3T14AaABAg,PAW4EgpYMJ4,UCcUr_9FT9kFwSY_iP3Yh8Ig,"porquería de cel, me parece mejor el redmi note 10s",0,0,2025-03-10 18:32:11+00:00,51,10,False
UgwuA0wdUiSoM38CYz94AaABAg,PAW4EgpYMJ4,UCcUr_9FT9kFwSY_iP3Yh8Ig,"Siempre los dispositivos tienen sus pro y contra, lo importante es que le guste a uno, me gusta mucho su estilo y diseño y mas su precio ya ordene uno y me estraña que no traiga para SD el que compre lo trae con doble SiM.",0,0,2025-03-06 14:05:18+00:00,222,46,False
UgxBW0BvkDIIuhLe6st4AaABAg,PAW4EgpYMJ4,UCcUr_9FT9kFwSY_iP3Yh8Ig,No es buena opción lo tengo y es muy lento y aunque tiene carga rapida que es muy eficiente la bateria no dura nada se va muy rápido,0,0,2025-03-01 03:26:00+00:00,132,28,False
Ugyb8dj_zxKrK3hNk754AaABAg,PAW4EgpYMJ4,UCcUr_9FT9kFwSY_iP3Yh8Ig,"Lo compré y solo me duró la garantia, después me empezó a bloquear llamadas, durante una semana ya tenía todos mis contactos de llamadas bloqueados 😢",3,1,2025-02-26 23:27:43+00:00,149,26,False
UgwGVnqtrSPjsOKi0Yl4AaABAg,PAW4EgpYMJ4,UCcUr_9FT9kFwSY_iP3Yh8Ig,"Lo compre por su procesador, pero desde el día uno venía con fallos con problemas de agarrar el wifi no puedo jugar menos por mucho tiempo por qué el sobrecalentamiento es un problema y se comienza a pegar y dar tirones no recomiendo el teléfono.",0,0,2025-02-26 12:55:21+00:00,246,45,False
UgxUHMI6EbuhW7rHB8J4AaABAg,PAW4EgpYMJ4,UCcUr_9FT9kFwSY_iP3Yh8Ig,"Dices que solo 3 días de uso, pero en tu miniatura dices 5 meses , que estafa.",0,0,2025-02-24 22:07:21+00:00,78,17,False
UgzMiPPwjCRx6zi6hP14AaABAg,PAW4EgpYMJ4,UCcUr_9FT9kFwSY_iP3Yh8Ig,"Yo estoy arrepentida la batería no me dura más de 24horas el cargador en Argentina no sirve , tiene un formato que no se puede usar directamente , la verdad que lo voy a vender y comparé un Motorola.",0,0,2025-02-24 00:32:08+00:00,199,39,False
UgyL5nY5zjlgnGH_G3l4AaABAg,PAW4EgpYMJ4,UCcUr_9FT9kFwSY_iP3Yh8Ig,NO puedo escuchar mis audífonos en este teléfono,0,0,2025-02-20 11:08:33+00:00,48,8,False
UgxJeptA4PGUK0TMned4AaABAg,PAW4EgpYMJ4,UCcUr_9FT9kFwSY_iP3Yh8Ig,Es mejor está versión o el pro plus??,0,0,2025-02-19 03:04:23+00:00,37,8,True
UgzcUwTi-BnbLeAoD2R4AaABAg,PAW4EgpYMJ4,UCcUr_9FT9kFwSY_iP3Yh8Ig,Hola yo hago video para mí canal... Este celular me lo recomiendas ? Para grabar o otro mejor ?,0,0,2025-02-15 17:26:17+00:00,95,19,True
Ugw7m29sDwP4pMvfr6V4AaABAg,PAW4EgpYMJ4,UCcUr_9FT9kFwSY_iP3Yh8Ig,Lo compre 2 semanas mi cel anterior murió es super rápido rezo dure 2 años😂😂😂❤,0,0,2025-02-14 14:55:26+00:00,78,15,False
UgwpqXJf5WKO_UhDk8B4AaABAg,PAW4EgpYMJ4,UCcUr_9FT9kFwSY_iP3Yh8Ig,"Las fotos tienen un color muy feo, oscuro y por lo general salen fuera de foco. Una decepción",0,0,2025-02-12 14:48:03+00:00,93,18,False
UgxVop3fzHC1k-FGjJJ4AaABAg,PAW4EgpYMJ4,UCcUr_9FT9kFwSY_iP3Yh8Ig,Se puede poner dos sims gracias de antemano,0,1,2025-02-12 07:25:27+00:00,43,8,False
UgzdY8SKW-otPPNPPqR4AaABAg,PAW4EgpYMJ4,UCcUr_9FT9kFwSY_iP3Yh8Ig,"Gracias crack por el video, no me afecta nada y es el cel que voy a comprar",0,0,2025-02-07 17:42:10+00:00,75,17,False
Ugwgi5QWvGu_6rKDNTh4AaABAg,PAW4EgpYMJ4,UCcUr_9FT9kFwSY_iP3Yh8Ig,"Gracias por tu video, yo lo tengo desde hace 5 meses y se ha comportado a la altura, me ha encantado de hecho iba por el Oppo y me decidí por este, a parte del modelo que se ve muy bonito, su carga rápida es pff... Dura la batería, no es el más rápido pero me responde bastante bien, no se calienta... Yo si lo recomiendo la verdad ... Saludos Bro... Sigue siendo exitoso",2,2,2025-02-04 17:13:04+00:00,371,74,False
UgwfO0fYH9NHs1vDwGp4AaABAg,PAW4EgpYMJ4,UCcUr_9FT9kFwSY_iP3Yh8Ig,Es super incómodo todo tiene la negra los sonidos todoooo y es muy caro me arrepiento de comprarlo,0,1,2025-02-04 06:59:03+00:00,98,18,False
UgzFgDjJ7faUDOM04eJ4AaABAg,PAW4EgpYMJ4,UCcUr_9FT9kFwSY_iP3Yh8Ig,Estoy usando Remi asen unos años atrás y me encantan muy buenos en su funcionamiento,0,0,2025-02-01 15:02:50+00:00,84,15,False
UgyCXJuVbqcZHIjsmfF4AaABAg,PAW4EgpYMJ4,UCcUr_9FT9kFwSY_iP3Yh8Ig,"Yo lo quiero comprar por la capacidad, barato y esim doble sil y pirqee tiene lo único malo es que no tiene ranura sd",0,0,2026-09-17 19:30:44+00:00,117,24,False
UgwMs-th2k_x--xJPnZ4AaABAg,PAW4EgpYMJ4,UCcUr_9FT9kFwSY_iP3Yh8Ig,Seria un buen cambio tengo un infinix hot 60 pro de 256GB 2025 y me lo estan cambiando por un redmi note 13 pro 5G de 512Gb,1,0,2025-10-21 13:37:51+00:00,123,27,False
UgzenAQc26Yqi_xrzwl4AaABAg,PAW4EgpYMJ4,UCcUr_9FT9kFwSY_iP3Yh8Ig,120 usd en el 2026… de uso.. estética 9.9… fue buena compra no?,0,0,2026-08-22 20:07:35+00:00,63,13,True
UgycL_hxTOJD5H_4rVp4AaABAg,PAW4EgpYMJ4,UCcUr_9FT9kFwSY_iP3Yh8Ig,Si se le pone una gcam bien instalada? Re va no por el procesador que trae y aprovechando el lente de 200mp.,0,0,2026-08-05 06:31:29+00:00,108,22,True
UgwsaQC2myLMabh6F8Z4AaABAg,PAW4EgpYMJ4,UCcUr_9FT9kFwSY_iP3Yh8Ig,"si me permite jugar GTA SAN ANDREAS Y COD MOBILE, no hay problema.",0,0,2025-11-23 13:43:41+00:00,66,13,False
UgxrGp40QqCP_UMbZ_14AaABAg,PAW4EgpYMJ4,UCcUr_9FT9kFwSY_iP3Yh8Ig,"Acabo de verla película Frankestein en mi tlfn ,en resolución full HD ,.el 4k lontengo en mi memoria externa de películas ,para mí tv y PC,.eso añadido a buenos reproductores y configuración,.el resultado de visionado es más que bueno ,.sus parlantes estero son buenos,.de hecho en esta versión de la película en full HD tengo el apartado de idiomas de audio en conf 5.1 E-AC y con unos buenos parlantes de cabeza de buena calidad el sonido es espectacular cuando se escucha ellos oídos,.en cuanto al visionado en este tlfn es genial,.eso es xq es amoled y tiene 2K de resolución ,suficiente para clqr uso,.sea videos o juegos",1,0,2025-12-07 23:45:45+00:00,626,108,False
UgyJ7iwjk5KnifQPAsN4AaABAg,PAW4EgpYMJ4,UCcUr_9FT9kFwSY_iP3Yh8Ig,"En cuanto al rendimiento del teléfono en gnrl es más que supremo ,va como una bala ,es xq tengo la configuracion más completa",0,0,2025-12-07 23:46:41+00:00,125,23,False
Ugz3liVRpndxIjS--hR4AaABAg,PAW4EgpYMJ4,UCcUr_9FT9kFwSY_iP3Yh8Ig,"En cuanto al rendimiento del teléfono en gnrl es más que supremo ,va como una bala ,es xq tengo la configuracion más completa",1,0,2025-12-07 23:46:57+00:00,125,23,False
Ugx5XpzYdFrdPUk-abJ4AaABAg,PAW4EgpYMJ4,UCcUr_9FT9kFwSY_iP3Yh8Ig,"Siempre me ha gustado también las pantallas curvadas sutiles en sus bordes y eso viene a partir del 14 y en algns variantes ,.redmi es prestigio en relación calidad/precio,.casi compré otra marca no tan popular ,",0,0,2025-12-07 23:48:15+00:00,212,36,False
UgzD69SEUXE7lcsVc-l4AaABAg,PAW4EgpYMJ4,UCcUr_9FT9kFwSY_iP3Yh8Ig,Me gustaría saber que tal es en contra del 13pro,0,0,2025-12-20 17:52:09+00:00,48,10,False
Ugy4pkgPYhdrFtS3Ar14AaABAg,PAW4EgpYMJ4,UCcUr_9FT9kFwSY_iP3Yh8Ig,El A7 2017 de samsung tenía Jack y resistencia al agua,0,0,2025-12-21 01:10:37+00:00,54,11,False
Ugzuc8tV0OLwMcaiYrx4AaABAg,PAW4EgpYMJ4,UCcUr_9FT9kFwSY_iP3Yh8Ig,Tengo 1 año y medico con él y anda al cien 👌🏽,0,0,2025-12-27 15:24:33+00:00,45,12,False
UgyMeGSb004CWMTb9oJ4AaABAg,PAW4EgpYMJ4,UCcUr_9FT9kFwSY_iP3Yh8Ig,yo mirando desde mi redmi Note9s. ya llevo 5años y responde muy bien,0,0,2026-01-04 19:44:11+00:00,68,13,False
UgwnxSG91E2AsVGTHcl4AaABAg,PAW4EgpYMJ4,UCcUr_9FT9kFwSY_iP3Yh8Ig,"Es lento con el tiempo se hace lento, necesito un teléfono con mayor capacidad con mayor rapidez en todo que cargue rápido todo las imágenes los videos etc etc o es mi internet izzi que es una porquería",1,0,2026-02-02 03:44:03+00:00,202,38,False
Ugzt50lRIINUsK31Uyt4AaABAg,PAW4EgpYMJ4,UCcUr_9FT9kFwSY_iP3Yh8Ig,Mi Madre tiene El primero de LA familia.,1,0,2026-02-12 08:01:18+00:00,40,8,False
Ugz6f9KRzmskFNLjByF4AaABAg,PAW4EgpYMJ4,UCcUr_9FT9kFwSY_iP3Yh8Ig,1 pantalla de 1.5 pulgadas? 😅,0,0,2026-02-21 02:16:32+00:00,29,6,True
UgwAezPSdSqaNo-y4eV4AaABAg,PAW4EgpYMJ4,UCcUr_9FT9kFwSY_iP3Yh8Ig,Yo quiero uno parecido a este pero con protección al agua 😢,0,0,2026-03-30 16:47:29+00:00,59,12,False
UgwgPjcFKhzgQ37z2XR4AaABAg,PAW4EgpYMJ4,UCcUr_9FT9kFwSY_iP3Yh8Ig,"En abrí del 2026 lo acabo de comprar , tengo el redmi note 9 y está muy golpeado por el trabajo y ya le cambié la pantalla y está para cambiar otra vez y compré el redmi note 13 pro 5G para tenerlo de emergencia y hasta ahora no lo uso no soy de celulares de alta gama , no es necesario",0,0,2026-04-05 15:05:05+00:00,286,62,False
Ugxmdu7ddKSQK6HEb094AaABAg,PAW4EgpYMJ4,UCcUr_9FT9kFwSY_iP3Yh8Ig,Estoy pensado comprarlo saben si tiene grabador de pantalla?,0,0,2026-04-18 03:00:27+00:00,60,9,True
UgwJfHehxvXBi7KooxF4AaABAg,PAW4EgpYMJ4,UCcUr_9FT9kFwSY_iP3Yh8Ig,Lo tengo pero mi versión tiene el procesador Dimensity Helio G99 Ultra 😢 no el Snapdragon,0,0,2026-05-31 19:19:23+00:00,89,16,False
UgyJS2gouG5t2ZUA1114AaABAg,PAW4EgpYMJ4,UCcUr_9FT9kFwSY_iP3Yh8Ig,Gracias pro la info,0,0,2026-06-03 23:06:38+00:00,19,4,False
Ugxud4K3cSTQrXAwS0B4AaABAg,PAW4EgpYMJ4,UCcUr_9FT9kFwSY_iP3Yh8Ig,Se me callo a una pila de agua de un metro de profundidad por 3 minutos por qué no lo podía sacar y no le pasó nada todavía lo traigo al 100,0,0,2026-07-22 19:02:16+00:00,140,32,False
UgzH7rnVJhmo6j1fNHl4AaABAg,PAW4EgpYMJ4,UCcUr_9FT9kFwSY_iP3Yh8Ig,Tengo un redmi note 10 pro también mui bueno,0,0,2026-07-22 19:03:41+00:00,44,9,False
Ugy9ylQeDyJuwo7Wp-F4AaABAg,PAW4EgpYMJ4,UCcUr_9FT9kFwSY_iP3Yh8Ig,"Soy fan de Redmi 13 pro❤, ahora mismo tengo el 9 pro pero este año ya cambio de cem ❤",0,0,2026-08-17 13:27:58+00:00,85,20,False
UgyLf3Fg1niK7KlEKAt4AaABAg,PAW4EgpYMJ4,UCcUr_9FT9kFwSY_iP3Yh8Ig,Entre el redmi note 13 pro 5g y el oppo a80 5g cuál me recomiendas que compre o sea soy una chica más que todo de fotografías,2,0,2025-10-17 15:32:04+00:00,125,27,False
UgxsSg_hLCZDyqQb5e14AaABAg,PAW4EgpYMJ4,UCcUr_9FT9kFwSY_iP3Yh8Ig,"cual seria la gama media, que mejor sale, segun tu experiencia!",0,0,2025-03-11 13:16:23+00:00,63,11,False
UgzWo2H_8pYl4F8G8oN4AaABAg,MUxC6FYjByU,UCiXrMSsFeW2r19IvAJVqulw,El vídeo está muy chulo en un pueblo de España,7,0,2025-02-26 13:08:08+00:00,46,10,False
UgxLUiB1uVu17r2CnzN4AaABAg,MUxC6FYjByU,UCiXrMSsFeW2r19IvAJVqulw,Este el o el note14 5g?,1,1,2025-06-08 02:21:08+00:00,23,6,True
UgzSiZ6si35zj5r4Dzh4AaABAg,MUxC6FYjByU,UCiXrMSsFeW2r19IvAJVqulw,"Se lo compre a un wey kricoso que seguramente se lo habrá robado a nada mas que 100 pesitos mexicanos semi nuevo, 🤑",0,0,2025-06-08 17:00:38+00:00,115,23,False
UgybNC-_T-rHFTmQsXR4AaABAg,MUxC6FYjByU,UCiXrMSsFeW2r19IvAJVqulw,"Una pregunta, sele puede poner memoria micro sd",1,2,2025-06-13 18:48:33+00:00,47,8,False
UgxPILxfMWZQXrWfpIp4AaABAg,MUxC6FYjByU,UCiXrMSsFeW2r19IvAJVqulw,"Tengo un iPhone 12 y pienso cambiarlo por este, será buena idea?",0,1,2025-06-18 19:09:53+00:00,64,12,True
UgwFNnSvpfRZ4koCjFR4AaABAg,MUxC6FYjByU,UCiXrMSsFeW2r19IvAJVqulw,Yo me quiero comprar ese para jugar call of duty mobile que tal?????,0,1,2025-06-19 16:15:26+00:00,68,13,True
Ugx9SNMmn1xPXFU97914AaABAg,MUxC6FYjByU,UCiXrMSsFeW2r19IvAJVqulw,"Esta un Poco 😅 enojado porque su iPhone de simpre lo mismo .. el Pocox6pro trae cargador funda y todo, luego carga de 67w a 25 del iPhone 😅😅😅 y muchas cosas similares y mejores le dolio .. por 4 Pocos y el iPhone de siempre lo mismo aburrido 😊",0,1,2025-06-23 07:55:15+00:00,243,50,False
UgzjrEzeItMmuusTkz14AaABAg,MUxC6FYjByU,UCiXrMSsFeW2r19IvAJVqulw,Se dice de escasos recursos la pobreza es mental...,0,0,2025-07-18 05:42:43+00:00,51,9,False
UgzHjC5Q08WMO4tk6n14AaABAg,MUxC6FYjByU,UCiXrMSsFeW2r19IvAJVqulw,Consulta el poco x6 pro trae para pluss de 3.5.....para los audífonos,0,0,2025-07-21 02:32:17+00:00,69,12,False
UgwgfCSd6L2025m4Je14AaABAg,MUxC6FYjByU,UCiXrMSsFeW2r19IvAJVqulw,Se calienta un huevo para que sepan,0,1,2025-07-21 10:46:44+00:00,35,7,False
UgwmMXOiehU7TEi_zMN4AaABAg,MUxC6FYjByU,UCiXrMSsFeW2r19IvAJVqulw,Porq me siento pobre 😅,0,0,2025-07-21 14:43:41+00:00,22,5,False
UgynqvF-fAUJqBNJDU94AaABAg,MUxC6FYjByU,UCiXrMSsFeW2r19IvAJVqulw,Yo viendo desde mi poco x6 pro 512 mb 12 de ram 5g un caño la verdad un celular espectacular me sorprendió.,2,3,2025-07-23 01:18:10+00:00,107,22,False
Ugy3RmXtzq4Ugdp_TqV4AaABAg,MUxC6FYjByU,UCiXrMSsFeW2r19IvAJVqulw,Entre el Xiaomi 12 t y el x6 pro cual es mejor ?,1,1,2025-07-23 22:44:43+00:00,48,13,True
UgxBFaVxJXAo-_4T2nF4AaABAg,MUxC6FYjByU,UCiXrMSsFeW2r19IvAJVqulw,"No sé si vaya a conseguirme este celular pronto, pero si puedo en un futuro. Me recomiendan este celular ACTUALMENTE? ya que veo que es re potente y no esta TAAAAN caro",0,2,2025-07-28 18:50:06+00:00,168,32,True
UgypsRPtrT-v2MMSaIJ4AaABAg,MUxC6FYjByU,UCiXrMSsFeW2r19IvAJVqulw,pobre pero me dura todo el dia la bateria,0,0,2025-08-03 16:09:21+00:00,41,9,False
Ugzb5tNjh3TbYkOGYB94AaABAg,MUxC6FYjByU,UCiXrMSsFeW2r19IvAJVqulw,"Y si esto compran los pobres, entonces quienes compran los poco m5 ? 😅😅",0,0,2025-06-08 01:04:09+00:00,71,14,True
UgzgWsz6ZfvfLVI0ykF4AaABAg,MUxC6FYjByU,UCiXrMSsFeW2r19IvAJVqulw,Ami me vale la camara Ami lo que me importa es la potencia,1,0,2025-08-04 04:37:53+00:00,58,13,False
UgwSUQkgCmghNdJKyBd4AaABAg,MUxC6FYjByU,UCiXrMSsFeW2r19IvAJVqulw,"Buscaba las características de la pantalla, pero o en el video se obvio, sería importante se tenga ga en cuenta esta parte, en futuros videos de móviles.",0,2,2025-10-17 20:08:13+00:00,153,27,False
UgydbYHSAUywI6wemXV4AaABAg,MUxC6FYjByU,UCiXrMSsFeW2r19IvAJVqulw,Yo lo compre de segunda mano en $70 dólares 😅falta probarlo,0,1,2025-10-17 23:28:22+00:00,59,11,False
Ugw4jEMnLm5qxJuGnRF4AaABAg,MUxC6FYjByU,UCiXrMSsFeW2r19IvAJVqulw,No me quedaré con el ya que me están obligando a compra el Google bodria 7,0,0,2025-10-29 21:24:14+00:00,74,16,False
UgxOa0hJ62Ci_heaUvV4AaABAg,MUxC6FYjByU,UCiXrMSsFeW2r19IvAJVqulw,soy pobre por que lo tengo😭😭😭😭😭,1,1,2025-11-01 01:59:13+00:00,31,6,False
UgwMLsrXge8w8BAHISp4AaABAg,MUxC6FYjByU,UCiXrMSsFeW2r19IvAJVqulw,ya tengo 4 meses 4750 el de 512 y jala chingon para lo que yo lo ocupo cod mobile youtube y redes y perfecto,0,0,2025-11-03 19:43:16+00:00,108,24,False
Ugxy_A03bqnAcTD6FH54AaABAg,MUxC6FYjByU,UCiXrMSsFeW2r19IvAJVqulw,Ese no es el pro,0,0,2025-11-25 00:38:53+00:00,16,5,False
UgytB9ab8pW2KJTCJU54AaABAg,MUxC6FYjByU,UCiXrMSsFeW2r19IvAJVqulw,"Yo lo tengo es bueno si procesador es potente, pero su talón de Aquiles es su sistema operativo Xiaomi no ha podido mejorar su sistema operativo, sufre de muchos lagazos y muchos inconvenientes que no lo hacen fluido, si mejoran esto serían los mejores lo digo por qué he tenido muchos celulares y marcas pero l aberdad hasta ahora no he visto el celular perfecto creo que no existe, lo recomiendo por su rendimiento, pero no por su capa de personalización ni sistema operativo ahí sí fallan, deben de trabajar más en ello para mejorarlo y ser al fin los número uno por qué tienen muy buenos celulares 👌🏻",1,1,2025-12-26 05:30:43+00:00,604,109,False
UgxAU86sAVPZUTVwJB94AaABAg,MUxC6FYjByU,UCiXrMSsFeW2r19IvAJVqulw,"Me lo ofrecen a 197 dólares, ¿sería buena compra para 2026?",0,1,2025-12-30 22:50:38+00:00,59,11,True
UgxSmADHx-6btpEGdiF4AaABAg,MUxC6FYjByU,UCiXrMSsFeW2r19IvAJVqulw,El verdadero mata gigantes 😎💪💛,0,0,2026-01-03 03:59:16+00:00,30,5,False
UgwwnOOaE8PudHD4O194AaABAg,MUxC6FYjByU,UCiXrMSsFeW2r19IvAJVqulw,"Ese teléfono es tan bueno que la mayoría lo cambió por un F5 (o volvieron al F5), un F6 o un x7 pro, teléfonos que siguen superando al x6 pro a día de hoy. Aunque es raro, el x6 pro no es chévere y aún así tiene demasiados fanboys que incluso niegan haber tenido problemas, aunque sí los hayan tenido y hayan tenido que cambiar esa cosa por mejores opciones. Si quieren un POCO de la serie X, váyanse por el x7 pro, o si pueden irse por uno de la serie F, desde el F5 o F5 Pro puede estar bien, también podrían ir por un F6 pero es mejor el F7 que el 6.",0,0,2026-02-08 23:53:47+00:00,553,116,False
UgxjbN81B9qYnTnTyOh4AaABAg,MUxC6FYjByU,UCiXrMSsFeW2r19IvAJVqulw,🤓Desde Mi Poco X6 Pro de Marzo en adelante llega HyperOS 3...Lo Recomiendo Muy Completo😊🇦🇷,0,0,2026-02-21 19:02:25+00:00,90,15,False
UgwHMX5mn-IIToy05mp4AaABAg,MUxC6FYjByU,UCiXrMSsFeW2r19IvAJVqulw,Sigo contento con el teléfono pero aún Google no le ha añadido el ARCORE para Pokémon Go mientras que todos los pocos x lo tiene incluso el Poco x7 Pro,0,0,2026-03-04 14:05:55+00:00,151,30,False
UgzXCCv4MONlAGcSNzJ4AaABAg,MUxC6FYjByU,UCiXrMSsFeW2r19IvAJVqulw,Mi poco X6 pro 5G tiene Android 16 un año y está excelente no digas mentiras,0,0,2026-04-21 05:08:46+00:00,76,16,False
UgxJCRPrfqusmsgQnU54AaABAg,MUxC6FYjByU,UCiXrMSsFeW2r19IvAJVqulw,Experiencia de usuario? Poco/Xiaomi? Mames jaja 😂😂😂😂😂,0,0,2026-05-01 03:17:19+00:00,53,7,True
UgyYuwtvmt3OIDG2rMN4AaABAg,MUxC6FYjByU,UCiXrMSsFeW2r19IvAJVqulw,"❤Amigo compré este celu gracias a ty,pero el juego MK Mobile no se puede poner a pantalla completa y todo lo demás si se ven a pantalla completa,🙏💔ayúdame porfavor",2,0,2025-08-12 12:47:20+00:00,163,29,False
UgzX5yYk40-N49O7w314AaABAg,MUxC6FYjByU,UCiXrMSsFeW2r19IvAJVqulw,Me encantó lo de y eres pobre 😅,0,0,2025-06-08 01:01:44+00:00,31,8,False
UgyMENGZFO3qDnET4Q94AaABAg,MUxC6FYjByU,UCiXrMSsFeW2r19IvAJVqulw,Hola vengo del futuro llevo casi un año con el. Tiene mejor IA que apple en retoque fotografico etc. El movil es redondo en todos los aspectos es un buen prodcuto solido.,1,1,2025-06-07 19:47:20+00:00,170,32,False
UgxbTqRPLEHzFZtsz2N4AaABAg,MUxC6FYjByU,UCiXrMSsFeW2r19IvAJVqulw,Qué juego es el que aparece en el minuto 5:14. Gracias,4,2,2025-05-31 02:33:35+00:00,54,11,False
UgzWaNwXUYRwtTa191h4AaABAg,MUxC6FYjByU,UCiXrMSsFeW2r19IvAJVqulw,Se puede jugar fornite en el? Con el de epic games,1,2,2025-02-28 05:54:41+00:00,50,11,True
UgyEiMWxYfV_QMbDo2N4AaABAg,MUxC6FYjByU,UCiXrMSsFeW2r19IvAJVqulw,Algunos dicen q los poco falla en su sistema de llamdas 😢es cierto ?,0,1,2025-03-01 03:14:01+00:00,68,14,True
UgwlHV5L69ySjbqFv4t4AaABAg,MUxC6FYjByU,UCiXrMSsFeW2r19IvAJVqulw,Yo tengo este mismo equipo y la verdad me a sorprendido tenia muy mal los poco despues del poco x3 pro pero la verdad que este me sorprendió lo unico malo es que es el modelo de 256GB porque solo ese tenian disponible en tiendas fisicas pero fuera de eso el teléfono es increíble y no se calienta como yo creia que pudiera hacerlo,13,5,2025-03-02 04:31:17+00:00,330,64,False
UgxtWIk8HFK_UayUkst4AaABAg,MUxC6FYjByU,UCiXrMSsFeW2r19IvAJVqulw,Máquina y no tiene ese problema de la muerte súbita del poco x3 pro? Porque no pienso comprarme otro poco para que dejé de funcionar de la nada xD,1,2,2025-03-02 20:19:11+00:00,146,29,True
UgxdXw7O8GCxXY15O1x4AaABAg,MUxC6FYjByU,UCiXrMSsFeW2r19IvAJVqulw,"Obvio que si conviene, de hecho durante los próximos 2 años claro que es recomendable",3,1,2025-03-06 13:31:44+00:00,85,15,False
UgxsQu7ER91RMiEyCOR4AaABAg,MUxC6FYjByU,UCiXrMSsFeW2r19IvAJVqulw,Es bueno en juegos?,1,1,2025-03-10 14:48:38+00:00,19,4,True
UgxVvZXIjV7WX_-yt_14AaABAg,MUxC6FYjByU,UCiXrMSsFeW2r19IvAJVqulw,Ese no es el x6 pro es el x6 normal jajaja,0,0,2025-03-11 23:52:29+00:00,42,11,False
UgxIS1t3qk18teiE7bh4AaABAg,MUxC6FYjByU,UCiXrMSsFeW2r19IvAJVqulw,"Ya lo probé, con juegos exigentes como albion Online y waos no se pega",2,1,2025-03-15 00:55:31+00:00,70,14,False
UgxzrozDfoDA6HqhIwt4AaABAg,MUxC6FYjByU,UCiXrMSsFeW2r19IvAJVqulw,A mi lo que me preocupa es la cámara 😢,3,2,2025-03-17 08:50:59+00:00,38,10,False
UgzJeP0XlbKizmL8BTB4AaABAg,MUxC6FYjByU,UCiXrMSsFeW2r19IvAJVqulw,en argentina el x6 está a 900 dolares o 1000 dolares unos 1.200.000 pesos arg,1,4,2025-03-18 22:35:51+00:00,77,15,False
Ugwe48HVkK4IdGd8XRd4AaABAg,MUxC6FYjByU,UCiXrMSsFeW2r19IvAJVqulw,Es buena compra por 200 dolares un x6 pro de segunda mano? Esta en buenas condiciones,0,2,2025-03-22 04:58:09+00:00,85,16,True
Ugx97NHK9VDLCmMolEd4AaABAg,MUxC6FYjByU,UCiXrMSsFeW2r19IvAJVqulw,"Lo unico ""malo"" es la batería de resto una bestia del rendimiento",0,0,2025-03-25 12:30:50+00:00,65,12,False
UgxSn28zRbP8zuz8huJ4AaABAg,MUxC6FYjByU,UCiXrMSsFeW2r19IvAJVqulw,"Está chido, pero en algunos juegos desactiva el internet de la nada y hay que reiniciarlo para que no lo haga, y unas horas después lo vuelve a hacer pero de ahí en fuera está bien",2,0,2025-03-25 23:30:57+00:00,180,36,False
Ugw_6BiyBTn9scCxSHV4AaABAg,MUxC6FYjByU,UCiXrMSsFeW2r19IvAJVqulw,el cel que tiene el angelbmc18,0,0,2025-03-26 05:57:52+00:00,30,6,False
Ugxic6ncMXqjWZ1dyfh4AaABAg,MUxC6FYjByU,UCiXrMSsFeW2r19IvAJVqulw,"Yo lo tengo y la verdad es el mejor teléfono que he tenido hasta hoy. Lo recubrí de cinta transparente y lo metí en su protector original para que no se me raye. Hasta hoy no he tenido problemas en ningún aspecto y la verdad, no le pide nada a un teléfono de ""gama alta"". Lo recomiendo ampliamente y en todos los aspectos.",2,0,2025-03-27 15:08:55+00:00,322,63,False
UgwxNYd-YrV_GR3CRBB4AaABAg,MUxC6FYjByU,UCiXrMSsFeW2r19IvAJVqulw,Estoy entre este telefono y el m55? Cual me recomiendan la diferencia del poco es de 20$ con respeto al samsung,0,1,2025-04-04 02:47:03+00:00,111,21,True
UgyurGzszbFscnXJuW54AaABAg,MUxC6FYjByU,UCiXrMSsFeW2r19IvAJVqulw,Me lo voy a comprar este mes😊,22,3,2025-04-07 02:46:15+00:00,29,7,False
UgyQkXfwZQL8sMsOkjp4AaABAg,MUxC6FYjByU,UCiXrMSsFeW2r19IvAJVqulw,Lo de pobre era necesario? JAJAJA auch,0,0,2025-05-29 16:02:02+00:00,38,7,True
UgydxgSJQGo8dQCOUIl4AaABAg,MUxC6FYjByU,UCiXrMSsFeW2r19IvAJVqulw,Hola estoy entre adquirir el a 55 o el poco x6 pro Para uso diario redes etc uno que otro juego Mas para uso del dia a dia cual me recomendarian ??,0,2,2025-05-28 19:19:35+00:00,147,32,True
UgwPrsPXQYQf0u7QtpR4AaABAg,MUxC6FYjByU,UCiXrMSsFeW2r19IvAJVqulw,Iba a seguirte pero eres muy elitista,0,0,2025-05-27 22:43:56+00:00,37,7,False
UgxGCQG47Vc6PI9D1Jt4AaABAg,MUxC6FYjByU,UCiXrMSsFeW2r19IvAJVqulw,Les voy a decir algo me vale verga la cámara,0,0,2025-05-25 01:32:56+00:00,44,10,False
Ugz91_U5j1lkkYsZuYN4AaABAg,MUxC6FYjByU,UCiXrMSsFeW2r19IvAJVqulw,El de 256 gb y el de 512gb son iguales,0,0,2025-05-21 23:34:43+00:00,38,10,False
UgzPyPMZQBVr68shqQB4AaABAg,MUxC6FYjByU,UCiXrMSsFeW2r19IvAJVqulw,"Yo tengo el x6pro de 500 gb dd memoria. Y ee mi teléfono principal, definitivamente la mejor compra, lo que odio de poco es la propaganda y actualizaciones ds la tiends de poco que we hacen de forma automática",4,0,2025-05-06 21:59:23+00:00,209,39,False
UgxurpMbnn9LtXPP9iF4AaABAg,MUxC6FYjByU,UCiXrMSsFeW2r19IvAJVqulw,Ese es gama Media-Alta,1,0,2026-05-26 06:35:27+00:00,22,4,False
Ugy3TWzGI0sI_CT19RR4AaABAg,MUxC6FYjByU,UCiXrMSsFeW2r19IvAJVqulw,Admitelo eres pobre por eso estas aquí 😆😭,16,0,2025-05-06 16:26:03+00:00,41,8,False
UgxT9U0TTQeNbe7E7iJ4AaABAg,MUxC6FYjByU,UCiXrMSsFeW2r19IvAJVqulw,"Me ofrecen un x6 pro por mi honor 200 , lo ocupo mas para fotos, hago el cambio o no ?",1,2,2025-04-14 16:46:00+00:00,86,21,True
UgwhW5cEicj6AocYRnR4AaABAg,MUxC6FYjByU,UCiXrMSsFeW2r19IvAJVqulw,"Quiero un teléfono nuevo y vinen poco x7, pero en comparativa el X6 pro está en el mismo precio y viendo las specs se lo lleva de lejos Lo único que me hace dudar es que es del año pasado",2,3,2025-04-13 17:30:33+00:00,187,40,False
UgxYLK0Gg8lJTfAYPcR4AaABAg,MUxC6FYjByU,UCiXrMSsFeW2r19IvAJVqulw,para solo multimedia la betería pasa el dia?,0,1,2025-04-13 03:22:41+00:00,44,8,True
Ugx_fZMSS-M0siU2lHp4AaABAg,MUxC6FYjByU,UCiXrMSsFeW2r19IvAJVqulw,Estoy entre este o un iPhone 11 casi nuevo los dos que me recomiendan,0,1,2025-04-13 02:08:25+00:00,69,14,False
UgzxT4YsxxzoJVLhvT14AaABAg,MUxC6FYjByU,UCiXrMSsFeW2r19IvAJVqulw,"Tío drax aún vale la pena comprar un F5? He visto que está de segunda mano en unos 150 verdosos, tengo el redmi note 12 4G de 4 de ram y ya quiero actualizar mi chingadera",3,1,2025-04-12 16:02:49+00:00,171,36,True
UgwwpVDtk2sdn7AhiLR4AaABAg,MUxC6FYjByU,UCiXrMSsFeW2r19IvAJVqulw,"yo juego casual, pero si me interesa que todo vaya rápido y fluido en mis aplicaciones, se irá bien?",8,1,2025-04-08 21:54:14+00:00,100,19,True
UgwU-EDoMddrRchmnfR4AaABAg,MUxC6FYjByU,UCiXrMSsFeW2r19IvAJVqulw,"Justo hoy me comprare uno, pero estoy indeciso si vale la pena esperarme y juntar 50usd más y comprar la versión de 12 de ram, teniendo en cuenta q lo más q lo voy a explotar es para instalar un emulador de GameCube y acabar de una vez por todas el zelda wind waker, q me recomiendan chavales?",0,1,2025-04-24 16:49:17+00:00,293,58,True
Ugw6Iuymt2FrY4R6xfN4AaABAg,MUxC6FYjByU,UCiXrMSsFeW2r19IvAJVqulw,7:18 de la nada se ponía a tirar un facto,0,0,2026-07-18 03:23:17+00:00,41,10,False
UgyGJ5lWxBLS5xTka0N4AaABAg,MUxC6FYjByU,UCiXrMSsFeW2r19IvAJVqulw,Se le puede bajar de 120 hz a 60 x ejemplo ?,0,1,2025-06-23 15:22:22+00:00,44,12,True
UgwGcSylFTFIlg15EJ94AaABAg,MUxC6FYjByU,UCiXrMSsFeW2r19IvAJVqulw,Cómo está a hoy día ese telef con el tema del sobre calentamiento ?,0,0,2025-02-16 09:50:51+00:00,67,14,True
Ugy4cGdQ3lFvSzRo_id4AaABAg,MUxC6FYjByU,UCiXrMSsFeW2r19IvAJVqulw,Lo recomiendan por 240$ 512/12 de segunda,2,2,2025-02-15 11:08:35+00:00,41,7,False
UgymUYDQzXIzBSOrXtx4AaABAg,MUxC6FYjByU,UCiXrMSsFeW2r19IvAJVqulw,"Quiero comprar el poco x6 pro 5g de 8gb de ram, es bueno tener esa, me salen en pesos mexicanos en 6mil pesos pienso comprarlo en el próximo mes aun me servirá para este 2025? También esta el poco x7 me sale como en 6,500 pero no lo se aun estoy indeciso",1,4,2025-02-15 18:48:31+00:00,254,52,True
UgzEvSZmpmZlz9nhltJ4AaABAg,MUxC6FYjByU,UCiXrMSsFeW2r19IvAJVqulw,Has un video con hyperOs 2.0.1.0,1,0,2025-02-16 06:29:05+00:00,32,6,False
UgxYfjvTSifjKJM9vWJ4AaABAg,MUxC6FYjByU,UCiXrMSsFeW2r19IvAJVqulw,Lo recomiendan si lo voy a usar mayormente para gaming?,18,4,2025-02-06 05:25:48+00:00,55,10,True
UgzBdJMlAaZUOy4EVkx4AaABAg,MUxC6FYjByU,UCiXrMSsFeW2r19IvAJVqulw,"Mi poco se actualizo a HyperOS 2.02.0 y android 15 y es un móvil totalmente diferente es una pasada se nota, pensaba cambiar y ahora desde luego me quedo con él, por fin una buena actualización.",48,7,2025-02-19 11:39:01+00:00,194,36,False
UgwzIOPoEINliYtAXhV4AaABAg,MUxC6FYjByU,UCiXrMSsFeW2r19IvAJVqulw,Vale la pena los pocos f6 o f6 pro en 2025🤔,0,1,2025-02-19 17:45:37+00:00,43,11,False
Ugw6x_E6XR91X5SRe4Z4AaABAg,MUxC6FYjByU,UCiXrMSsFeW2r19IvAJVqulw,"Hola, estoy entre este y un Samsung galaxy A54, pero mas que nada por los juegos como moblie legends o identity v, que ese si esta pesado, pero también me interesa las cámaras, tendras algun video dsndo la comparativa o algo, qje me pueda ayudar a decidir?",0,2,2025-02-21 03:49:13+00:00,256,47,True
UgyjFC2kvNck0s5DR-x4AaABAg,MUxC6FYjByU,UCiXrMSsFeW2r19IvAJVqulw,"Está culero. Se traba no es tan fluido, se apaga cuando estás escuchando mensajes de voz la pila se descarga rápido la camara pienso que igual a la mayoría los colores se distinciónan demasiado",0,1,2025-02-23 05:30:07+00:00,193,34,False
Ugy0Er-6ldXUMam9Eut4AaABAg,MUxC6FYjByU,UCiXrMSsFeW2r19IvAJVqulw,Poco x7 fideño para varios años,0,0,2025-02-24 18:19:47+00:00,31,6,False
Ugw1uEf2yxkKmsEX0YB4AaABAg,MUxC6FYjByU,UCiXrMSsFeW2r19IvAJVqulw,Saludos desde MagiBoxTecnology ❤hice un vídeoen un pueblo con el X6 con gran angular,2,0,2025-02-26 13:07:27+00:00,84,14,False
UgzpLkxFmh-Oq9DFMvl4AaABAg,MUxC6FYjByU,UCiXrMSsFeW2r19IvAJVqulw,En 2 semana ya me llega Saben si se calienta mucho cuando jugas?,5,1,2025-02-27 04:37:27+00:00,64,13,True
UgwRhL9MVOPwqFIn--14AaABAg,MUxC6FYjByU,UCiXrMSsFeW2r19IvAJVqulw,Gracias crack andaba buscando para jugar fri JAJAJ,1,1,2025-02-14 22:50:12+00:00,50,8,False
UgyoF2Aref4mlMOca8h4AaABAg,MUxC6FYjByU,UCiXrMSsFeW2r19IvAJVqulw,"Busco para jugar en emulación juegos de wii, servirá? Pienso cambiarlo por un A55",0,1,2025-02-10 18:57:51+00:00,81,14,True
UgzzhXf2AxCtto3nZRx4AaABAg,dAD0y_eUZGg,UCxz7sBKlpcpyCiPwXupRymw,Viendolo desde mi poco recién estrenado,0,0,2025-10-23 05:15:20+00:00,39,6,False
UgyLqr-CV2zainjoIM14AaABAg,dAD0y_eUZGg,UCxz7sBKlpcpyCiPwXupRymw,Yo viendo esto desde mi poco x6 pro,2,0,2026-01-20 01:09:25+00:00,35,8,False
Ugy_rXJqtc3EWZAWxHZ4AaABAg,dAD0y_eUZGg,UCxz7sBKlpcpyCiPwXupRymw,Ahora sí puedo decir viendolo desde mi Poco X6 Pro,1,1,2026-07-03 00:51:50+00:00,50,10,False
UgyfkrtV9aV5h-C0UD94AaABAg,dAD0y_eUZGg,UCxz7sBKlpcpyCiPwXupRymw,"Hola ISA quería preguntar si aún es buen dispositivo para jugar codm, Minecraft,Roblox,arena brekaut y otros juegos más o menos pesados",0,0,2025-10-11 00:12:59+00:00,135,21,False
UgwDeiu_9cvzXXM7d_t4AaABAg,dAD0y_eUZGg,UCxz7sBKlpcpyCiPwXupRymw,yo tuve y tengo la de piel sintetica color amarillo,0,0,2025-09-27 19:26:45+00:00,51,10,False
UgxnKBv-vJ2139AGYLd4AaABAg,dAD0y_eUZGg,UCxz7sBKlpcpyCiPwXupRymw,Cortate las uñas vato jjaja me da cringe ver tus uñas verdes/amarillas,0,0,2025-09-20 19:16:43+00:00,70,12,False
UgxK01woDN_tUQ2i0KV4AaABAg,dAD0y_eUZGg,UCxz7sBKlpcpyCiPwXupRymw,Viendolo desde mi poco x6 pro,0,2,2025-09-18 02:14:26+00:00,29,6,False
UgyETAxuaMIf47DEO-Z4AaABAg,dAD0y_eUZGg,UCxz7sBKlpcpyCiPwXupRymw,Está chido el procesador pero cuidado llega a 45 grados estresando lo demasiado,1,0,2025-09-12 23:26:25+00:00,79,13,False
UgwQcpvyqX7zjC_z3ep4AaABAg,dAD0y_eUZGg,UCxz7sBKlpcpyCiPwXupRymw,Cómo activo el modo video dual,0,0,2025-09-03 16:51:48+00:00,30,6,False
UgwSAVsbPoIf43xr46Z4AaABAg,dAD0y_eUZGg,UCxz7sBKlpcpyCiPwXupRymw,Viendolo desde mi poco x6 pro 🥹,0,0,2025-08-25 08:18:09+00:00,31,7,False
Ugx-ng3g_OvKkGuUCG94AaABAg,dAD0y_eUZGg,UCxz7sBKlpcpyCiPwXupRymw,2025 casi 2026 me costó aprox 255 dólares el de 12 RAM y 512 GB Interna y lo de los ajustes si sale solo que directamente abajo jeje y es un muy buen celular para ese preciso actualmente no encontré ningún otro en ese precio y en juegos y en general me a servido exelente 10/10,0,1,2025-08-20 20:14:24+00:00,277,56,False
UgxFvHrwT7eiZRcPEaJ4AaABAg,dAD0y_eUZGg,UCxz7sBKlpcpyCiPwXupRymw,Fabuloso que Xiaomi no abandone los IR 🎉,0,0,2025-08-04 20:35:10+00:00,40,8,False
UgxcoamPbSBWqK7pVjV4AaABAg,dAD0y_eUZGg,UCxz7sBKlpcpyCiPwXupRymw,"Me encanta su reviu, me da mucha confianza, muchas gracias lo voy a comprar",0,0,2025-07-22 02:56:21+00:00,75,14,False
UgxM41Y13UQjrS8KCsB4AaABAg,dAD0y_eUZGg,UCxz7sBKlpcpyCiPwXupRymw,Aquí viendolo desde mi poco x6 pro 💯,1,1,2025-07-15 09:16:45+00:00,36,8,False
Ugyu1AMaNUY4uq_VU114AaABAg,dAD0y_eUZGg,UCxz7sBKlpcpyCiPwXupRymw,Resumen del video Las cámaras,0,0,2025-11-06 01:36:44+00:00,29,5,False
UgzXkk9YxZVaEkkIKZJ4AaABAg,dAD0y_eUZGg,UCxz7sBKlpcpyCiPwXupRymw,Vale la pena cambiar el iPhone 11 por éste teléfono?,0,1,2025-11-06 16:19:50+00:00,52,10,True
Ugzg76VQXk5yZxdnY1p4AaABAg,dAD0y_eUZGg,UCxz7sBKlpcpyCiPwXupRymw,Vale la pena en 2025?,0,7,2025-04-30 22:06:31+00:00,21,5,True
UgxJv9VGT4xoYif15HV4AaABAg,dAD0y_eUZGg,UCxz7sBKlpcpyCiPwXupRymw,"Jugue ese juego de Legends en mi Huawei Nova 5T en Ultra Alto y 60 Fps y andava todo al 100, no es un juego demandante o mi celular es un terminator?",0,0,2024-12-11 10:45:04+00:00,149,32,True
Ugwnv7O-7zP4BCd4XwV4AaABAg,dAD0y_eUZGg,UCxz7sBKlpcpyCiPwXupRymw,"omg, me acabo de fijar en la fecha y justamente es mi cumpleaños 19/02 😃",0,0,2024-12-26 04:32:52+00:00,72,15,False
UgwilhzvTHOkQkb7vYB4AaABAg,dAD0y_eUZGg,UCxz7sBKlpcpyCiPwXupRymw,Por fin viendolo desde mi poco x6 pro,3,0,2024-12-25 05:52:50+00:00,37,8,False
UgwtUD2mRtmYILNKWNV4AaABAg,dAD0y_eUZGg,UCxz7sBKlpcpyCiPwXupRymw,"Viendo el vídeo desde mi Poco X3 Pro que tengo desde hace 5 años y medio y a funcionado sin problema alguno, esperemos que este también sea igual o más longevo.",0,0,2024-12-24 05:15:17+00:00,160,31,False
UgwBPsGeat-1SR5BzFZ4AaABAg,dAD0y_eUZGg,UCxz7sBKlpcpyCiPwXupRymw,Alguien sabes si el modelo amarillo (que es como de piel sintetica) puede tener posibilidades de calentarse mas?,0,1,2024-12-24 03:39:49+00:00,112,18,True
UgzJY46CvF7mhWMcPcB4AaABAg,dAD0y_eUZGg,UCxz7sBKlpcpyCiPwXupRymw,No sé a mí curiosamente me gusta el diseño en negro reflejante a pesar de que se tenga que usar con funda para que no haya que limpiarlo todo el tiempo,1,0,2024-12-23 15:59:35+00:00,151,31,False
UgymAQhYsrfqPuL9Wol4AaABAg,dAD0y_eUZGg,UCxz7sBKlpcpyCiPwXupRymw,"36:58 si, bueno fue algo leve, el parche de hyperos 1.0.14 le metió una falla al punto de acceso, cuando entraba en esta opción (para ver contraseña por ejemplo) se me reiniciaba el dispositivo, pero se soluciono con un formateo a fabrica.",2,1,2024-12-23 03:33:42+00:00,239,42,False
Ugz4NmgPsjurBKunRT94AaABAg,dAD0y_eUZGg,UCxz7sBKlpcpyCiPwXupRymw,alguien que ya haya comprado el celular en la página de xiaomi y que me diga si viene con el adaptador del cargador,0,0,2024-12-22 00:33:59+00:00,115,23,False
Ugz15-anl4LWm0FxDF14AaABAg,dAD0y_eUZGg,UCxz7sBKlpcpyCiPwXupRymw,Excelente video tienes un seguidor mas,0,0,2025-07-04 20:42:57+00:00,38,6,False
UgylCiKvYk56AURon5Z4AaABAg,dAD0y_eUZGg,UCxz7sBKlpcpyCiPwXupRymw,Yo lo compre a 450 dolares,0,2,2024-12-21 03:38:14+00:00,26,6,False
UgxbQ0hRE2BBbVL-LPJ4AaABAg,dAD0y_eUZGg,UCxz7sBKlpcpyCiPwXupRymw,Que buen video bien explicado,0,0,2024-12-18 01:24:19+00:00,29,5,False
Ugw5DvydltduxgipEvt4AaABAg,dAD0y_eUZGg,UCxz7sBKlpcpyCiPwXupRymw,Al fin puedo decir viendo desde mi poco X6 pro,0,0,2024-12-17 00:08:13+00:00,46,10,False
UgzrhIv9inzq22adxCR4AaABAg,dAD0y_eUZGg,UCxz7sBKlpcpyCiPwXupRymw,Alguien aquí sabe como limpiar la parte de atrás del poco x6 pro amarillo?,0,0,2024-12-15 03:29:38+00:00,74,14,True
UgzJGB8hfj1IwiX9-JV4AaABAg,dAD0y_eUZGg,UCxz7sBKlpcpyCiPwXupRymw,Alguien sabe si es la versión de 8gb o de 12gb? Esque dice que el tiene la de 256 y almenos la única que e visto con ese almacenamiento es la de 8gb,0,2,2024-12-14 19:55:17+00:00,148,33,True
UgzgK3HCfvRFG-v4XWp4AaABAg,dAD0y_eUZGg,UCxz7sBKlpcpyCiPwXupRymw,Ya tengo mi Poco hagan sus preguntas ✨👌🏻,0,11,2024-12-13 15:04:01+00:00,40,8,False
Ugw5QqWJU84Tace3Xo54AaABAg,dAD0y_eUZGg,UCxz7sBKlpcpyCiPwXupRymw,"Isa, gracias ah ti... Me lo compro mañana",0,0,2024-12-13 01:48:32+00:00,41,8,False
UgxUU8DudxZW7EzR1rB4AaABAg,dAD0y_eUZGg,UCxz7sBKlpcpyCiPwXupRymw,Que tal es para las fotos a la luna ???,0,1,2024-12-12 12:55:01+00:00,39,10,True
Ugy_99YiUHX1yM8s9SF4AaABAg,dAD0y_eUZGg,UCxz7sBKlpcpyCiPwXupRymw,Viéndolo desde mi poco x6 pro,0,0,2024-12-20 21:02:45+00:00,29,6,False
UgwWBoIPHxOjiYHyAdp4AaABAg,dAD0y_eUZGg,UCxz7sBKlpcpyCiPwXupRymw,Graba con la cámara principal a 1080 por 60 fps?,0,1,2025-06-29 20:27:48+00:00,48,10,True
UgxFmSu3NwWiVfzJe4R4AaABAg,dAD0y_eUZGg,UCxz7sBKlpcpyCiPwXupRymw,"Wow, si que veré una buena reseña saludos",0,0,2025-04-28 00:41:23+00:00,41,8,False
Ugzjl2_SAjEIQgdzqcp4AaABAg,dAD0y_eUZGg,UCxz7sBKlpcpyCiPwXupRymw,Vale la pena cambiar un honor 200 por el poco x6 pro?,0,1,2025-06-12 21:01:11+00:00,53,12,True
UgyFSGAeVoOwKyougex4AaABAg,dAD0y_eUZGg,UCxz7sBKlpcpyCiPwXupRymw,Porque hay un Minion en el fondo?,1,0,2025-01-03 05:45:06+00:00,33,7,True
UgyKyQXnmVeZ5tLtUvl4AaABAg,dAD0y_eUZGg,UCxz7sBKlpcpyCiPwXupRymw,"Ahora puedo mencionar, viendolo desde mi poco x6 pro 5G, una chulada de teléfono, es el sucesor de mi poco x3 nfc",1,0,2025-01-04 01:31:11+00:00,113,22,False
UgzNwhg7MG4W4uZjovV4AaABAg,dAD0y_eUZGg,UCxz7sBKlpcpyCiPwXupRymw,Viendolo desde mi poco X6 pro,0,1,2025-01-08 06:33:44+00:00,29,6,False
Ugz0xTHWa5tjRvN3O394AaABAg,dAD0y_eUZGg,UCxz7sBKlpcpyCiPwXupRymw,Aqui tratando de decidir en 2025 entre el Xiaomi 12T Pro y Poco X6 Pro. Algun comentario?? Snapdragon 8+ Gen1 (Antutu 1.311.127) o Dimensity 8300 Ultra (Antutu 1.479.279). Gama alta vs gama media.,0,2,2025-02-12 18:52:40+00:00,196,33,True
UgzrmzIwreF5gPfae6p4AaABAg,dAD0y_eUZGg,UCxz7sBKlpcpyCiPwXupRymw,Me vale jaja me lo comprare gracias por el video,0,0,2025-01-10 18:38:18+00:00,48,10,False
Ugwq3ueQzN53viNFvjh4AaABAg,dAD0y_eUZGg,UCxz7sBKlpcpyCiPwXupRymw,Viendolo desde mi poco x6 pro,0,0,2025-01-13 01:03:10+00:00,29,6,False
UgxACFHU-XOMkCPQjW94AaABAg,dAD0y_eUZGg,UCxz7sBKlpcpyCiPwXupRymw,Alguien que tenga este dispositivo sabe si tiene soporte o compatibilidad esim,0,1,2025-01-16 14:45:43+00:00,78,12,False
UgymvHESugofjqEWFg54AaABAg,dAD0y_eUZGg,UCxz7sBKlpcpyCiPwXupRymw,Tiene muerte subdita como el x3 prl ?,0,1,2025-01-29 20:40:38+00:00,37,8,True
Ugyd5M591sII_2k-0_54AaABAg,dAD0y_eUZGg,UCxz7sBKlpcpyCiPwXupRymw,Viéndolo desde mi Poco x6 pro😍,0,0,2025-01-29 23:42:28+00:00,30,6,False
UgzjqTlLQKgTiT-0z0N4AaABAg,dAD0y_eUZGg,UCxz7sBKlpcpyCiPwXupRymw,Recomiendan comprarlo por MercadoLibre?,0,0,2025-01-30 17:22:12+00:00,39,4,True
UgwMtpMHtPL_flK4k354AaABAg,dAD0y_eUZGg,UCxz7sBKlpcpyCiPwXupRymw,Muy buen telefono los puntos negativos diria que es la bateria y que calienta mucho,0,0,2025-06-24 00:16:24+00:00,83,15,False
UgxSacXgxcDdN8fFTEh4AaABAg,dAD0y_eUZGg,UCxz7sBKlpcpyCiPwXupRymw,¿Recomiendan comprar el poco x6 pro o el poco x7? Tengo un redmi note 9 pero ya hace falta cambiarlo,0,2,2025-04-26 13:19:51+00:00,100,20,True
UgzXjwS5iDI1QjSdfRx4AaABAg,dAD0y_eUZGg,UCxz7sBKlpcpyCiPwXupRymw,Te digo la verdad estoy viendo los reviuw tuyo del Samsung A55 Xiaomi 13 pro plus Xiomi f6pro y este Motorola edge 40 neo Y del g85 no se con cual quedarme y eso que busco Buena cámara y video y lo esencial memoria RAM,0,1,2025-01-03 03:18:02+00:00,218,45,False
Ugw672kPGHSkjsR1Yfx4AaABAg,dAD0y_eUZGg,UCxz7sBKlpcpyCiPwXupRymw,es mejor este o el one plus nord 3?,0,0,2025-04-10 00:10:23+00:00,35,9,True
UgyEOhtsAOXYeopxumd4AaABAg,dAD0y_eUZGg,UCxz7sBKlpcpyCiPwXupRymw,- Cámara Macro existe. - Isa Marcial: 😐,1,0,2025-03-20 15:45:22+00:00,39,8,False
Ugyv3MwiIiBYJLa7gKx4AaABAg,dAD0y_eUZGg,UCxz7sBKlpcpyCiPwXupRymw,hay diferencia entres este x6 pro y el x7 normal ? en ambos con 512 y 12,0,0,2025-03-16 17:53:20+00:00,72,17,True
UgwewjouFyGdoWaPg0t4AaABAg,dAD0y_eUZGg,UCxz7sBKlpcpyCiPwXupRymw,alguien sabe si este tiene mas autonomia que el poco x7 ? y mejor camara?,0,0,2025-03-15 08:00:40+00:00,73,15,True
Ugy8wOUakC8DlJIlJzt4AaABAg,dAD0y_eUZGg,UCxz7sBKlpcpyCiPwXupRymw,Seguramente solo los que se compraron o se van a comprar el poco x6 pro están viendo esto Recomiendo bastante este celular un gama media alta con muy buenas características Procesador:dimensity 8300 ultra Resistencia al agua: ips54 (no es tan bueno) 12 GB de ram/8 GB de ram 512 rom/256rom,0,0,2025-03-15 05:21:33+00:00,289,50,False
Ugx_JKhqZ2gbNWdxQbh4AaABAg,dAD0y_eUZGg,UCxz7sBKlpcpyCiPwXupRymw,Que configuración le hago para que me dure mas la batería,0,1,2025-03-14 00:43:08+00:00,57,11,False
UgyGJRJ6lWYSRdGyhOd4AaABAg,dAD0y_eUZGg,UCxz7sBKlpcpyCiPwXupRymw,Que buen video broo saludos desde Argentina Mendoza,0,0,2025-03-07 01:03:15+00:00,51,8,False
Ugyon3mAQLlCehjHHnR4AaABAg,dAD0y_eUZGg,UCxz7sBKlpcpyCiPwXupRymw,Un funcooler 2 pro de black shark y solucionas el problema de calentamiento y tendras excelente jugabilidad,0,0,2025-03-06 17:49:26+00:00,107,17,False
UgxKfp3Iovp75gDEJuV4AaABAg,dAD0y_eUZGg,UCxz7sBKlpcpyCiPwXupRymw,Era casi perfecto pero no trae para expandir la memoria sd,0,1,2025-02-22 00:57:19+00:00,58,11,False
UgwjOzEWJvN_0MXC58N4AaABAg,dAD0y_eUZGg,UCxz7sBKlpcpyCiPwXupRymw,Que pedo wey como que una hora de video,0,0,2025-02-21 05:39:11+00:00,39,9,False
Ugz7yoV2TVfCwT_rTaJ4AaABAg,dAD0y_eUZGg,UCxz7sBKlpcpyCiPwXupRymw,"Ya llevo unos 4 dias con el poco x6 pro y dire que tal me pareció de momento Contras: 1. Se calienta mucho, si estas en aplicaciones de bajo consumo (como tik tok, YouTube) se calienta pero poco. En juegos se calienta mucho. Y en especial cuando lo dejas cargando tambien se calienta mucho. 2. La bateria, siento que tiene un consumo energético bastante alto, lo que hace que al día lo tenga que cargar 2 veces al menos Ventajas: 1. La velocidad de cargar batería es muy rápida, con dejarlo unos pocos minutos ya te carga como 20% 2. Abre las aplicaciones muy rápido y corre bien todos los juegos",1,6,2025-01-31 21:10:38+00:00,596,111,False
UgzlqcjfDbRS8sIYFql4AaABAg,dAD0y_eUZGg,UCxz7sBKlpcpyCiPwXupRymw,En mi país ya casi llega a los 170 dólares 😅,0,1,2025-02-03 00:03:49+00:00,44,11,False
Ugwgas__hK3PAbivNH54AaABAg,dAD0y_eUZGg,UCxz7sBKlpcpyCiPwXupRymw,Y puedo decir que lo estoy viendo desde mi poco x6 pro,0,0,2025-02-06 21:34:38+00:00,54,12,False
UgzfI-7MGUdPzcdrU714AaABAg,dAD0y_eUZGg,UCxz7sBKlpcpyCiPwXupRymw,"Un año después, alguien sabe sí tiene gorila glass?",0,1,2025-03-27 18:48:25+00:00,51,9,True
Ugzg8zCOYiIWD7esBE14AaABAg,dAD0y_eUZGg,UCxz7sBKlpcpyCiPwXupRymw,"Hola, (2:49) eso del nano SIM y micro usb? quiere decir que no acepta los chips de telcel? es decir los tamanos con los que viene? o no tiene nada que ver?",0,3,2025-01-02 23:47:18+00:00,155,32,True
UgxBSIOaBzeig0nSB3h4AaABAg,dAD0y_eUZGg,UCxz7sBKlpcpyCiPwXupRymw,Ya salio en venta el x7 pro en su página oficial.🗣️🗣️🗣️,1,0,2025-01-09 21:10:44+00:00,55,11,False
Ugxpih6gAV2OVhRmCBN4AaABAg,dAD0y_eUZGg,UCxz7sBKlpcpyCiPwXupRymw,"Hola isa soy un seguidor tuyo ya tiene más de 3 años espero puedas leer mi mensaje 😢. Bueno me compré este teléfono el poco x6 pro hace 20 días y lo actualice y los botones de gestos ya vez que están los 3 botones normales y la barrita de navegación como las de los iPhone. Bueno pues cuando lo actualice los gestos de los 3 botones se pusieron chiquitos y yo no le moví nada 😭😮‍💨 y eh buscado muchos videos a ver cómo puedo ponerlos grandes y no encuentro video alguno donde pueda tenerlos nuevamente, espero y me puedas ayudar soy un seguidor fiel tuyo! Muchas gracias y saludos!!!!",0,1,2025-02-18 02:13:17+00:00,584,111,False
Ugw0jtj-ThZWfC7s6oB4AaABAg,dAD0y_eUZGg,UCxz7sBKlpcpyCiPwXupRymw,Y como le puedo hacer para cuando el celular este bloqueado no puedan poner el modo avion o lo piedan apagar y si lo hacen que pida mi contraseña???,0,0,2024-12-28 23:41:48+00:00,148,29,True
UgyUDCXi0n7SHntEnud4AaABAg,dAD0y_eUZGg,UCxz7sBKlpcpyCiPwXupRymw,"Muchas gracias Isa 😊 nadie mejor q tu para orientarnos cuando queremos comprar un dispositivo. Saludos enormes, cuídate!",0,0,2024-12-28 00:35:12+00:00,120,18,False
UgyvBADr77hbiJd99dt4AaABAg,dAD0y_eUZGg,UCxz7sBKlpcpyCiPwXupRymw,Me lo voy a comprar por julio o octubre xd,0,0,2025-05-01 20:12:02+00:00,42,10,False
Ugx7i0NvtRhhqoRDtsF4AaABAg,dAD0y_eUZGg,UCxz7sBKlpcpyCiPwXupRymw,Si hay publicidad como para instalar app,0,0,2025-05-05 18:49:03+00:00,40,7,False
Ugyk2EE0Z8Q7oQwIL014AaABAg,dAD0y_eUZGg,UCxz7sBKlpcpyCiPwXupRymw,Viendolo desde mi poco x6 pro 5g,0,0,2025-05-15 01:17:48+00:00,32,7,False
Ugw74QtLUsjuV8oerbh4AaABAg,dAD0y_eUZGg,UCxz7sBKlpcpyCiPwXupRymw,Gracias pienso comprarme el poco X6 pro,0,0,2025-05-24 11:48:15+00:00,39,7,False
Ugze6123SYqJMXiBi7l4AaABAg,dAD0y_eUZGg,UCxz7sBKlpcpyCiPwXupRymw,"Es increíble que sus competidores sean esos 😅, en potencia es increíble la diferencia",0,0,2025-05-25 23:43:33+00:00,85,14,False
UgzBEWM2W53W6PosIHB4AaABAg,dAD0y_eUZGg,UCxz7sBKlpcpyCiPwXupRymw,He notado que tiene como un protector de pantalla ya instalado se puede quitar?,0,0,2025-01-02 05:38:28+00:00,79,14,True
UgxH4AIYxI2VsujniTN4AaABAg,dAD0y_eUZGg,UCxz7sBKlpcpyCiPwXupRymw,Ahora si lo puedo decir viendolo desde mi pocofone x6 pro de 12 de ram y 512 de memoria interna 😊🫂,11,1,2025-05-07 02:23:56+00:00,98,21,False
UgxaXnsIloM-jO1xaKB4AaABAg,dAD0y_eUZGg,UCxz7sBKlpcpyCiPwXupRymw,Se calienta mucho como otros celulares de la marca?,1,1,2025-05-27 21:30:41+00:00,51,9,True
UgwYqGRsk6XGwOErVBZ4AaABAg,dAD0y_eUZGg,UCxz7sBKlpcpyCiPwXupRymw,Me extraña wue no grabe a 60.fps,0,0,2025-05-27 23:35:29+00:00,32,7,False
Ugz0mnfDeeVtYxkAiUF4AaABAg,dAD0y_eUZGg,UCxz7sBKlpcpyCiPwXupRymw,"¿Es cierto que el Bluetooth, WiFi y hotspot, que se desconectan frecuentemente? Actualmente tengo un Redmi Note 11, y pues también pasa lo mismo. Si es así, para optar comprar otra marca.",0,1,2025-05-31 00:30:41+00:00,187,32,True
UgzKtG2_ak6IOQdd7ed4AaABAg,dAD0y_eUZGg,UCxz7sBKlpcpyCiPwXupRymw,Por fin puedo decir viendolo desde mi poco x6 pro vengo de un Samsung A core 1 un gran salto,0,0,2025-06-06 11:07:49+00:00,92,20,False
UgxRWIJLsAUDZQcmmYB4AaABAg,dAD0y_eUZGg,UCxz7sBKlpcpyCiPwXupRymw,"Tengo el poco x6 pro y no encuentro la función de grabación Dual, donde está o donde se activa?",0,0,2025-06-07 23:44:00+00:00,95,19,True
UgyztHG2FO_UTi1R5Ql4AaABAg,dAD0y_eUZGg,UCxz7sBKlpcpyCiPwXupRymw,Lo estoy vendiendo en s/1100 soles,0,0,2025-06-08 18:09:16+00:00,34,6,False
Ugz2D9MFyNhjoeG_2WR4AaABAg,dAD0y_eUZGg,UCxz7sBKlpcpyCiPwXupRymw,Muy completo el post,0,0,2025-06-10 01:43:34+00:00,20,4,False
UgwcsK2cf7l9y-Bc0fB4AaABAg,dAD0y_eUZGg,UCxz7sBKlpcpyCiPwXupRymw,No hay problema con la señal de datos móviles? A mí me pasó con el Poco F3 ojalá no falle en eso pq si ocupo también datos moviles cuando no tengo internet,0,0,2025-06-10 13:11:40+00:00,155,32,True
UgyL_iSxiq0F0cUgFMN4AaABAg,sGET0sy4xYs,UCcUr_9FT9kFwSY_iP3Yh8Ig,Me voy por los audífonos gracias y camara,0,0,2024-12-17 03:57:56+00:00,41,8,False
UgxfQTrElrEXYwgQdGF4AaABAg,sGET0sy4xYs,UCcUr_9FT9kFwSY_iP3Yh8Ig,"Yo tuve el x3 pro y fue un buen teléfono, me duró 3 años y hace poco dejo de funcionar pero nunca me dejo tirado, ahora ya me pedí el x6 pro y se que será de lo mejor también 🔥",0,0,2024-12-17 05:22:11+00:00,176,41,False
UgwoqHwyfA_Uu6JTEzx4AaABAg,sGET0sy4xYs,UCcUr_9FT9kFwSY_iP3Yh8Ig,alguien sabe como quitar los anuncios esos que aparecen cuando prendes el celular,0,0,2024-12-18 01:25:38+00:00,81,13,False
UgyCFaVXsVq9IKNVDKB4AaABAg,sGET0sy4xYs,UCcUr_9FT9kFwSY_iP3Yh8Ig,Apoco se puede descargar fortnite en ese celular,0,0,2024-12-19 15:29:24+00:00,48,8,False
UgyRsjI6G33FE7lkupB4AaABAg,sGET0sy4xYs,UCcUr_9FT9kFwSY_iP3Yh8Ig,"a ese celular solo le falto mejor conectividad, un conector de 3.5 mm para auriculares, para los usuarios que usamos audifonos profesionales con cable.",0,0,2024-12-23 16:08:27+00:00,151,24,False
Ugym9qI3CUkJpZQ7ast4AaABAg,sGET0sy4xYs,UCcUr_9FT9kFwSY_iP3Yh8Ig,Viéndolo desde mi poco x3 pro,0,0,2024-12-23 06:00:44+00:00,29,6,False
UgzphPnNODMwcsi0vHh4AaABAg,sGET0sy4xYs,UCcUr_9FT9kFwSY_iP3Yh8Ig,"eres un poquitin charlatan,pero explicas muy bien , y si, ese movil tiene algo que detesto ; LA MARCA DE LOS DEDOS !! por lo demas parece muy completo",0,0,2024-10-17 03:50:55+00:00,150,29,False
Ugx7Cr4aLOqaK0Il3o94AaABAg,sGET0sy4xYs,UCcUr_9FT9kFwSY_iP3Yh8Ig,"En mi caso lo más importante es la batería, que tal es el rendimiento de ella ?cuanto dura usándolo mirando videos ,jugando, Facebook?",0,0,2024-12-24 14:21:37+00:00,134,23,True
UgzycR8VR88M9TvF_9p4AaABAg,sGET0sy4xYs,UCcUr_9FT9kFwSY_iP3Yh8Ig,"Hola! A ver si me podéis echar una mano... desde hace unos meses mi poco x6 pro 5g desconecta los datos durante una llamada. Tengo llamadas 4g activadas. He comprobado que la SIM en otros dispositivos conserva los datos al llamar, por lo que deduzco que es tema del dispositivo o de su configuración. ¿Me podéis ayudar con la configuración para que los mantenga? Muchas gracias!",0,0,2024-12-15 13:14:28+00:00,378,66,True
UgxGjYiXvGcFc_1cXz14AaABAg,sGET0sy4xYs,UCcUr_9FT9kFwSY_iP3Yh8Ig,El puerto de audífonos debería estar en el lado izquierdo xq cuando uno gira el cel para jugar el puerto en el lugar tradicional molesta mucho,0,0,2024-12-19 23:07:23+00:00,142,26,False
UgxMOLxlYBe_9fyuXiB4AaABAg,sGET0sy4xYs,UCcUr_9FT9kFwSY_iP3Yh8Ig,"De todo lo mencionado, el unico y GRAVE ERROR que le veo, es que no venga con conexión Jack para auriculares.. te obliga a usar inalambricos.. tengo unos JBL hermosos que no podria usar con este celular por que es cableado 😢",0,0,2024-12-13 04:32:16+00:00,224,42,False
Ugy5OKPGfOSgwIUk3nR4AaABAg,sGET0sy4xYs,UCcUr_9FT9kFwSY_iP3Yh8Ig,"tiene cuerpo de gama media y potencia de gama media alta, rozando por alcanzar la gama alta.",0,0,2024-11-17 19:09:06+00:00,92,17,False
Ugy_tUIjQd63rwALeN54AaABAg,sGET0sy4xYs,UCcUr_9FT9kFwSY_iP3Yh8Ig,Cómo se quita lo de las noticias,0,0,2024-12-11 21:23:13+00:00,32,7,False
Ugxmfj4H1wdIFAnM0dF4AaABAg,sGET0sy4xYs,UCcUr_9FT9kFwSY_iP3Yh8Ig,Pense que su procesador seria el snapdragon 7s gen 2,0,0,2024-11-18 05:17:29+00:00,52,10,False
UgzKriS8z2q_-Rgpnah4AaABAg,sGET0sy4xYs,UCcUr_9FT9kFwSY_iP3Yh8Ig,"Buenos días,podrías decir cómo se quita lo del menú que comentas del bloqueo de pantalla",0,0,2024-11-22 07:44:58+00:00,88,15,False
UgzeFFFOLCpIMSN8V5l4AaABAg,sGET0sy4xYs,UCcUr_9FT9kFwSY_iP3Yh8Ig,apenas lo compre toca calarlo,0,0,2024-11-23 04:09:57+00:00,29,5,False
UgxQn6gp4jQB1nWO7IZ4AaABAg,sGET0sy4xYs,UCcUr_9FT9kFwSY_iP3Yh8Ig,"Lo tengo prácticamente desde su salida, lo conseguí casi por unos 250 USD, una ganga, y no me arrepiento de nada. De las tres cosas que más se le pueden criticar - cámara, entrada de audífonos, y sensor de proximidad virtual- mi única pega es la ausencia de la entrada de jack, pero nada que no se pueda sopesar. La cámara, a mí, me parece más que genial, pero, pues no voy por la vida tomándole fotos a todo lo que se mueva y quejándome porque en lugar de ser rosa flamenco, se ve como rosa mexicano, en fin. El sensor virtual sí me ha dado uno que otro desliz en los audios de WhatsApp como bien comentabas, pero en llamadas nada de lo que quejarse. Ahora, respecto al elefante en la habitación, el procesador MediaTek 8300 ultra, es una verdadera bestia. Tiene la suficiente potencia para los títulos más punteros en Android a 60+ fps y la suficiente longevidad para cuando Xiaomi deje de darle soporte y tengas que mover con pura fuerza bruta las apps con el paso de los años, si lo que buscas es un teléfono que sepa envejecer bien. Eso sí, es calentón, pero que equipo con un procesador de esta gama no lo es; el precio a pagar por tanta potencia en la mano. El único de la gama de Xiaomi que podría estar más arriba sería el F6 Pro, pero es que la diferencia de precio es tan grande, que realmente lo piensas si lo que solo quieres es potencia pura y dura, como fue mi caso.",4,0,2024-11-27 03:58:05+00:00,1381,264,False
UgwO7m-Lvd1CJVlqhyR4AaABAg,sGET0sy4xYs,UCcUr_9FT9kFwSY_iP3Yh8Ig,Es q necesitan el dinero del patrocinador,0,1,2024-11-27 22:56:25+00:00,41,7,False
UgwsxnfF5KZHhKbpnG94AaABAg,sGET0sy4xYs,UCcUr_9FT9kFwSY_iP3Yh8Ig,"Estoy ahora pensando en si conseguirme el móvil o el honor 90, pero lo que hay algo que no me cuadra es ver que el poco x6 pro tenga 12 de ram y 256 gigas de almacenamiento pero en muchos lugares no esté dicha opción, por lo que no estoy seguro si existe esa variante del móvil.",0,3,2024-11-28 22:14:55+00:00,278,57,False
Ugzd15FJ-eZonKuoJrR4AaABAg,sGET0sy4xYs,UCcUr_9FT9kFwSY_iP3Yh8Ig,Me lo acabo de comprar estoy feliz !!! Pase de un redmi note 9 a este 😊 me recomiendan algun auricular (q no sea casco) porfavor !,1,0,2024-11-30 01:43:35+00:00,130,27,False
Ugy9g1yZCH7zNFU3_Kh4AaABAg,sGET0sy4xYs,UCcUr_9FT9kFwSY_iP3Yh8Ig,"Casi me gustaba mas mi anterior f2 pro que mi nuevo x6 pro 12/512gb (280€) sobre todo en duración de batería, el f2 me duraba 2 días cuando era nuevo y el x6 pro me dura un día... Sera el procesador? En lo demás, no lo noto mejor que mi antiguo f2 pro... Ni en pantalla ni en ram ni en unidad de almacenamiento... Que en principio son las tres cosas mejores en el x6 pro... Me dan ganas de devolver el móvil, lo compré en la página oficial de Xiaomi España, me lo devolveran? Y si les compro otro como el F6? Pd: no encuentro el macro en mi x6 Pro y lo echo de menos, mi antiguo F2 Pro si tenía macro y es una pasada... Saludos y gracias!",0,0,2024-11-17 02:14:08+00:00,638,131,True
UgwfYsBpQL3DWkA4OD54AaABAg,sGET0sy4xYs,UCcUr_9FT9kFwSY_iP3Yh8Ig,"Quería comprar este teléfono, pero no me convence la cámara, habrá algún modelo de Xiaomi que sea igual de bueno que el poco x6 pro, pero con mejor camara?",0,1,2024-11-16 23:50:24+00:00,155,29,True
UgzvXNAvILPnP1JcSj14AaABAg,sGET0sy4xYs,UCcUr_9FT9kFwSY_iP3Yh8Ig,Funciona con el VoWifi de Vodafone España?,0,0,2024-11-16 00:04:05+00:00,42,7,True
Ugz-9dHKW42jX4ZoGT54AaABAg,sGET0sy4xYs,UCcUr_9FT9kFwSY_iP3Yh8Ig,"como quitais lo de las noticas que el dice que le costó muchísimo, que me está volviendo loco",0,0,2024-11-15 23:47:31+00:00,93,18,False
UgxWlqRA1qFro_dXz_F4AaABAg,sGET0sy4xYs,UCcUr_9FT9kFwSY_iP3Yh8Ig,OPPO reno pro es mejor que poco,0,0,2024-11-17 18:02:32+00:00,31,7,False
Ugw7HdcAuAmE41JCMNR4AaABAg,sGET0sy4xYs,UCcUr_9FT9kFwSY_iP3Yh8Ig,Recién tengo el equipo y me parece excelente,0,0,2024-11-15 14:36:32+00:00,44,8,False
UgwMLkAd5Kf6HgRereZ4AaABAg,sGET0sy4xYs,UCcUr_9FT9kFwSY_iP3Yh8Ig,"saludos tengo d'un el x3 nfc ,,ando en busca de un nuevo dispositivo",0,0,2024-11-06 18:29:13+00:00,68,13,False
Ugws7OljnXlXLQPVOwN4AaABAg,sGET0sy4xYs,UCcUr_9FT9kFwSY_iP3Yh8Ig,yo tengo los juegos bloqueados a 60 hz con este celu 😐,0,0,2024-11-02 20:45:17+00:00,54,12,False
UgyKhN7FPSkt_7_QCXV4AaABAg,sGET0sy4xYs,UCcUr_9FT9kFwSY_iP3Yh8Ig,Saben si tiene desbloqueo por huella ?,1,0,2024-10-30 01:33:12+00:00,38,7,True
UgzWA7PHyGfSqqgVfWp4AaABAg,sGET0sy4xYs,UCcUr_9FT9kFwSY_iP3Yh8Ig,Q tal es la camara,0,0,2024-10-17 17:27:02+00:00,18,5,False
UgzJBW3vgfQ_E0pclPd4AaABAg,sGET0sy4xYs,UCcUr_9FT9kFwSY_iP3Yh8Ig,Sinceramente dura o no la carga jugando y sin jugar??????🧨🧨🧨🧨,0,0,2024-11-30 03:16:25+00:00,61,10,True
UgyaGY6b7hTg8JSxK2t4AaABAg,sGET0sy4xYs,UCcUr_9FT9kFwSY_iP3Yh8Ig,"Chicos, es súper molesto no poder terminar de escuchar los audios por Whatsapp. Se puede hacer algo?",0,0,2024-11-30 14:37:57+00:00,100,17,True
UgycemdvDlebn-UteuR4AaABAg,sGET0sy4xYs,UCcUr_9FT9kFwSY_iP3Yh8Ig,Que celular de gama media tiene mejor camara que este movil?,1,0,2024-12-02 16:24:14+00:00,60,11,True
UgzExjVgtssBANwQfpl4AaABAg,sGET0sy4xYs,UCcUr_9FT9kFwSY_iP3Yh8Ig,A alguien le pasa que se desconecta del wifi ?😊,0,0,2024-12-03 04:30:32+00:00,47,10,True
Ugz9zyIthRCT6sppTrZ4AaABAg,sGET0sy4xYs,UCcUr_9FT9kFwSY_iP3Yh8Ig,Valdrá la pena cambiarme de iPhone 12 a este?,0,0,2024-12-09 22:31:18+00:00,45,9,True
UgxfyaFGWcRMO6Gvyyl4AaABAg,sGET0sy4xYs,UCcUr_9FT9kFwSY_iP3Yh8Ig,Es verdad que se calienta más con un color que con otro? 👁️👁️ Entonces cuál recomiendan?,0,0,2024-12-10 05:03:59+00:00,88,16,True
UgzPqIALdi1Sxoqj1Kx4AaABAg,sGET0sy4xYs,UCcUr_9FT9kFwSY_iP3Yh8Ig,Estoy pendando comprarme este o el Redmi Note 13 pro 5g cual es mejor?,1,1,2024-12-11 04:21:59+00:00,70,14,True
UgxCQ01bR-DnZcA-XR54AaABAg,sGET0sy4xYs,UCcUr_9FT9kFwSY_iP3Yh8Ig,cuando pruebas el nord 4???,0,0,2024-11-09 05:47:21+00:00,27,5,True
UgzAm_QnnxndAl4qmBl4AaABAg,sGET0sy4xYs,UCcUr_9FT9kFwSY_iP3Yh8Ig,Llevo 6 meses con el y la verdad trabaja muy bien,0,0,2024-12-12 22:35:46+00:00,49,11,False
UgwWgUWXNC5eMEZOF6Z4AaABAg,sGET0sy4xYs,UCcUr_9FT9kFwSY_iP3Yh8Ig,"Yo acabo de comprarme el poco. Todavía no tengo mucha experiencia con él. Pero lo que me ha sorprendido es la facilidad para pasar de un móvil a otro y llevarme todas las aplicaciones incluyendo los ajustes y demás, cada vez es más fácil. He estado probando la cámara y con poca luz las fotos que daban un poco pixeladas. Por cierto muchas gracias por decir que quitar el carrusel de fondos de pantalla te ha costado porque a mí me volvió loca la primera vez con el móvil anterior, si a un experto también le cuesta es que no soy tonta😅. En cuanto a los juegos y demás he de decir que mucha gente no usamos los móviles para jugar, yo no juego a videojuegos nunca y menos en el móvil. Uso el móvil para llamar aunque ahora eso parezca hasta revolucionario😅, para usar whatsapp, veo muchos vídeos de baile pero tampoco hace falta que la calidad sea extremadamente buena con que entienda el paso me va bien, ycompartirlos eso sí me hacía necesario bastante memoria. Lo uso también para hacer fotos y vídeos a mis hijos y mandárselo a las abuelas. Y también para consultar en internet temas laborales, consultar el diccionario de la RAE en un momento dado la composición química de alguna cosa, descargar alguna tesis doctoral sobre barnices por ejemplo, que sí se le fatal en el móvil pero a veces cuando no estás en un despacho o en casa pues te viene bien poderlo hacer. Mucha gente ni siquiera hará esto último con el móvil y hacen bien porque para eso pueden usar un PC o un portátil. Así que me a mí me parece que para el usuario normal tiene prestaciones de sobra, de hecho yo habrá muchas cosas que no use nunca. Sí que lo uso para ver series porque me puedo llevar el móvil a donde esté, tendiendo la ropa haciendo la cena... Mucho menos aparatoso que el portátil y eso que el portátil es muy ligero, pero bueno como en realidad pongo la serie de fondo y solo le echo un vistazo de vez en cuando pues me da lo mismo. Y en ese sentido de decir que gana por goleada Amazon Prime porque utiliza poquísimos datos para ver una película o una serie. Puedes hacerlo sin una Wi-Fi a mano tranquilamente con los datos sin gastarlos aunque no tengas una tarifa ilimitada, se descarga muy rápido. En ese sentido HBO es la peor. Que la mayoría de la gente no ve las series como las veo yo, así de fondo sin hacerles casi ni caso... Pero bueno por si le sirve a alguien también este último dato anecdótico",1,0,2025-01-25 21:12:26+00:00,2397,449,False
Ugz-MXMzwjnEsNbpJC54AaABAg,sGET0sy4xYs,UCcUr_9FT9kFwSY_iP3Yh8Ig,que fotos salen mejor? en el poco x3 pro o en el poco x6 pro?,0,0,2024-12-28 03:52:27+00:00,61,15,True
UgxMNQAhwUaORYYLOx14AaABAg,sGET0sy4xYs,UCcUr_9FT9kFwSY_iP3Yh8Ig,Hay que tener dignidad integridad verticalidad y ser agradecidos de la vida y de las tecnologias que nos permiten usar y no estar buscando pros y contras de nada solo vivan y disfruten ahora que pueden...,0,0,2025-05-19 23:33:52+00:00,204,36,False
Ugxe2FyJ11JpQDUFvgB4AaABAg,sGET0sy4xYs,UCcUr_9FT9kFwSY_iP3Yh8Ig,Sigo sin tenerlo claro e mirado tambien el redmi note 14 pro 5g el de 512 y 12 gb de ram o el vivo V50,0,0,2025-06-07 16:42:17+00:00,102,25,False
UgysRi_6OG7yGr2SL8Z4AaABAg,sGET0sy4xYs,UCcUr_9FT9kFwSY_iP3Yh8Ig,🔥POCO X6 Pro en Ama: https://amzn.to/3TtAJyO 🔥POCO X6 Pro en Ali: https://bit.ly/pocox6pro_ali,53,7,2024-03-21 09:31:19+00:00,94,12,False
Ugy0vppO0uhUJNCqztx4AaABAg,sGET0sy4xYs,UCcUr_9FT9kFwSY_iP3Yh8Ig,"Entonces el Poco X5 Pro sí tiene sensor de proximidad por infrarrojos mientras que el X6 Pro no? Wao, que disparate 😂",0,0,2026-08-19 00:52:57+00:00,117,22,True
Ugz-Y6-dv-RhYhgg9tt4AaABAg,sGET0sy4xYs,UCcUr_9FT9kFwSY_iP3Yh8Ig,"Hola, tengo una consulta, que tipo de protección ofrece la pantalla #1 Gorilla Glass Victus #2 Gorilla Glass 5 ?????",0,0,2026-02-20 10:02:21+00:00,116,20,True
UgyMTutYCxLz82j1glV4AaABAg,sGET0sy4xYs,UCcUr_9FT9kFwSY_iP3Yh8Ig,"A mí me encantó desde que lo compre diseño, rendimiento , en juego excelente!! Yo le cálculo a este 2026 que durará hasta el 2030 bien usado , al menos ahí ya muere, saludos Desde Perú 😊👍",0,0,2026-02-18 22:55:14+00:00,187,37,False
UgxUUxiwmhn1Awfaae94AaABAg,sGET0sy4xYs,UCcUr_9FT9kFwSY_iP3Yh8Ig,"Dejo esta reseña para advertir y pedir que no compren este celular. Mis únicos usos principales son la cámara y los juegos, y después de un año de uso, ninguna de estas funciones rinde adecuadamente. La cámara se deterioró por completo; en muchas ocasiones apenas logra capturar imágenes aceptables. Al momento de abrir cualquier juego, el teléfono funciona como máximo 30 minutos antes de sobrecalentarse, provocando una caída extrema en el rendimiento y una experiencia prácticamente inutilizable. Durante los primeros meses el celular funcionaba 10/10, pero pasado el año se volvió imposible de usar. Se calienta por cualquier tarea básica y el rendimiento general es muy deficiente. Por el precio que tiene, existen opciones considerablemente mejores en el mercado. Cometí el error de confiar en la idea de “bueno, bonito y barato”, pero la realidad es que con el tiempo el equipo muere y no hay mucho que se pueda hacer. He tenido que realizar un cambio de pantalla, y fuera de eso nunca ha sido abierto ni manipulado. Aun así, la durabilidad ha sido muy mala. Como punto adicional, no existen carcasas para este modelo en el mercado local; busqué en múltiples lugares y la única opción es importarlas. En resumen, no lo recomiendo en absoluto.",0,0,2026-01-20 15:12:03+00:00,1249,207,False
Ugx8i-4st1uMLrTqiUV4AaABAg,sGET0sy4xYs,UCcUr_9FT9kFwSY_iP3Yh8Ig,"Lo que dices es verdad tengo un poco x6 pro es un buen celular 📱 y Xiaomi saca buenos dispositivos, pero su talón de Aquiles es su capa de personalización y su sistema operativo lleno de lagazos y publicidad, si mejoran esto podrían llegar a ser el número uno porque si sacan celulares con buenos procesadores, pero definitivamente su capa de personalización y sistema operativo lo que dice de el celular 📱 es muy cierto las huellas 🐾👣 le quedan si no usas funda, carga es rápida y su camara es aceptable pero pueden mejorar, y lo que si deben mejorar que no han podido es su sistema operativo 👌🏻",0,0,2025-12-26 05:40:07+00:00,596,110,False
UgwnJv-0SDk76Vw6eDN4AaABAg,sGET0sy4xYs,UCcUr_9FT9kFwSY_iP3Yh8Ig,Hola mi gusto el móvil,0,0,2025-12-20 17:56:44+00:00,22,5,False
UgyLreUG6YxGNE9t3QN4AaABAg,sGET0sy4xYs,UCcUr_9FT9kFwSY_iP3Yh8Ig,Crees q me convenga cambiarlo por un iPhone 12 Pro Max con 80 de condición?,0,0,2025-11-22 18:34:28+00:00,75,15,True
UgztDa7VcbJU5YHuybx4AaABAg,sGET0sy4xYs,UCcUr_9FT9kFwSY_iP3Yh8Ig,Yo tengo 1 año con el funcionamiento correcto solo la batería siento que no da un rendimiento alto como indica pero en general es bueno,0,0,2025-05-19 20:16:07+00:00,135,25,False
Ugwg1yHrhOHXStXnokl4AaABAg,sGET0sy4xYs,UCcUr_9FT9kFwSY_iP3Yh8Ig,Es normal que la batería 🪫 se descargue rápido??,0,1,2025-11-21 12:49:42+00:00,48,9,True
UgxJfRNSFMrx8upn56d4AaABAg,sGET0sy4xYs,UCcUr_9FT9kFwSY_iP3Yh8Ig,Que problema tiene en desinstalar?,0,0,2025-10-08 12:56:19+00:00,34,5,True
UgxtY8jHP6GujFLasTl4AaABAg,sGET0sy4xYs,UCcUr_9FT9kFwSY_iP3Yh8Ig,"❤Amigo por ti compré este celu ,lo malo es que el juego MK Mobile no se puede ver a pantalla completa.💔ayúdame.",0,0,2025-08-12 12:44:44+00:00,111,21,False
UgwkvZUfDDiRYtZltZF4AaABAg,sGET0sy4xYs,UCcUr_9FT9kFwSY_iP3Yh8Ig,"Yo estoy Ahorrando Para uno de esos, mi teléfono actual es Un Samsung Galaxy A71 4G",0,0,2025-07-29 22:24:09+00:00,83,16,False
UgwdBWfP2W83iv5CcwF4AaABAg,sGET0sy4xYs,UCcUr_9FT9kFwSY_iP3Yh8Ig,Bro ayúdame cuál me recomiendas el Moto g85 o esté Xiaomi,0,0,2025-07-26 04:52:53+00:00,57,11,False
UgyXYg4kHtsXmkFQK6R4AaABAg,sGET0sy4xYs,UCcUr_9FT9kFwSY_iP3Yh8Ig,Poco X3 pro muy antiguo pero potente,0,0,2025-07-13 04:53:02+00:00,36,7,False
UgyrDRYzG9SiW_Of1kt4AaABAg,sGET0sy4xYs,UCcUr_9FT9kFwSY_iP3Yh8Ig,"por el valor es imposible conseguir otro equipo con el mismo rendimiento aun en pleno 2025, buen video!",0,0,2025-07-12 22:41:01+00:00,103,18,False
UgzG371mocSvlIDJT4h4AaABAg,sGET0sy4xYs,UCcUr_9FT9kFwSY_iP3Yh8Ig,"lo compre hace dias y en rendimiento no tengo quejas ,pero lo que si me molesta es su calentamiento un poco mas que un movil normal lo sientes caliente en las manos y por eso me dura menos la bateria, ojala se solucione apesar de actualizar hyper os 2 , en 2025",0,1,2025-07-12 16:27:46+00:00,261,52,False
UgyFnCVCZb50XImqmBR4AaABAg,sGET0sy4xYs,UCcUr_9FT9kFwSY_iP3Yh8Ig,"Tengo casi un año con el y me ha funcionado es extraordinariamente bien y quién lo quiera comprar, hágalo con los ojos cerrados.",0,0,2025-07-11 03:35:12+00:00,128,23,False
UgwNfRkxLgDLWociH1t4AaABAg,sGET0sy4xYs,UCcUr_9FT9kFwSY_iP3Yh8Ig,"Hola bro! Podrías hacer más cortos tus videos? Tenés buena info pero lo hacés muy largo. Es una crítica constructiva, en el tiempo que ví tu vídeo miré otros también y que fueron iguales de interesante al tuyo. Abrazos",0,0,2025-06-22 15:13:21+00:00,218,39,True
UgyrfAs4psV3wBkhHi14AaABAg,sGET0sy4xYs,UCcUr_9FT9kFwSY_iP3Yh8Ig,"Lo tengo desde febrero y la batería no aguanta ni 12 horas, lo tengo que cargar dos veces al día, y lo uso solo para llamadas mensajes y ver los vídeos que me mandan...",0,0,2024-10-15 22:13:52+00:00,168,34,False
Ugz6hlLE37UptxrVBeZ4AaABAg,sGET0sy4xYs,UCcUr_9FT9kFwSY_iP3Yh8Ig,Saben si es compatible para pagar con la app del banco con este celular??? No me deja vincularlo ami,0,0,2025-10-18 16:17:09+00:00,100,19,True
UgxosYW6oGeBJxVwApt4AaABAg,sGET0sy4xYs,UCcUr_9FT9kFwSY_iP3Yh8Ig,Se quejan de desintalar app y no de que no trae jack 3.5🤦‍♂️,0,0,2025-05-18 19:36:57+00:00,60,13,False
Ugzm5znxOBzOwD9kctV4AaABAg,sGET0sy4xYs,UCcUr_9FT9kFwSY_iP3Yh8Ig,El gran problema es la batería no está bien optimizado siento que se descarga muy rápido.,0,0,2025-05-07 14:07:20+00:00,89,16,False
Ugx_vpp1ixuZ3bER0HN4AaABAg,sGET0sy4xYs,UCcUr_9FT9kFwSY_iP3Yh8Ig,Yo le restaure los valores de fabrica y no guarde la copia de seguridad y ahora el teléfono eliminó las actualizaciones que tenía 😭😭,0,0,2025-04-27 17:18:06+00:00,132,24,False
UgwUizymV1m3g82jURF4AaABAg,sGET0sy4xYs,UCcUr_9FT9kFwSY_iP3Yh8Ig,Es un Galaxy S23 Plus con peores cámaras y poco más. Excelente teléfono.,0,0,2024-12-30 02:54:42+00:00,72,13,False
UgwXz0opxRI6f5iwlXp4AaABAg,sGET0sy4xYs,UCcUr_9FT9kFwSY_iP3Yh8Ig,"Ya hace 2 mese lo tengo, y la verdad me sorprendió, nunca falló en nada, alta velocidad, las camaras si manejas bien los detalles de la pro salen de 10 y de dia son muy buenas, lo malo en si apenas es la nocturna pero tampoco soy tan exigente en esa, la de video com 1080 -60 un caño, iphone quedaste abajo, ademas con el turbo de game anda uff y la temperatura por lo menos con este va normal cuando le exijo, la publicidad en la aplicacion de limpieza y velocidad aparecen de vez en cuando pero ni molestan, yo lo inicie y borre todas las aplicaciones, y normal, cada tanto le paso el limoiador y lo reinicio y va a pleno, aguante lanuuu",0,0,2025-01-01 16:20:54+00:00,639,125,False
UgzFBh-qS1csrslzZmZ4AaABAg,sGET0sy4xYs,UCcUr_9FT9kFwSY_iP3Yh8Ig,400$ 12Gb 512Gb en Venezuela.,0,0,2025-01-04 20:48:43+00:00,29,5,False
UgxHdmTZZVundxoSTlx4AaABAg,sGET0sy4xYs,UCcUr_9FT9kFwSY_iP3Yh8Ig,Yo tengo tres dias con el celular se me calienta cargando no entiendo sera jn problema con el cargador o con el dispositivo mismo de fabrica,0,2,2025-01-09 23:18:13+00:00,140,26,False
Ugz1Igj-IX_wi_H3qLR4AaABAg,sGET0sy4xYs,UCcUr_9FT9kFwSY_iP3Yh8Ig,"Cambié el Poco F1 por el X6 Pro y aunque es un gran teléfono, no alcanzo a comprender porqué hay cosas que se han perdido por el camino, como el vídeo 4k a 60fps, que sí estaba en un modelo 6 años anterior, ahora ha desaparecido y como sabe todo videógrafo a poco que quieras grabar cosas de acción es imprescindible para hacer cámara lenta, y tampoco entiendo porqué no han sido capaces de estabilizarlo más allá de 1080 (bueno sí lo entiendo, es un tema de costes, pero un vídeo sin estabilizar hoy en día es un retraso tremendo). Por otro lado HyperOs es EL MAL, con mucha diferencia el sistema operativo más invasivo y molesto que he tenido jamás. No entiendo que tengas que andar desinstalando cosas, me da igual que se tarde un minuto (por aplicación) es que encima hay cosas absurdas que son imposibles de desinstalar y cuya función básica es colarte publicidad no deseada o animarte constantemente a que compres otras aplicaciones.",0,0,2025-01-15 08:29:30+00:00,939,167,False
UgwYaaZNPukKRHGSPCR4AaABAg,sGET0sy4xYs,UCcUr_9FT9kFwSY_iP3Yh8Ig,"soy una persona que ocupa el celular para jugar y tomar fotos con amigos en juntas, estoy entre el poco x6 pro y el redmi 13 pro+ cual me recomendarias?",0,0,2025-01-15 17:22:50+00:00,152,30,True
UgwQY7nTaVORV1fPXVF4AaABAg,sGET0sy4xYs,UCcUr_9FT9kFwSY_iP3Yh8Ig,"Vaya lloreras, igual que a ti te molestan las aplicaciones preinstaladas, a otros no, igual que a ti te molesta que te salgan imágenes en pantalla, a otros les gusta, eres el típico que seguramente le molesta hasta que salga el sol y que abras los ojos por la mañana. Coges y lo quitas y sigues con tu vida. Llorar por estupideces dice mucho de una persona.",0,0,2025-01-21 07:58:17+00:00,357,67,False
UgzO7cKijLWj05tM5YJ4AaABAg,sGET0sy4xYs,UCcUr_9FT9kFwSY_iP3Yh8Ig,Alguien sabe que aplicación sirve para poder ver la temperatura del CPU? He instalado varias pero en todas solo se muestra la temperatura de la batería 🤔 No se si es algun bug,0,0,2025-01-23 18:42:51+00:00,175,33,True
Ugz8e_-nxrWBRI3_90l4AaABAg,sGET0sy4xYs,UCcUr_9FT9kFwSY_iP3Yh8Ig,"Prefiero el x6 pro al x7 pro, gracias",0,0,2025-01-23 21:51:46+00:00,37,8,False
Ugy2594WljMbt3Y0K354AaABAg,sGET0sy4xYs,UCcUr_9FT9kFwSY_iP3Yh8Ig,Lo voy a comprar dentro de un mes 😊,0,0,2025-01-24 15:01:08+00:00,35,9,False
UgzwjmerZ757G95cwi94AaABAg,sGET0sy4xYs,UCcUr_9FT9kFwSY_iP3Yh8Ig,La batería no me pareció que este a la altura,0,0,2025-01-30 19:15:05+00:00,45,10,False
Ugw_saooC5LUJhmbNYZ4AaABAg,sGET0sy4xYs,UCcUr_9FT9kFwSY_iP3Yh8Ig,"Como haces para quitar lo de la pantalla de bloqueo, la publicidad que mencionaste por ejemplo el auto y aparece grande, la imagen del auto te puede decir como quitarlo",0,0,2025-01-30 20:48:10+00:00,168,30,False
UgwYYkDHXaJ5mUa2Qlh4AaABAg,sGET0sy4xYs,UCcUr_9FT9kFwSY_iP3Yh8Ig,"Me dio un ataque de risa cuando dijiste que Xiaomi no hacia tan buen trabajo desde el X3 pro porque justo cambie el mio por el X6 pro y la verdad quede encantado con los dos dispositivos, que bueno que me aguanto las tres generaciones",3,0,2025-02-02 07:51:30+00:00,234,45,False
UgzqVYezpF6yVL_bvup4AaABAg,sGET0sy4xYs,UCcUr_9FT9kFwSY_iP3Yh8Ig,"Hace unos dias se apago mi Poco X3 Pro ya ya no quiso prender. Investigando, es una de las desventajas de esta marca",0,0,2025-02-03 20:35:33+00:00,116,23,False
Ugy7ciPU4TPF-B7kJXl4AaABAg,sGET0sy4xYs,UCcUr_9FT9kFwSY_iP3Yh8Ig,Iré compra a mí mujer uno para san Valentín espero que sea bueno gracias,0,0,2025-02-12 13:14:36+00:00,72,14,False
UgxCvWKuXUyp1pQMGH54AaABAg,sGET0sy4xYs,UCcUr_9FT9kFwSY_iP3Yh8Ig,Mi poco x6 pro me duró 3 años me gustaba el teléfono pero se apago repentinamente y no prendió más sin otra falla suelen tener esos problemas por los comentarios que he visto,0,1,2025-02-17 10:07:02+00:00,174,33,False
UgxMTiTB4PAmisk_NY94AaABAg,sGET0sy4xYs,UCcUr_9FT9kFwSY_iP3Yh8Ig,"Llevo casi un año con el Poco, vengo de un S9 Plus y, aunque tiene potencia, no noto gran diferencia. La cámara deja que desear y lo peor es la publicidad en las apps preinstaladas, algo que nunca había visto en un celular. Además, una vez me quedé dormido viendo YouTube y me desperté porque el teléfono estaba ardiendo. Desde entonces, le tengo mucho más cuidado porque me parece un riesgo. Sinceramente no le recomiendo este equipo a nadie, y como siempre, mejor compren un celular de segunda mano gama alta de años anteriores.",1,0,2025-02-17 17:49:03+00:00,530,94,False
UgxElNkr_Ww9QLdwqqJ4AaABAg,sGET0sy4xYs,UCcUr_9FT9kFwSY_iP3Yh8Ig,"Tengo el poco x6 pro, me lo compré ayer xd y si es verdad que tiene blockwerd pero simplemente lo desinstale las apps y para los anuncios solo puse un codigo DNS y ya está, es un buen teléfono, fluido y la potencia 10/10 para el uso básico o exigente sirve bien y respecto a la temperatura pues no calienta tanto, mucho más con la actualizaciones de Android 15 y hyperOes 2, cámaras pos funcionan xd, en breve es un buen teléfono",1,1,2025-03-17 17:38:14+00:00,429,82,False
UgxEtMhipbr5W1I1S8R4AaABAg,sGET0sy4xYs,UCcUr_9FT9kFwSY_iP3Yh8Ig,Me encanta en todos los sentidos por calidad precio es una pasada pero dos problemas ni puedes meter tarjeta externa ni puedes meter entrada auxiliar,0,0,2025-03-20 04:03:37+00:00,149,25,False
UgwE-nnuQgq_2GHcxnZ4AaABAg,sGET0sy4xYs,UCcUr_9FT9kFwSY_iP3Yh8Ig,"Si ya pero le corre el pou?, es que quiero jugarlo a 120 fps, 4k, rtx on🔥🤑🤑🔥",3,0,2025-03-20 04:21:21+00:00,76,17,True
Ugz4V2zwtSipdRZqvJF4AaABAg,sGET0sy4xYs,UCcUr_9FT9kFwSY_iP3Yh8Ig,saludos a mi la bateria no me dura mucho no llega a todo el dia no se si esta mal la configuracion,0,0,2025-03-31 15:15:04+00:00,98,22,False
UgzetzzEBOz6Q6HCvZd4AaABAg,sGET0sy4xYs,UCcUr_9FT9kFwSY_iP3Yh8Ig,Es una buena opción pero cuál es la mejor opción de gama media que sea parecido a este pero quizá con un poco mejor cámara? Lo puedo comprar en 190€ con el descuento de estudiantes pero algo mejor??,0,0,2025-04-11 19:29:20+00:00,198,38,True
UgwpQHej7YuWgDIidzR4AaABAg,sGET0sy4xYs,UCcUr_9FT9kFwSY_iP3Yh8Ig,Estoy entre 3 el poco X6 pro el realme 12 pro plus 5G o el redmi note 13 pro 5 G,1,1,2025-04-23 07:41:29+00:00,80,21,False
UgyAH5dngw40lt1VNKd4AaABAg,sGET0sy4xYs,UCcUr_9FT9kFwSY_iP3Yh8Ig,"Que me recomiendas? Redmi note 13 pro 5g, o poco x6 pro 5g? No me puedo decidir. No entiendo cuál tiene mejor grabación de vídeo. Excelente tus vídeos!",0,0,2024-12-26 01:11:25+00:00,151,28,True
UgwI4MGGWGYKdk57T0x4AaABAg,sGET0sy4xYs,UCcUr_9FT9kFwSY_iP3Yh8Ig,A esas personas que no les gusta llevar funda en mi pueblo les dicen psicopatas...,4,0,2024-10-14 20:39:08+00:00,82,15,False
UgyTyT9AilLyeLRWbIZ4AaABAg,sGET0sy4xYs,UCcUr_9FT9kFwSY_iP3Yh8Ig,"Desde que lo actualicé, me baja bastante la batería también incluso son juegos no muy exigentes se caliente, con juegos exigentes ya ni te digo",0,0,2025-09-20 18:18:29+00:00,143,25,False
Ugzhbvf-m-uxKa9Kknd4AaABAg,kEMwBNXqJqM,UCxz7sBKlpcpyCiPwXupRymw,lo recomiendan comprar en 2025?,0,2,2025-03-14 03:04:02+00:00,31,5,True
UgyPoQl60TJ6Ie4pXPt4AaABAg,kEMwBNXqJqM,UCxz7sBKlpcpyCiPwXupRymw,"consulta, si quiero enchufar un mixer o un controlador Dj para grabar video y el audio por cable, sabes que se puede utilizar? porque no trae el jack 3.5 que traen otros celulares... podrías hacer algun video explicando eso, no se...",0,0,2025-03-28 03:59:16+00:00,233,41,True
UgxvQRJmFGMuBtfWlWR4AaABAg,kEMwBNXqJqM,UCxz7sBKlpcpyCiPwXupRymw,Me conviene más este o el x7?,0,1,2025-04-02 05:28:11+00:00,29,7,True
UgziKzaz61wQnwqqr8d4AaABAg,kEMwBNXqJqM,UCxz7sBKlpcpyCiPwXupRymw,lo que yo quiero saber es que si reproduce música en calidad hi-res?,0,0,2025-04-08 06:19:23+00:00,68,13,True
Ugzwy1y0Gcs8XvYqod54AaABAg,kEMwBNXqJqM,UCxz7sBKlpcpyCiPwXupRymw,Gracias a esta reseña me compré el Poco X6. Gracias,0,0,2025-04-08 09:19:26+00:00,51,10,False
UgxfFaDD6-Bxcg6l_JR4AaABAg,kEMwBNXqJqM,UCxz7sBKlpcpyCiPwXupRymw,Tarde tanvien ya lo compre pero muy vuen video con muy completo,0,0,2025-04-10 20:19:38+00:00,63,12,False
UgyX8aiQ9sQWV1cxZGJ4AaABAg,kEMwBNXqJqM,UCxz7sBKlpcpyCiPwXupRymw,Aun lo recomiendan para que ne dure 2 o 3 años? Esque me gusta mucho ese celular,0,0,2025-04-23 04:14:19+00:00,80,17,True
Ugx8nVRdWoux-jxnzKV4AaABAg,kEMwBNXqJqM,UCxz7sBKlpcpyCiPwXupRymw,Ahora sí viéndolo desde mi poco x6 pro 🗿,0,0,2025-04-26 04:43:52+00:00,40,9,False
Ugw0pZ9UcNOco_02JTJ4AaABAg,kEMwBNXqJqM,UCxz7sBKlpcpyCiPwXupRymw,"La pantalla es pésima en cuanto a ralladuras y manchas, me decepcionó ya que se ve sucia siempre",0,0,2025-05-02 18:23:08+00:00,96,18,False
UgzhWTjaJ6yJNyD35wd4AaABAg,kEMwBNXqJqM,UCxz7sBKlpcpyCiPwXupRymw,Cual es mejor opción? Estoy entre este y el xiaomi redmi note 14bpro por cien pesos más,0,0,2025-05-12 18:33:19+00:00,87,17,True
Ugw3eFVdQQD4ArfONq14AaABAg,kEMwBNXqJqM,UCxz7sBKlpcpyCiPwXupRymw,Por fin lo puedo decir que lo tengo 🎉,3,1,2025-05-17 08:14:38+00:00,37,9,False
UgxejlthO_FUnimuThB4AaABAg,kEMwBNXqJqM,UCxz7sBKlpcpyCiPwXupRymw,"hasta ahora ningún problema con el rendimiento, se calienta pero no demasiado y tampoco baja su rendimiento cuando se calienta muy configurable, buena batería, buen diseño todo perfecto después de unas semanas de uso 100% recomendable",0,1,2025-05-29 05:16:40+00:00,234,36,False
UgyWZMc4xSHwlk4432V4AaABAg,kEMwBNXqJqM,UCxz7sBKlpcpyCiPwXupRymw,ISA marcial cuando vas a hablar bien de un celular perfecto sin contras todos los mejores celulares no son perfectos para ti iPhone 16 se te salva entonces cuál será te entiendo bien pork esto es simplemente marketing si hablas bien no hay plata te entiendo❤❤👍👍👍👍👍👍👍👍👍👍👍🇩🇴,0,0,2025-06-08 02:53:45+00:00,272,46,False
UgwhWoX675qSFdZQ0eh4AaABAg,kEMwBNXqJqM,UCxz7sBKlpcpyCiPwXupRymw,¿Isa para juegos como Genshin y Fortnite y juegos como Blue Archive me sirve?,0,0,2025-06-08 18:35:04+00:00,77,14,True
Ugyxe2mz9eBjyhVXD394AaABAg,kEMwBNXqJqM,UCxz7sBKlpcpyCiPwXupRymw,Con tres días de uso se puso la pantalla amarilla y blanca y empezó a parpadear y ya no se puede usar,0,0,2025-06-09 00:08:04+00:00,101,22,False
UgxrlfWGcVOq6BnBQOB4AaABAg,kEMwBNXqJqM,UCxz7sBKlpcpyCiPwXupRymw,Hola! Tiene salida para auriculares? Gracias!,0,1,2025-06-10 19:44:29+00:00,45,6,True
UgzoRDuCXo50qj9xD494AaABAg,kEMwBNXqJqM,UCxz7sBKlpcpyCiPwXupRymw,Lo feo es esaa publicidad que tienen,0,0,2025-06-11 22:33:54+00:00,36,7,False
Ugx3CL4YVUPTZHMQ-FZ4AaABAg,kEMwBNXqJqM,UCxz7sBKlpcpyCiPwXupRymw,Me puede explicar por qué el algunos dice que la fecha de lanzamiento es de 2021 y en otro 2024,0,0,2025-06-14 03:00:08+00:00,95,20,False
UgxTOyz08hvPWbsBlUl4AaABAg,kEMwBNXqJqM,UCxz7sBKlpcpyCiPwXupRymw,Pregunta que ea mejor un moto g82 un poco x6 o un nubia neo 2 5g. No tengo mucho presupuesto,0,1,2025-03-12 01:41:36+00:00,92,20,False
UgxxIkkAqkMXqNgs7654AaABAg,kEMwBNXqJqM,UCxz7sBKlpcpyCiPwXupRymw,Vale mucho la pena comprarlo te da demasiada potencia por menos jaja,0,0,2025-06-18 02:58:17+00:00,68,12,False
UgwkpombkoGx0bqe80p4AaABAg,kEMwBNXqJqM,UCxz7sBKlpcpyCiPwXupRymw,Tiene gorila? No recuerdo que lo mencionara?,0,0,2025-02-26 21:11:15+00:00,44,7,True
Ugy0xkEhKj0wR3pS__h4AaABAg,kEMwBNXqJqM,UCxz7sBKlpcpyCiPwXupRymw,"Llevo 4 meses con el poco x6 pro, me parece una exelente opcion costo beneficio. Si juegas bastante se descarga relativamente rapido pero, carga rapido también.",1,2,2025-02-14 00:12:21+00:00,160,26,False
UgzHKNDw69ZZeNMdQU14AaABAg,kEMwBNXqJqM,UCxz7sBKlpcpyCiPwXupRymw,Tiene compatibilidad con redes 4.5? Uno una línea llamada bait pero no sé si sea compatible con el poco x6 pro,0,0,2025-01-09 01:27:07+00:00,110,21,True
UgyAbukcwnPeomG7Y_t4AaABAg,kEMwBNXqJqM,UCxz7sBKlpcpyCiPwXupRymw,Otro problema es que no hay fundas chidas.😭😭😭,0,0,2025-01-10 09:43:29+00:00,45,8,False
UgztysuOdZWh5e2fdVN4AaABAg,kEMwBNXqJqM,UCxz7sBKlpcpyCiPwXupRymw,"Yo le tengo desde menos de un años y ese muy bueno por su precio y si se nota la diferencia entre el pro 5g y el normal, he logrado tener dos juegos que se están ejecutando se al mismo tiempo uno descargando y compilando sonbreadores y el otro en plena partida y lo único que se me queda corto el el router que tengo para el internet, por el cual mi teléfono no logra dar el 100% pero por una diferencia que si bien para algunos es considerable la vale al 100",0,0,2025-01-11 00:33:41+00:00,459,93,False
Ugw1PckVCxU7R3EnHi94AaABAg,kEMwBNXqJqM,UCxz7sBKlpcpyCiPwXupRymw,"Yo me quería comprar el X7 pro pero ya se acabó en la página de Xiaomi. Además de que he leído comentarios no tan buenos de él, ojalá puedas hacer una reseña pero por mientras me compraré el X6 pro. Saludos Isa",0,1,2025-01-13 17:29:24+00:00,210,42,False
Ugxxe4Y6mWB117RNxzh4AaABAg,kEMwBNXqJqM,UCxz7sBKlpcpyCiPwXupRymw,Todos mis celulares con MediaTek rendían bien en juegos pero se calentaban que hasta los dedos como que se me quemaban... Son procesadores que no han mejorado en nada su problema de transferencia de calor... Eso es un punto muy débil de ese teléfono y que le quitarán el puerto Jack es una idiotes del fabricante de Xiaomi.,0,0,2025-01-15 13:26:55+00:00,323,58,False
Ugy769OAIYkzcaJ2Y5h4AaABAg,kEMwBNXqJqM,UCxz7sBKlpcpyCiPwXupRymw,La verdad que la misma palabra POCO lo dice todo...,0,0,2025-01-16 22:14:41+00:00,51,10,False
Ugzp6NeKBBasBlDeR5l4AaABAg,kEMwBNXqJqM,UCxz7sBKlpcpyCiPwXupRymw,Hola 👋🏻 Tiene dos slots para tarjetas SIM para el uso de dos compañías diferentes de telefonía ?? Gracias de antemano 🙏🏻✨,0,0,2025-01-17 04:49:02+00:00,121,22,True
UgyXwisD9yRl49x3M6p4AaABAg,kEMwBNXqJqM,UCxz7sBKlpcpyCiPwXupRymw,El Poco X7 cumplió con dejar la cámara macro de lado y vivir con 2 cámaras solamente xdd como que si te oyeron Isa xdd,0,0,2025-01-25 23:02:18+00:00,118,25,False
UgwCSDvp-yvHIZBFI854AaABAg,kEMwBNXqJqM,UCxz7sBKlpcpyCiPwXupRymw,Todas esas funciones de software las tiene mi redminote 10 pro de hace 6 años y aun funciona de maravilla,0,0,2025-01-27 02:30:45+00:00,105,20,False
Ugwj3idLtoCohcIT0wZ4AaABAg,kEMwBNXqJqM,UCxz7sBKlpcpyCiPwXupRymw,Ayer recién lo compre y ya me estoy inclinando de devolverlo :(,0,1,2025-01-28 09:28:01+00:00,63,12,False
UgxusZ-I9Er3477_w3R4AaABAg,kEMwBNXqJqM,UCxz7sBKlpcpyCiPwXupRymw,Estoy muy conforme con este equipo. Aunque estoy descubriéndolo todavía.,1,0,2025-02-02 15:42:38+00:00,72,10,False
Ugyuem75pc0MckUHv6F4AaABAg,kEMwBNXqJqM,UCxz7sBKlpcpyCiPwXupRymw,"También lo compre desde septiembre de 2024 . Su cámara es una Maravilla, puedo firmar videos en 4k y sus fotografías tomadas de noche salen en HD. La definición de imagen es tana detallada como una pantalla 4k de 60 pulgadas parecido. Su sistema operativo hace que todo funcione súper rápido. Y su memoria de 512 GB me ha ayudado bastante para las fotografías tanto de mi trabajo como mis fotos y documentos personales. No me arrepiento de haberlo comprado. Solo la batería dura 1 día y medio, pero se recompensa con su cargador Mega-Potente ( solo al meterme a bañar lo dejo cargando y en cuanto salgo ya está listo) . Es una Maravilla de Teléfono ❤❤❤",29,3,2025-02-07 19:55:41+00:00,652,118,False
UgxX56UXklVjy6tCS0d4AaABAg,kEMwBNXqJqM,UCxz7sBKlpcpyCiPwXupRymw,siempre quise decir ....yo viendo desde mi .............,0,0,2025-02-07 22:12:58+00:00,56,8,False
Ugw3K9oPG12sjoyWTDR4AaABAg,kEMwBNXqJqM,UCxz7sBKlpcpyCiPwXupRymw,Cuanto cuesta en su versión de 8/256,0,0,2025-02-08 22:05:47+00:00,36,7,False
UgxdQsFvNe74hywGNkF4AaABAg,kEMwBNXqJqM,UCxz7sBKlpcpyCiPwXupRymw,"Cuando vi el vídeo ya lo había comprado, pero muy conforme con celu , el Poco X3 me di confianza para comprar el X6 Pro.",0,0,2025-02-10 18:54:44+00:00,120,25,False
Ugz0sq0i7heMPtXb2CZ4AaABAg,kEMwBNXqJqM,UCxz7sBKlpcpyCiPwXupRymw,Alguien sabe si tiene adaptador para la microsd?,0,1,2025-02-12 06:19:44+00:00,48,8,True
UgwjyMay0Z4tc0Jvuah4AaABAg,kEMwBNXqJqM,UCxz7sBKlpcpyCiPwXupRymw,1:16 se daño el borde de la entrada de la tarjeta sim?,5,0,2025-02-13 05:33:51+00:00,54,12,True
UgxBafmvrk_oGctJWRV4AaABAg,kEMwBNXqJqM,UCxz7sBKlpcpyCiPwXupRymw,Puedo transmitir lo que veo del teléfono a la pantalla?,0,0,2025-02-17 05:24:08+00:00,55,10,True
UgzMO4VBKMt7tkov8AV4AaABAg,kEMwBNXqJqM,UCxz7sBKlpcpyCiPwXupRymw,Recomiendan que lo compre a meses sin intereses es que no puedo juntar 6000 pesos 😢,0,1,2025-06-22 16:14:17+00:00,83,16,False
Ugx-OWKJm6FsIsMVFcR4AaABAg,kEMwBNXqJqM,UCxz7sBKlpcpyCiPwXupRymw,La batería es brutal dura mucho cuando juegas la carga super rápida calidad precio bro,0,0,2025-05-22 18:29:18+00:00,86,15,False
UgwaxwQujh7E1WRJHot4AaABAg,kEMwBNXqJqM,UCxz7sBKlpcpyCiPwXupRymw,Muy bueno el vídeo y todo Pero porque usas 2 relojes 😅,0,0,2025-07-10 00:38:08+00:00,54,12,False
UgzPNSYA7Ki-PBhYvq54AaABAg,kEMwBNXqJqM,UCxz7sBKlpcpyCiPwXupRymw,"Cuando pongo a 120hz este flutua entre 60 y 120 y hace un cambio en el brillo de la pantalla, además que cuando bajo de brillo se torna verdoso",0,0,2025-10-26 13:27:09+00:00,143,29,False
UgxDaEFPDZGYV4beV6F4AaABAg,kEMwBNXqJqM,UCxz7sBKlpcpyCiPwXupRymw,"Yo ocupo muchísimo los auriculares, y qué no traiga me incómoda muchísimo",0,0,2025-11-04 02:52:13+00:00,73,12,False
UgyisxFCCHI7ZdoIMG54AaABAg,kEMwBNXqJqM,UCxz7sBKlpcpyCiPwXupRymw,Oye bro Sete olvidó comentar en dónde tiene la huella digital,0,1,2025-11-27 12:02:14+00:00,61,11,False
Ugzqi7tNdD29xQCWfIV4AaABAg,kEMwBNXqJqM,UCxz7sBKlpcpyCiPwXupRymw,La tapa trasera es cristal o plástico?,0,0,2025-12-13 23:23:10+00:00,38,7,True
UgyTeff2UCtnoZM52lJ4AaABAg,kEMwBNXqJqM,UCxz7sBKlpcpyCiPwXupRymw,"Vengo ya después de medio año y no ha cambiado nada, sigue siendo una bestia de celular, lo recomiendo",5,1,2026-01-23 04:16:39+00:00,102,19,False
UgwDsngm4Bmt1ED5NWF4AaABAg,kEMwBNXqJqM,UCxz7sBKlpcpyCiPwXupRymw,"Ya lo compre hace dos años ya y está vigente aún , es un buen Móvil",0,0,2026-02-18 22:16:24+00:00,67,16,False
UgyzWbU2Rmvi3qpFpHh4AaABAg,kEMwBNXqJqM,UCxz7sBKlpcpyCiPwXupRymw,Tengo duda si la pantalla es libre de rayaduras. Alguien podría orientarme porfi?,0,0,2025-07-09 17:30:50+00:00,81,13,True
Ugw0LrorAM9_Dhvoa_p4AaABAg,kEMwBNXqJqM,UCxz7sBKlpcpyCiPwXupRymw,"Terrible, no lo compres por favor. Escrito desde un poco x6 pro.",0,1,2026-02-26 07:10:57+00:00,64,12,False
Ugw4M23M23X8um7Atqt4AaABAg,kEMwBNXqJqM,UCxz7sBKlpcpyCiPwXupRymw,Antes de actualizar jugaba ff a 120 dos y dwsp de actu a 60 y 70 dos 😢,0,0,2025-10-24 02:57:11+00:00,70,18,False
UgwO0rsiOHj8_KIIEWh4AaABAg,kEMwBNXqJqM,UCxz7sBKlpcpyCiPwXupRymw,"Hola, vengo de ver el video de Honor 7 .",0,0,2026-03-18 13:16:16+00:00,40,10,False
UgyVPBHDNZDB4V6xU0t4AaABAg,kEMwBNXqJqM,UCxz7sBKlpcpyCiPwXupRymw,Yo ahorrando con mi negocio de dulces de contrabando en la escuela 🗣️🔥🔥,0,0,2026-04-11 00:20:35+00:00,71,13,False
UgwKnN2WnUJjB85tGP94AaABAg,kEMwBNXqJqM,UCxz7sBKlpcpyCiPwXupRymw,No me interesa la cámara,0,0,2026-05-10 00:23:39+00:00,24,5,False
UgwmF-RM_QCTARSuU1F4AaABAg,kEMwBNXqJqM,UCxz7sBKlpcpyCiPwXupRymw,Viendolo desde mi poderosisimo poco x5 pro 5g,1,0,2026-05-21 04:17:10+00:00,45,8,False
UgyWY4Q5TnvPgco9M_V4AaABAg,kEMwBNXqJqM,UCxz7sBKlpcpyCiPwXupRymw,Y sigo viendolo en mi poco x6 pro aún 😮,0,0,2026-06-10 16:45:10+00:00,39,10,False
Ugxq8jXCXll0W99fvod4AaABAg,kEMwBNXqJqM,UCxz7sBKlpcpyCiPwXupRymw,Buenos días Dios les bendiga siempre para ti cuál es el mejor celular y más completo que sé puede comprar del 2025 bendiciones y muchas gracias,0,0,2026-07-26 13:58:51+00:00,143,26,False
Ugw5Xls4ix1ThThn_b54AaABAg,kEMwBNXqJqM,UCxz7sBKlpcpyCiPwXupRymw,"La camara macro es excelente, es exclusiva para objetos muy pequeños.",0,0,2026-08-21 04:09:46+00:00,69,11,False
Ugx3eVBiMCqwBXg4DeJ4AaABAg,kEMwBNXqJqM,UCxz7sBKlpcpyCiPwXupRymw,Amigos cual está ahora en el 2026 hnos mayores del pocox6pro?,1,0,2026-09-16 15:55:52+00:00,61,11,True
UgxaBLMkq6VLFwwBM254AaABAg,kEMwBNXqJqM,UCxz7sBKlpcpyCiPwXupRymw,"Saludos Isa, Dios te bendiga. Pues tengo este teléfono desde hace un par de años y me ha funcionado bastante bien excepto con el sensor de proximidad, que se vuelve un verdadero dolor de cabeza al escuchar audios de WhatsApp. Estoy escuchando un audio y lo dejo quietecito y casi no me muevo para tratar de escuchar el audio, pero por alguna razón, piensa que me lo puse en la oreja y le baja el volumen y tengo que pausar el audio y volver a activarlo para escucharlo completo. Bueno, la otra mala experiencia ha sido precisamente la duración de la batería, a estas alturas también supongo está algo desgastada y tengo que estar cargando o si estoy fuera, andar cargando con un Power Bank para volver a cargarlo. Por lo demás, bastante bien. Gracias por tu labor, ayuda mucho!",0,0,2026-09-28 20:00:51+00:00,777,140,False
UgyjaysHvDll9Iq8OjN4AaABAg,kEMwBNXqJqM,UCxz7sBKlpcpyCiPwXupRymw,Todavía servirá el poco x6 en pleno 2026 ??,0,0,2026-03-23 14:27:40+00:00,43,9,True
Ugz25qyVihd-W6GlnhN4AaABAg,kEMwBNXqJqM,UCxz7sBKlpcpyCiPwXupRymw,"Como vez Isa, no se si c9.prarme el poco f7 por que es un poco más nuevo o el poco x6 pro 🤔",0,0,2025-10-19 00:34:11+00:00,91,23,False
Ugyu1uG-GvJpQAvo7Pt4AaABAg,kEMwBNXqJqM,UCxz7sBKlpcpyCiPwXupRymw,"Hola, tengo una consulta, que tipo de protección ofrece la pantalla #1 Gorilla Glass Victus #2 Gorilla Glass 5 ?????😊",0,0,2026-02-20 10:00:37+00:00,117,20,True
UgznjBpNk9mlrsE6YHt4AaABAg,kEMwBNXqJqM,UCxz7sBKlpcpyCiPwXupRymw,Haga del poco x7 pro,0,0,2025-07-12 13:42:58+00:00,20,5,False
UgzAiMTtj1C4L8iHPuR4AaABAg,kEMwBNXqJqM,UCxz7sBKlpcpyCiPwXupRymw,"🙏🏼✍👀Alguien sabe cómo se pone el juego MK mobile a pantalla completa en este celular. Todo se ve pantalla completa, menos este juego y compre este celu pensando en este juego, ya he hecho todo lo aparece en YouTube 🙏🏼🙏🏼✍👀",0,0,2025-10-11 14:39:47+00:00,221,40,False
UgyVSYB1nd1JSmd0vyR4AaABAg,kEMwBNXqJqM,UCxz7sBKlpcpyCiPwXupRymw,Tuve un redmi k40 gaming y compré el poco x6pro este del video y la nta pues si está muy chido este poco que la pila pues lo cargo dos veces al día talvez dependerá el uso que se le de pero se me hace muy buen teléfono es rápido está muy cool el contexto,0,0,2025-07-17 14:54:22+00:00,254,55,False
UgyQ4CYW-QNpih7dze54AaABAg,kEMwBNXqJqM,UCxz7sBKlpcpyCiPwXupRymw,Me duro 2 años la batería se descarga muy rapido,1,0,2025-07-21 17:27:38+00:00,48,10,False
UgxccOU2b7Q-sXzqovh4AaABAg,kEMwBNXqJqM,UCxz7sBKlpcpyCiPwXupRymw,"Alguien que me diga si es Normal que cuando bajo el brillo al maximo o no tan al maximo se me ponga la pantalla en verde transparente y se parpadea queriendo volver a color original, la verdad es muy incómodo no se si sea un Bug o tendra alguna función encendida a alguien le pasó lo mismo, apnas tiene días que lo compre en mercado libre en la página oficial de Xiaomi",0,1,2025-07-28 19:33:23+00:00,369,72,False
Ugz64VRt0Pp0DWzliJZ4AaABAg,kEMwBNXqJqM,UCxz7sBKlpcpyCiPwXupRymw,"Hola, en mi caso si se llega a reiniciar o apagar en una red diferente a 3G no reconoce la SIM. Alguna recomendación?",0,0,2025-08-06 14:58:30+00:00,117,23,True
UgzEcbQWDQqGGO0zu2J4AaABAg,kEMwBNXqJqM,UCxz7sBKlpcpyCiPwXupRymw,Yo viendo el video con mi poco X3 pro,0,0,2025-08-12 14:23:05+00:00,37,9,False
UgyGyKgBaw0eQyPLS9x4AaABAg,kEMwBNXqJqM,UCxz7sBKlpcpyCiPwXupRymw,Oye ISA. Lo compre pero para encenderlo se complica tendrá algún truco,0,0,2025-08-16 22:08:27+00:00,70,12,False
UgzOLKfnwl6woIOOosZ4AaABAg,kEMwBNXqJqM,UCxz7sBKlpcpyCiPwXupRymw,Ya se en que gastarme mis ahorros,0,0,2025-08-20 02:54:00+00:00,33,7,False
UgyK6OkmT6J4uOnySE94AaABAg,kEMwBNXqJqM,UCxz7sBKlpcpyCiPwXupRymw,Es ese equipo asta gta 5 se puede llegar a jugar,0,0,2025-08-14 02:01:03+00:00,48,11,False
Ugx297fVe7M6uuHYNFF4AaABAg,kEMwBNXqJqM,UCxz7sBKlpcpyCiPwXupRymw,Yo creo que el unico incoveniente que vi en el video es el tick de apartar la cara de la carama del tipo que esta describiendo jajaja,0,0,2025-08-29 16:16:59+00:00,133,27,False
Ugycip1MpZOPEGsuNgx4AaABAg,kEMwBNXqJqM,UCxz7sBKlpcpyCiPwXupRymw,enserio justo cuando ayer le digo a mi mama que ese me lo compre,0,0,2025-09-03 20:04:25+00:00,64,14,False
UgzSY70X_KwyWEmq56h4AaABAg,kEMwBNXqJqM,UCxz7sBKlpcpyCiPwXupRymw,Tengo problemas en el wifi Aún que aparece conectado me va más rápido con los datos y no me abre fluidas las apps :(,0,0,2025-09-16 04:59:49+00:00,116,24,False
UgyrG8oPecn39-LoGL54AaABAg,kEMwBNXqJqM,UCxz7sBKlpcpyCiPwXupRymw,Ami salió 1800$ versión de 12 de ram y 512 almacenamiento,0,0,2025-09-18 18:40:41+00:00,57,11,False
Ugx9nCrNnc_J8KSbyUp4AaABAg,kEMwBNXqJqM,UCxz7sBKlpcpyCiPwXupRymw,"Yo tengo el de 512gm 12ram, y es una nave espacial. No sé recalienta, tengo varios juegos y andan todos súper bien en altos gráficos, tiene. Uen sonido , para las tareas cotidianas también anda súper bien y no se recalienta, eso es mentira",0,0,2025-09-22 14:14:37+00:00,239,44,False
UgyVUT0Y03XNGzyN0Sx4AaABAg,kEMwBNXqJqM,UCxz7sBKlpcpyCiPwXupRymw,Deje de comprar Samsung por el poco ... Es de lo mejor que he comprado calidad precio,2,0,2025-10-07 14:18:12+00:00,85,17,False
UgxJAXGpKRtTokiHaFJ4AaABAg,kEMwBNXqJqM,UCxz7sBKlpcpyCiPwXupRymw,"Yo lo compré y me gustó, es una bestia en cuestión gaming, aún que el sensor si falla pero es muy mínimo, las cámaras están desentes, lo único que estuve un poco descontento es la batería, no es tanto pero si se le baja algo rápido pero se compenza con su carga rápida.",1,0,2025-10-11 06:24:42+00:00,269,53,False
UgyUULaW6AUWUWaNrdR4AaABAg,kEMwBNXqJqM,UCxz7sBKlpcpyCiPwXupRymw,Tomo clases y es necesario el Jack 3.5,0,0,2025-08-27 04:05:48+00:00,38,8,False
UgxAeBxNyXX9MjLTwep4AaABAg,eXySHoFcqA8,UCXk9Voo5cAfoYbnXjrNZhVw,Y donde consigues el cargador,0,0,2024-08-12 20:18:52+00:00,29,5,False
UgxyljJlYJzVPwBqnTV4AaABAg,eXySHoFcqA8,UCXk9Voo5cAfoYbnXjrNZhVw,"ahora si confirmo la teoria de que al poco f6 solo le falta optimizacion, en cuanto salga una custom rom decente se la instalo para que le saque el jugo",0,0,2024-07-24 18:56:39+00:00,152,30,False
UgwC6ElxZZnM-YemNzJ4AaABAg,eXySHoFcqA8,UCXk9Voo5cAfoYbnXjrNZhVw,"No entiendo porque ahora los reviws de los youtubers a excepción de este, hablan hablan y hablan de las fotos y viedeos pero no lo usan mas alla o para lo que fuebdiseñado, estan mas enfocado en hacer un video de media hora y sin probar un jueguito 😂. Digi yo si quieres hablar de camaras mejor comorate una camara 😅.",1,0,2024-08-11 22:06:40+00:00,317,61,False
UgxN-AfSWYLlH-EdZeF4AaABAg,eXySHoFcqA8,UCXk9Voo5cAfoYbnXjrNZhVw,Otra pregunta amigo este móvil en España trae cargador?,0,0,2024-08-10 17:57:51+00:00,55,9,True
UgxzUOyEWXIWBnx9DK14AaABAg,eXySHoFcqA8,UCXk9Voo5cAfoYbnXjrNZhVw,Por favor responderme porque necesito saber esas cosas por favor amigo,0,0,2024-08-10 17:55:25+00:00,70,11,False
Ugz5phCi77q_X6be3Cx4AaABAg,eXySHoFcqA8,UCXk9Voo5cAfoYbnXjrNZhVw,Hola amigo este móvil trae cargador se calienta mucho y cuanto dura la batería?,0,0,2024-08-10 17:54:09+00:00,79,14,True
UgxUWt9ugRnIwQYiCqd4AaABAg,eXySHoFcqA8,UCXk9Voo5cAfoYbnXjrNZhVw,He probado el GT6 y el GT 6T los dos tienen un gran problema y es que cuando el teléfono supera los 40° el procesador se limita drásticamente y los FPS en los juegos bajan muchísimo. Espero que en futuras actualizaciones lo arreglen por qué en 40° me parece muy poca temperatura para limitar así un teléfono es que literalmente juego 10 minutos con cualquiera de los dos y pasa de 120 FPS a 60 FPS en menos de 10 minutos jugando.,0,1,2024-08-10 17:03:51+00:00,429,82,False
Ugw1n72cpAn-bCO9yHN4AaABAg,eXySHoFcqA8,UCXk9Voo5cAfoYbnXjrNZhVw,Asco de pantallas curvas.,0,0,2024-07-17 21:18:30+00:00,25,4,False
UgzhjIE8F4ARNtVy2ht4AaABAg,eXySHoFcqA8,UCXk9Voo5cAfoYbnXjrNZhVw,"Sin hablar de precios, me recomendais este telefono, el S23+ o el Iphone 13 PRO MAX",0,0,2024-06-29 03:05:04+00:00,83,16,False
UgxJ2Em1IcXQyO-z1ox4AaABAg,eXySHoFcqA8,UCXk9Voo5cAfoYbnXjrNZhVw,Mientes se calienta igual ....,0,0,2024-07-04 17:44:53+00:00,30,5,False
Ugw6e_eMIh3f9EXiybl4AaABAg,eXySHoFcqA8,UCXk9Voo5cAfoYbnXjrNZhVw,"Este realme gt 6 hay que compararlo con el poco F6 pro, ese sí que es su competidor",0,0,2024-07-04 13:19:51+00:00,83,18,False
Ugz4RYHwexVLrentCJ14AaABAg,eXySHoFcqA8,UCXk9Voo5cAfoYbnXjrNZhVw,"Hola bro me encanta tu canal, cuando harás una review de el poco x6 pro?",0,0,2024-07-04 06:35:13+00:00,72,15,True
UgxQnrN4zqv6x2ZOFq54AaABAg,eXySHoFcqA8,UCXk9Voo5cAfoYbnXjrNZhVw,Cuál es mejor Realme GT6 o OnePlus 12r?,0,0,2024-07-01 06:08:46+00:00,39,8,True
UgydOtDLtY-oINIVvmV4AaABAg,eXySHoFcqA8,UCXk9Voo5cAfoYbnXjrNZhVw,"Yo creo que estás haciendo mal la comparación este celular cuesta más que el f6 pro, a ese precio debería de tener materiales de metal y vidrio y eso lo haría imbatible , pero eso sí lo que me gusta es que su pantalla sea curva bien por realme",1,1,2024-06-30 20:53:02+00:00,243,49,False
UgwkNBzGH3drrBEWzWN4AaABAg,eXySHoFcqA8,UCXk9Voo5cAfoYbnXjrNZhVw,"He visto en varios canales más problemas de calentamiento, tu lo has notado sobretodo a la hora de jugar?",0,1,2024-06-30 15:05:22+00:00,105,19,True
UgxX4kem0p3iPTuN4Ax4AaABAg,eXySHoFcqA8,UCXk9Voo5cAfoYbnXjrNZhVw,"El principal error de este vídeo es comparar el F3, un móvil que se puede conseguir por menos de 300€, con un móvil que vale el doble.",0,0,2024-06-29 18:04:29+00:00,134,27,False
UgwOZlvz0EDQP57-gqN4AaABAg,eXySHoFcqA8,UCXk9Voo5cAfoYbnXjrNZhVw,*Pero cuesta mucho mas que el POCO F6*,0,0,2024-08-14 05:50:16+00:00,38,8,False
UgwuZXkjhar8iKi-Nf14AaABAg,eXySHoFcqA8,UCXk9Voo5cAfoYbnXjrNZhVw,"Únicamente por las pantalla curva pasaría, tocas la orilla y se vuelve loco.",0,0,2024-07-05 03:57:46+00:00,76,13,False
UgyT-jpjNQYKR_sLhht4AaABAg,eXySHoFcqA8,UCXk9Voo5cAfoYbnXjrNZhVw,Podrías el one plus 12,0,0,2024-08-14 09:04:54+00:00,22,5,False
UgwWldbtjBOAga_yHOx4AaABAg,eXySHoFcqA8,UCXk9Voo5cAfoYbnXjrNZhVw,Como siempre Realme siendo MUCHO mejor que bugomi 😎👌🏻,1,0,2024-09-25 09:53:35+00:00,53,9,False
UgySIBroejts0BlU5b94AaABAg,eXySHoFcqA8,UCXk9Voo5cAfoYbnXjrNZhVw,Yo logré conseguir el gt5 y se me hace más bonito el diseño que esté y jala de maravilla,0,0,2024-08-31 05:02:51+00:00,88,19,False
UgwJqXxjQxYz_CzYmE94AaABAg,eXySHoFcqA8,UCXk9Voo5cAfoYbnXjrNZhVw,Yo viendo esto desde mi poderoso s6 edge plus con glass roto :'),0,0,2024-06-27 04:01:20+00:00,64,13,False
UgyY2A1mGo3pYQxFZyJ4AaABAg,eXySHoFcqA8,UCXk9Voo5cAfoYbnXjrNZhVw,"Huoolaa androooides como estáis! Hoy te traigo una review de la que estoy orgulloso, creo que he metido muuucha info y en menos de 10 minutos! Un abrazo ^.^",132,5,2024-06-20 17:50:33+00:00,156,29,False
UgzDfn1SlW8NFMuX88R4AaABAg,eXySHoFcqA8,UCXk9Voo5cAfoYbnXjrNZhVw,"Yo tengo un red mi no te 13,estoy dando un buen salto si me pasó a este realme gt6?",1,0,2025-07-03 19:51:01+00:00,83,19,True
Ugx70yDPGy1AhFHpnlZ4AaABAg,eXySHoFcqA8,UCXk9Voo5cAfoYbnXjrNZhVw,Actualmente que móvil usas como principal,0,0,2025-06-24 16:20:17+00:00,41,6,False
UgyzRtRMkCyzKXoE-F54AaABAg,eXySHoFcqA8,UCXk9Voo5cAfoYbnXjrNZhVw,Lo mejor de todo .. esque vi tu video en un realme gt6 .. buen telefono,0,0,2025-06-19 10:01:32+00:00,71,16,False
Ugx-KfzFQD_zItZrKtN4AaABAg,eXySHoFcqA8,UCXk9Voo5cAfoYbnXjrNZhVw,me lo acabo de comprar en AliExpress el de 12G y 256gb y me ha costado 333€,1,1,2025-02-19 22:49:48+00:00,75,17,False
UgxcNSfPmAy-QV1miEp4AaABAg,eXySHoFcqA8,UCXk9Voo5cAfoYbnXjrNZhVw,graba llamadas? tiene espacio seguro?,0,0,2025-02-07 04:30:48+00:00,37,5,True
UgzGUDxcVxnKjQatZhh4AaABAg,eXySHoFcqA8,UCXk9Voo5cAfoYbnXjrNZhVw,"El problema del poco era el sistema de salida, con las actualizaciones se ha corregido lo del calor completamente.",0,0,2025-02-02 11:38:01+00:00,114,19,False
UgzbVeSFA29aKSqw9Pt4AaABAg,eXySHoFcqA8,UCXk9Voo5cAfoYbnXjrNZhVw,"Porque no recomiendas el 12 y 16 gb? Obviamente serán mejor, pero hay mucha diferencia?",0,0,2024-08-16 18:39:38+00:00,87,15,True
UgzdrVCIoayw581_BOd4AaABAg,eXySHoFcqA8,UCXk9Voo5cAfoYbnXjrNZhVw,"La comparacion entre el realme y el poco no es nada justa, el poco se puede encontrar facilmente por 250 euros mientras que el realme no baja de los 400 incluso con ofertas.",0,0,2025-01-14 14:57:41+00:00,173,33,False
UgzKXYNAPSA3nUj3KXZ4AaABAg,eXySHoFcqA8,UCXk9Voo5cAfoYbnXjrNZhVw,"Jajaja da risa ver este video, mi poco f6 no calienta nada pero nada, lo normal en la actualidad.. 18/12/24",0,0,2024-12-18 19:01:40+00:00,107,20,False
UgzEIK-bSBXC7sXVm4p4AaABAg,eXySHoFcqA8,UCXk9Voo5cAfoYbnXjrNZhVw,"aun sigo con mi realme gt master con casi 3 años con el y va como el primer dia dandole caña a diestro y siniestro, el proximo de cabeza a por este gt6",1,0,2024-11-19 20:58:53+00:00,151,33,False
UgwK-SpZNMaBXMffEoJ4AaABAg,eXySHoFcqA8,UCXk9Voo5cAfoYbnXjrNZhVw,"Buen video !!! Actualmente tengo un Realme 12 pro+ y me interesa el Realme gt 6, será un buen cambio o no?",0,0,2024-11-14 18:30:53+00:00,106,22,True
UgwoYFtFtHGzgQZCx-Z4AaABAg,eXySHoFcqA8,UCXk9Voo5cAfoYbnXjrNZhVw,3:55 no se porque a ti te vino sin el cargador pero a mí cuando lo compre de la tienda vino con el cargador incluido en la caja de unos 120 w,1,0,2024-10-27 09:44:49+00:00,141,32,False
Ugz0UYNvz-7VvEeKdL94AaABAg,eXySHoFcqA8,UCXk9Voo5cAfoYbnXjrNZhVw,"Este celular vale casi 130 euros mas, sin cargador y sin funda, y me estas diciendo que le compite a poco? Mejor di que realmente pagó bron😂",0,0,2024-10-14 06:49:55+00:00,140,27,True
UgzClVnkU_NTcPfqFtF4AaABAg,eXySHoFcqA8,UCXk9Voo5cAfoYbnXjrNZhVw,hyperos es una cagada no cabe duda.,1,0,2024-10-01 18:25:49+00:00,35,7,False
Ugz1zQtIfUm8j4OkQ5F4AaABAg,eXySHoFcqA8,UCXk9Voo5cAfoYbnXjrNZhVw,"Lastimosamente ya compré el Xiaomi 13pro 5g, si no me hubiera comprado este teléfono. He usado la marca realme y me ha ido muy bien.",0,0,2024-09-14 02:00:14+00:00,132,25,False
Ugwisfi2nYwa0inlCeR4AaABAg,eXySHoFcqA8,UCXk9Voo5cAfoYbnXjrNZhVw,Hola. Recomendarías el GT 6 para sustituir a un OnePlus 9 Pro? Me importa sobre todo por las cámaras. Gracias,0,0,2024-09-01 14:18:40+00:00,109,20,True
Ugza1QH0EJ88WtOwJkZ4AaABAg,eXySHoFcqA8,UCXk9Voo5cAfoYbnXjrNZhVw,Yo tengo el poco y es una maravilla brutal de bueno,0,0,2024-12-18 19:03:05+00:00,51,11,False
UgxrH5EUhxgGGLDur9B4AaABAg,eXySHoFcqA8,UCXk9Voo5cAfoYbnXjrNZhVw,Realme Gt6 o Nothing Phone 2 ? Estan por 550€ los dos actualmente,0,0,2024-06-26 13:46:45+00:00,65,13,True
UgznmF9M4zeMfnsOtrZ4AaABAg,eXySHoFcqA8,UCXk9Voo5cAfoYbnXjrNZhVw,Que paso con poco x6 pro amarillo 🙏🙏🙏🙏🙏🙏🙏🙏🙏🙏🙏🙏🙏🙏🙏🙏🙏🙏🙏🙏🙏🙏🙏🙏🙏🙏🙏🙏🙏🙏🙏☺️🙏🙏🙏🙏🙏🙏🙏🙏🙏🙏🙏🙏☺️,0,0,2024-06-27 02:41:19+00:00,81,8,False
UgzbjXRYh1exRfF4dkB4AaABAg,eXySHoFcqA8,UCXk9Voo5cAfoYbnXjrNZhVw,Que chiste tiene compararlo con el Poco F6 si el Realme vale el doble de precio 🤦‍♂️,1,0,2024-06-26 03:09:48+00:00,84,17,False
Ugzxie0SFDESwdGE08Z4AaABAg,eXySHoFcqA8,UCXk9Voo5cAfoYbnXjrNZhVw,Es la versión global ?,0,0,2024-06-22 20:11:16+00:00,22,5,True
Ugz8LIXCGW_gx6QCWep4AaABAg,eXySHoFcqA8,UCXk9Voo5cAfoYbnXjrNZhVw,"Lo que pasa con el f6 es hyper os es un visaje, un pana le cambio la rom y va mucho mejor aunque la rom aún no está al 100% pero igual le va mejor",0,1,2024-06-22 19:38:36+00:00,146,35,False
UgyOyCNgKpGni2E86Ol4AaABAg,eXySHoFcqA8,UCXk9Voo5cAfoYbnXjrNZhVw,"Para comprar un móvil con las mismas características del poco F6 y en calidad precio, me quedo con el poco. Compras un Cooler y aún te queda dinero. Y sólo hablo del poco F6. Si compras el Poco X6 pro es aún más económico y eso hablo de la configuración 12/512 een ambos. Por eso es que no igualan a poco. Por la calidad precio.",0,0,2024-06-22 18:54:46+00:00,328,65,False
UgzF7m4EnUO1LDVy9qF4AaABAg,eXySHoFcqA8,UCXk9Voo5cAfoYbnXjrNZhVw,El Nuvia Z60 ultra le gana en casi todo excepto en cámara selfie y vale solo 50 dólares más que no es mucho considerando que el realme GT 6 cuesta 100 dólares más de el poco F6,0,0,2024-06-22 17:55:57+00:00,176,37,False
UgwsEYukLwlcso4QpnZ4AaABAg,eXySHoFcqA8,UCXk9Voo5cAfoYbnXjrNZhVw,Justamente hoy me llega este realme gt6 lo pedi en mercado libre aca en mexico y dice que si incluye el cargador. A ver cuando llegue incluso me dieron un cupon de descuento de $500 pesos mexicanos,1,0,2024-06-22 16:55:06+00:00,197,37,False
UgzG8inxqxcw9OYz03V4AaABAg,eXySHoFcqA8,UCXk9Voo5cAfoYbnXjrNZhVw,Basta que no tenga cargador ya no es recomendable... poner un cargador parecido o desigual perjudicara su rendimiento. Recomendar un celular sin cargador hace una mala reseña para el futuro.,0,0,2024-06-22 10:01:55+00:00,190,30,False
UgyabeeiqWk3EZvR9CF4AaABAg,eXySHoFcqA8,UCXk9Voo5cAfoYbnXjrNZhVw,Y que te parece el gt6t,0,0,2024-06-22 03:29:53+00:00,23,6,False
Ugz1lvuHLrev1C6CDAB4AaABAg,eXySHoFcqA8,UCXk9Voo5cAfoYbnXjrNZhVw,Necesito ayuda !! Vale la pena cambiar de un Xiaomi 12pro a un gt6,0,0,2024-06-22 02:24:32+00:00,66,14,False
UgxSGsvN5ebcI0naRgl4AaABAg,eXySHoFcqA8,UCXk9Voo5cAfoYbnXjrNZhVw,Tiene buena pinta pero por ese precio puedes conseguir un OP12 que es mejor en todo.,0,0,2024-06-22 22:12:32+00:00,84,16,False
Ugx9666YBSXC_apmZ_Z4AaABAg,eXySHoFcqA8,UCXk9Voo5cAfoYbnXjrNZhVw,Por ese precio estaba el oneplus 12 en las ofertas de aliexpress la semana pasada y es mucho mejor teléfono.,0,0,2024-06-22 01:30:42+00:00,108,20,False
UgzNXLEXrZXzKax9_8h4AaABAg,eXySHoFcqA8,UCXk9Voo5cAfoYbnXjrNZhVw,"Yo venía del realme gt neo 2, esperaba por este pero a sabiendas de su precio me pillé el poco f6 por 280€ y ne parece un pepinaco... Ayer me dió algo más de 9 horas de pantalla con un 18% todavía y eso que le di caña probándolo. En juegos va en ultra sin despeinarse, carga en unos 40 minutos completa, cámaras muy muy decentes, me han sorprendido la verdad... En definitiva, por los 280€ que me ha costado no hay nada mejor, estanos hablando que el gt 6 cuesta prácticamente el doble y están casi a la par en todo. Por cierto, el tema calentar... Mi pareja tiene el s23 ultra y cuando juega dandole caña a tope se pone modo barbacoa que puedes hacerte unos pinchitos en él, lo logico es usar un cooler que para eso los venden. Calidad precio nada que ver, me quedo con el poco 👌🏼",0,0,2024-06-21 23:45:58+00:00,781,153,False
Ugxh9QO7A-8pQr51tnd4AaABAg,eXySHoFcqA8,UCXk9Voo5cAfoYbnXjrNZhVw,"Este realme, pixel 8, s23 ultra de segunda mano, cual prefieres",2,0,2024-06-21 23:44:50+00:00,63,11,False
Ugwl_aRJfaX9yWzE4fV4AaABAg,eXySHoFcqA8,UCXk9Voo5cAfoYbnXjrNZhVw,Lo malo es que no trae cargador 😢,0,0,2024-06-21 23:11:09+00:00,33,8,False
UgwdfcDqqlTDkFAD-WJ4AaABAg,eXySHoFcqA8,UCXk9Voo5cAfoYbnXjrNZhVw,"Chicos. Me toca renovar teléfono, tengo un iPhone 13 desde hace 3 años. Necesito algo con un software fluido y estable, una gran pantalla y mucho más grande que la de 6.1 no me importa IOS o Android. Me recomiendan este equipo ? Sus comentarios amigos",2,2,2024-06-21 22:56:36+00:00,251,46,True
UgyaTaBGWUdbN8gzkRd4AaABAg,eXySHoFcqA8,UCXk9Voo5cAfoYbnXjrNZhVw,"Es la versión mejorada del Poco F6. HyperOS está siendo ridículamente horrible, con peor optimización que MIUI, un consumo de batería poco constante y ralentiza aplicaciones. Estoy hablando de un Poco F5, que ya estaba bien, pero estoy sufriendo con él.",0,0,2024-06-21 21:19:45+00:00,253,41,False
Ugwvfoq9RaSbG7pamkp4AaABAg,eXySHoFcqA8,UCXk9Voo5cAfoYbnXjrNZhVw,realme su software esta mas abandonado que su propia comunidad,0,0,2024-06-21 21:37:05+00:00,62,10,False
UgwQuao8gYTz4WpL9Sx4AaABAg,eXySHoFcqA8,UCXk9Voo5cAfoYbnXjrNZhVw,Creo que no escuché NFC para pagos desde el móvil ?,0,1,2024-06-21 22:52:52+00:00,51,11,True
UgwKfX4jVK2n8KCAtdJ4AaABAg,eXySHoFcqA8,UCXk9Voo5cAfoYbnXjrNZhVw,Mejor me compro un sansumg note 20 ultra de 6.9 de pantslla y 256 gs en 270 estan super rebajado en ebay para pagar 500 dolar hsy que estar mal del celebro,0,0,2024-06-26 10:56:45+00:00,155,32,False
UgyE8s8VSB04xuvSQAd4AaABAg,eXySHoFcqA8,UCXk9Voo5cAfoYbnXjrNZhVw,"Xiaomi siempre la lía 😂😂, con su supuesto calidad precio 😃🥴",0,0,2024-06-22 00:14:19+00:00,59,11,False
UgwLGiaiuXhfHAzrBP54AaABAg,eXySHoFcqA8,UCXk9Voo5cAfoYbnXjrNZhVw,Que nostalgia me trae cuando escucho tu voz,0,0,2024-06-22 23:06:51+00:00,43,8,False
UgxPAgjf1s-DM5Yljr94AaABAg,eXySHoFcqA8,UCXk9Voo5cAfoYbnXjrNZhVw,El poco F6 compite en precio con el Realme GT 6?,0,0,2024-06-22 13:23:50+00:00,48,11,True
UgwTN_QP86u3r_2ClCV4AaABAg,eXySHoFcqA8,UCXk9Voo5cAfoYbnXjrNZhVw,Xiaomi también se puede activar el alway on display Todo el día,0,0,2024-06-23 05:01:43+00:00,63,12,False
Ugw4CiDhpybF0eg60Al4AaABAg,eXySHoFcqA8,UCXk9Voo5cAfoYbnXjrNZhVw,"Algún día, algún día 😢",0,0,2024-06-25 23:55:56+00:00,22,5,False
UgzODmwm1dfyFOucuOJ4AaABAg,eXySHoFcqA8,UCXk9Voo5cAfoYbnXjrNZhVw,Llevo 4 años y 4 meses con un realme 5 pro y tengo claro q el proximo movil q me compre será otro realme,0,0,2024-06-25 19:38:33+00:00,104,24,False
UgzcsLKIibC5BHjTXH54AaABAg,eXySHoFcqA8,UCXk9Voo5cAfoYbnXjrNZhVw,Cuántas actualizaciónes de sistema va a recibir?4 por lo menos como Samsung.,0,0,2024-06-25 10:03:20+00:00,76,12,True
Ugz_zjl72c8nTMQ_Fkd4AaABAg,eXySHoFcqA8,UCXk9Voo5cAfoYbnXjrNZhVw,Muy bueno ese teléfono,0,0,2024-06-23 01:52:48+00:00,22,4,False
UgxfScXYzjU4x2TpVyZ4AaABAg,eXySHoFcqA8,UCXk9Voo5cAfoYbnXjrNZhVw,Una pregunta tiene sensor de proximidad físico?,0,0,2024-06-25 04:10:28+00:00,47,7,True
UgxZ0Vzue3c8uo_OGUl4AaABAg,eXySHoFcqA8,UCXk9Voo5cAfoYbnXjrNZhVw,Cuál es mejor en cámara vs el oppo reno 11 vs one plus 12?,0,0,2024-06-25 03:42:56+00:00,58,14,True
UgxjhD7ZGyJDY2yVva54AaABAg,eXySHoFcqA8,UCXk9Voo5cAfoYbnXjrNZhVw,"gran video y movil, pero casi 600? una gama media? creo que es demasiado caro para ser gama media",3,1,2024-06-24 18:33:38+00:00,97,19,True
UgxWqBGbilv87rNDB154AaABAg,eXySHoFcqA8,UCXk9Voo5cAfoYbnXjrNZhVw,Y la cámara en modo video? Lo tenemos que adivinar?,0,0,2024-06-24 16:06:32+00:00,51,10,True
UgyRMR-AubuQDC-lp6p4AaABAg,eXySHoFcqA8,UCXk9Voo5cAfoYbnXjrNZhVw,Ese teléfono va muy bien por el precio que tiene tiene un precio muy bueno si uno espera algunos meses ese teléfono se pondrá mucho más barato entonces la hora de comprarlo,0,0,2024-06-24 15:38:16+00:00,172,32,False
UgxKp6gfncBerzjLFJh4AaABAg,eXySHoFcqA8,UCXk9Voo5cAfoYbnXjrNZhVw,Me encantó el vídeo eres un gran yutube boy a considerar la oferta creo que bale cada euro dólar o peso está muy bien eses celular por sus características y lo que bele saludos desde el caribe bendiciones para usted y su familia y toda España ❤,0,0,2024-06-24 17:51:25+00:00,244,47,False
UgyKxpWJIpuXk5u26qF4AaABAg,eXySHoFcqA8,UCXk9Voo5cAfoYbnXjrNZhVw,No merece pagar más por las otras Estás de coña Cada actualización ocupa un follón Mínimo sería de 512,0,0,2024-06-24 05:13:35+00:00,102,19,False
UgyIfBzt_cpEgpY74bl4AaABAg,eXySHoFcqA8,UCXk9Voo5cAfoYbnXjrNZhVw,Si lo compro en el link de Amazon que diste me llega con el cargador y los audífonos?,0,0,2024-06-24 01:36:26+00:00,85,18,True
Ugyvk90Cu5V5z02nnmd4AaABAg,eXySHoFcqA8,UCXk9Voo5cAfoYbnXjrNZhVw,Buenas noches te escribo desde Uruapan Michoacán México y quisieras que me ayudaras a tomar una decisión entre los celulares Google pixel 7 Pro y el Samsung galaxy S23 FE ¿cual elegirías tu? Ojalá tengas tiempo para contestarme.,0,1,2024-06-24 01:06:30+00:00,228,38,True
UgzdkfGPy9YRm_gzqql4AaABAg,eXySHoFcqA8,UCXk9Voo5cAfoYbnXjrNZhVw,Mejor el F6 y unos 200€ menos de precio,0,0,2024-06-23 20:58:03+00:00,39,9,False
Ugzj_fWtn1z27dtMRjt4AaABAg,eXySHoFcqA8,UCXk9Voo5cAfoYbnXjrNZhVw,Este o el One Plus 12R?,1,0,2024-06-23 20:32:11+00:00,23,6,True
Ugz6QEsPA3aMjhNL4ql4AaABAg,eXySHoFcqA8,UCXk9Voo5cAfoYbnXjrNZhVw,Este si me gusta mas. El f6 lo siento como si fuera de gama meda baja.,0,0,2024-06-23 20:29:05+00:00,70,16,False
UgwOgNsH-ytXNcdH4YF4AaABAg,eXySHoFcqA8,UCXk9Voo5cAfoYbnXjrNZhVw,"Yo te gobel realme GT 2 pro y aún sigo enamorado de el ,este nuevo gt6 tiene buena pinta",0,0,2024-06-23 19:05:04+00:00,88,19,False
UgzUo-p6xg-N2conHLV4AaABAg,eXySHoFcqA8,UCXk9Voo5cAfoYbnXjrNZhVw,Lo he estado probando y me sigo quedando con mi POCO F5.,0,0,2024-06-24 05:41:13+00:00,56,12,False
Ugzq_rKIkQUTWXkaH0x4AaABAg,2LZYd-RPsgQ,UCxz7sBKlpcpyCiPwXupRymw,Oye Isa y sabes en qué consiste la función de seguridad ambiental que se ejecuta cuando abres alguna aplicación bancaria?,2,0,2024-08-24 20:25:04+00:00,121,20,True
UgyHfH7RjzeP6KyMFbV4AaABAg,2LZYd-RPsgQ,UCxz7sBKlpcpyCiPwXupRymw,Es compatible con esim?,0,0,2024-09-02 02:05:56+00:00,23,4,True
Ugw0oyOCNy263p85hN54AaABAg,2LZYd-RPsgQ,UCxz7sBKlpcpyCiPwXupRymw,Realmente se conecta con Android Auto? En publicaciones de Mercado Libre he preguntado y la mayoría dice que no.,0,0,2025-03-10 04:27:23+00:00,112,19,True
UgyX9ORLiHRyYPYEW7B4AaABAg,2LZYd-RPsgQ,UCxz7sBKlpcpyCiPwXupRymw,El teléfono tiene infrarrojo?,0,1,2024-09-08 20:34:17+00:00,29,4,True
Ugzv9D8oVZBvKGJQtn54AaABAg,2LZYd-RPsgQ,UCxz7sBKlpcpyCiPwXupRymw,Cuando sale el gt neo 6 versión global?,0,0,2024-08-30 19:51:06+00:00,39,8,True
UgzWWJLGbiFmV-5sy2J4AaABAg,2LZYd-RPsgQ,UCxz7sBKlpcpyCiPwXupRymw,Amigos ayuda tengo el iPhone 15 pero no sé si comprar el realme gt6,0,0,2024-08-26 05:59:50+00:00,67,14,False
UgxzRqR8L0Ges8rVWb94AaABAg,2LZYd-RPsgQ,UCxz7sBKlpcpyCiPwXupRymw,"Cuál compro, este o el poco x6 pro o cuál otro recomiendan, presupuesto de 10 k",1,0,2024-08-26 05:42:32+00:00,79,16,False
UgwY09Xyt_qGu8d7hJt4AaABAg,2LZYd-RPsgQ,UCxz7sBKlpcpyCiPwXupRymw,El Review del gt 5 pro? 🙏🏽,0,0,2024-08-23 09:06:52+00:00,26,7,True
UgyZvSrWmchiL4SU0vt4AaABAg,2LZYd-RPsgQ,UCxz7sBKlpcpyCiPwXupRymw,Cuando lanzas el unboxings del gt7,0,0,2025-01-25 16:10:36+00:00,34,6,False
UgwX-itcUwxO6taFA0J4AaABAg,2LZYd-RPsgQ,UCxz7sBKlpcpyCiPwXupRymw,¿El Realme gt6 tiene ranura para tarjeta SD?,0,0,2024-08-22 16:43:16+00:00,44,8,True
UgzX7d7lwMJjpBXcn1Z4AaABAg,2LZYd-RPsgQ,UCxz7sBKlpcpyCiPwXupRymw,"Isla una pregunta, si compro el teléfono me llega con la versión europea y le compro un adaptador para conectarlo a la corriente, seguira respetando los 120 wats?",0,1,2024-08-20 06:01:56+00:00,162,28,True
Ugzu2zD7IN4jErgQulV4AaABAg,2LZYd-RPsgQ,UCxz7sBKlpcpyCiPwXupRymw,"Hola. No se si respondas preguntas o comentarios, pero, me gustaria saber, ¿Cuál me conviene mas entre este Realme 6 GT o el Oneplus Nord 4? Gracias",0,0,2024-12-29 00:25:02+00:00,148,27,True
UgzHCmkXmNGPTlRZAjZ4AaABAg,2LZYd-RPsgQ,UCxz7sBKlpcpyCiPwXupRymw,"Saludos ,cuál es mejor en cámaras ,este o el Xiaomi 14 t pro?",0,0,2025-01-19 22:40:45+00:00,61,13,True
Ugy73aSPjjgNQebmcSJ4AaABAg,2LZYd-RPsgQ,UCxz7sBKlpcpyCiPwXupRymw,Cuál me recomiendas el gt6 o el Motorola 50 ultra?,0,0,2025-02-26 05:41:54+00:00,50,10,True
UgyHUeNLnHcIVM2jIOh4AaABAg,2LZYd-RPsgQ,UCxz7sBKlpcpyCiPwXupRymw,"Quiero comprarme un celular, pero cuál será mejor ? Éste realme gt6 o el Xiaomi redmi note 13 pro plus 5g ?",0,1,2024-09-11 15:40:32+00:00,107,22,True
Ugx5pdVQKSRSQe766Ed4AaABAg,2LZYd-RPsgQ,UCxz7sBKlpcpyCiPwXupRymw,"Vale la pena en el 2025 ? Estoy pensando comorar este modelo o el Nothing Phone 2, en mi país este es 50$ aprox mas económico el que el Nothing",0,0,2025-03-08 19:00:55+00:00,143,30,True
UgxYGH11rbevjhD-in14AaABAg,2LZYd-RPsgQ,UCxz7sBKlpcpyCiPwXupRymw,Donde puedo comprar la version de 16 Gb RAM y 512 Gb de memoria interna? En mercado libre y la tienda en linea solo me aparecen la versión de 12 Gb RAM y en Aliexpress no me da confianza,2,2,2024-08-23 08:04:39+00:00,186,39,True
Ugx_7gNAEZVrcRrZdnt4AaABAg,2LZYd-RPsgQ,UCxz7sBKlpcpyCiPwXupRymw,Cuál sería el mejor en cuestión de cámaras en este rango de precio???,0,0,2024-09-13 11:53:05+00:00,69,13,True
UgxH9nTHHmltDr3rard4AaABAg,2LZYd-RPsgQ,UCxz7sBKlpcpyCiPwXupRymw,Cual recomienda entre el gt6 y el nubia z60,0,1,2024-11-29 06:56:12+00:00,43,9,False
Ugz0iyJjDUUfm0SByAV4AaABAg,2LZYd-RPsgQ,UCxz7sBKlpcpyCiPwXupRymw,Como se podria comprar el celular desde Venezuela? ya que en amazón no está,0,1,2024-09-16 05:22:12+00:00,75,14,True
UgzfS0XnZ0ZKmJkYONp4AaABAg,2LZYd-RPsgQ,UCxz7sBKlpcpyCiPwXupRymw,"Ahora si puedo decir: ""Viendolo desde mi Realme GT6"" realmente me gustó el dispositivo 😁",1,2,2024-12-14 20:04:05+00:00,88,15,False
UgzeSH86ohJKVTSqtBZ4AaABAg,2LZYd-RPsgQ,UCxz7sBKlpcpyCiPwXupRymw,Que tal se ven las fotos de la luna con este dispositivo?,0,0,2024-12-10 16:04:30+00:00,57,12,True
UgyqoG-nBwYY5BQ58Lt4AaABAg,2LZYd-RPsgQ,UCxz7sBKlpcpyCiPwXupRymw,"Tengo uno nuevo lo iba a regalar pero no lo quisieron, denme 7,000 entrego en algún metro de la CDMX",0,1,2024-12-10 06:37:12+00:00,100,20,False
UgzLkAip9Dl0XNJDptt4AaABAg,2LZYd-RPsgQ,UCxz7sBKlpcpyCiPwXupRymw,"Hola, una pregunta, compré en Aliexpress un realme gt6, decía versión global y luego algo de versión rusa...aún no me llega...funcionará aqui en México. O cuál es la diferencia. Saludos",0,0,2024-12-03 23:32:29+00:00,185,30,False
Ugx7OqF3p2Lpib9mfP14AaABAg,2LZYd-RPsgQ,UCxz7sBKlpcpyCiPwXupRymw,"Este modelo lo encuentro por casi todos lados como REALME GT NEO 6, el GT 6 es otro aparentemente, no entiendo.",0,0,2025-03-23 21:05:51+00:00,111,21,False
UgxQj4VTdVBIlFEPDkx4AaABAg,2LZYd-RPsgQ,UCxz7sBKlpcpyCiPwXupRymw,Este celular es bonito tiene buenas prestaciones pero está Carito,0,0,2024-11-25 05:27:40+00:00,65,10,False
Ugwq-2YFlEPZHBsxXPx4AaABAg,2LZYd-RPsgQ,UCxz7sBKlpcpyCiPwXupRymw,"Estoy pensando en comprar este celular en navidad y este video me dio la señal de que un celular como este si vale demasiado la pena, este video me ayudo mucho.",5,0,2024-11-14 21:57:09+00:00,160,31,False
Ugzp_Ln_zChWTqIUzqd4AaABAg,2LZYd-RPsgQ,UCxz7sBKlpcpyCiPwXupRymw,"Buen video !!! Actualmente tengo un Realme 12 pro+ y me interesa el Realme gt 6, será un buen cambio o no?",0,0,2024-11-14 18:41:21+00:00,106,22,True
UgxdBfA4lv8n8ocgToR4AaABAg,2LZYd-RPsgQ,UCxz7sBKlpcpyCiPwXupRymw,No es resistente al agua?,0,0,2024-11-11 00:03:31+00:00,25,5,True
UgwY3D5k52FuPRmvBpx4AaABAg,2LZYd-RPsgQ,UCxz7sBKlpcpyCiPwXupRymw,"Con esos equipos comparativos, prefiero quedarme con este realme es hermoso en todo",0,0,2024-09-16 02:18:32+00:00,83,13,False
Ugz0uoxgaCWmzkJuJ794AaABAg,2LZYd-RPsgQ,UCxz7sBKlpcpyCiPwXupRymw,Todo bien hasta hablaron de batería,0,0,2024-11-03 06:14:14+00:00,35,6,False
Ugy4TCfMoO0YVESVUFN4AaABAg,2LZYd-RPsgQ,UCxz7sBKlpcpyCiPwXupRymw,Este GT6 es una me encanta.,2,0,2024-10-19 22:22:18+00:00,27,6,False
Ugz_6mafroW0iOYltaR4AaABAg,2LZYd-RPsgQ,UCxz7sBKlpcpyCiPwXupRymw,Realme gt6 vs Nubia z60s pro. Cual recomendarían más??,4,2,2024-10-19 17:42:05+00:00,54,9,True
UgyPntBNQjo4cJlAGg94AaABAg,2LZYd-RPsgQ,UCxz7sBKlpcpyCiPwXupRymw,"En realidad trae protección IP65, no 55",0,0,2024-10-15 07:25:06+00:00,39,7,False
Ugxc8mP99hNrAftpt414AaABAg,2LZYd-RPsgQ,UCxz7sBKlpcpyCiPwXupRymw,"Lo unico que no me gusta de el celular, y en si en la Marca, es que aun no venden sus productos en tiendas físicas, ya que en si a mi casi no confio en comorar en linea, me la pienso 2 veces, y mas cuando es un Presio algo elevado como en este caso, sinceramente siento que mejorarían las ventas si los distribuyeran en coppel, liverpool, Electra, etc etc.",1,0,2024-10-06 19:45:29+00:00,356,70,False
UgwYhbppZQUwA8cvBQZ4AaABAg,2LZYd-RPsgQ,UCxz7sBKlpcpyCiPwXupRymw,Donde se puede conseguir la versión de 16 ram y 1 TB ROM,0,0,2024-10-03 02:06:20+00:00,56,13,False
UgwVj9wxC9t5aqZLnwZ4AaABAg,2LZYd-RPsgQ,UCxz7sBKlpcpyCiPwXupRymw,Realmente es el mejor celular gama media por ese precio? O cual seria una mejor opción?,0,0,2024-09-30 02:17:08+00:00,87,16,True
Ugw-hzeeR5-h1a8Ql8J4AaABAg,2LZYd-RPsgQ,UCxz7sBKlpcpyCiPwXupRymw,Es normal que la bocina de abajo suene diferente a la de arriba? Cómo que la de arriba suena con más bajos y mejor definición,0,0,2024-09-23 22:10:31+00:00,125,25,True
UgxppYN2htPnPgZpRfp4AaABAg,2LZYd-RPsgQ,UCxz7sBKlpcpyCiPwXupRymw,Es normal que la bocina de abajo suene diferente a la de arriba? Cómo que la de arriba suena con más bajos y mejor definición,0,0,2024-09-23 22:01:35+00:00,125,25,True
Ugxyw59RsprDQv17uhd4AaABAg,2LZYd-RPsgQ,UCxz7sBKlpcpyCiPwXupRymw,Isa ya deseo necesito me urge man ver la de honor 200 y 200 pro por favor para cuando este no me comvence x las camaras quiero saber si honor es mejor en estos aspectos y en bateria,2,0,2024-09-18 08:56:39+00:00,181,38,False
UgygxztFCcGzh8V-TuZ4AaABAg,2LZYd-RPsgQ,UCxz7sBKlpcpyCiPwXupRymw,0:45 como competidor y se me hace importante mencionarlo ya que en la lista no está Se encuentra en nubia z60s pro que me parece es muy superior a este realme,0,0,2024-10-20 21:33:09+00:00,158,31,False
UgzlRo4SNaq9ibA0Eyh4AaABAg,2LZYd-RPsgQ,UCxz7sBKlpcpyCiPwXupRymw,Odio las pantallas curvas,0,0,2025-04-01 19:35:47+00:00,25,4,False
UgzBOnTAqfK2ycbaXe54AaABAg,2LZYd-RPsgQ,UCxz7sBKlpcpyCiPwXupRymw,Cual sera mejor comprar el IPHONE 15 o el REALME GT6,0,0,2024-08-08 02:27:01+00:00,52,11,False
Ugxm6ZNjCnkVQA9JgWF4AaABAg,2LZYd-RPsgQ,UCxz7sBKlpcpyCiPwXupRymw,Alguien me puede asegurar si el celular cuenta con las normas oficiales,0,0,2025-08-06 05:04:24+00:00,71,12,False
Ugyux1yIWuA79lvfNeh4AaABAg,2LZYd-RPsgQ,UCxz7sBKlpcpyCiPwXupRymw,¿La cámara principal del REALME GT6 es superior a la del XIAOMI 13T?,0,0,2024-08-07 05:38:02+00:00,68,13,True
UgysURF93TWpxHcJY0J4AaABAg,2LZYd-RPsgQ,UCxz7sBKlpcpyCiPwXupRymw,Si tengo un magic 6 lite que tanto cambia la duración de batería de este realme y 300 mah menos que el honor?,0,0,2024-08-07 00:54:14+00:00,109,23,True
UgxxJiqQFvVu_x2y74R4AaABAg,2LZYd-RPsgQ,UCxz7sBKlpcpyCiPwXupRymw,Viendolo desde mi gt 6,0,0,2024-08-07 00:45:27+00:00,22,5,False
UgzF40bW5hAgf4Q73SZ4AaABAg,2LZYd-RPsgQ,UCxz7sBKlpcpyCiPwXupRymw,Al mismo precio es mejor ese o el Oneplus 11?,2,1,2024-08-06 23:22:03+00:00,45,10,True
Ugyym8T6mjUOLpmWnfx4AaABAg,2LZYd-RPsgQ,UCxz7sBKlpcpyCiPwXupRymw,"Realismo no es igual a sobreexponer una imagen o un video, como aparece en el vídeo.",0,0,2024-08-06 21:43:55+00:00,84,16,False
UgygraC7cjIGYgQLdrd4AaABAg,2LZYd-RPsgQ,UCxz7sBKlpcpyCiPwXupRymw,"La versión china con el 8 Gen 3 me parece mejor, incluso en el diseño de la parte trasera con el módulo de la cámara rectangular",0,1,2024-08-06 19:49:12+00:00,128,26,False
UgwHaCwSTfERGa2x9nR4AaABAg,2LZYd-RPsgQ,UCxz7sBKlpcpyCiPwXupRymw,Isa tienes Review del Realme GT Neo 3T edición Dragon Ball Z? No logro encontrar una buena Review de ese modelo con todos los detalles,0,0,2024-08-06 19:34:20+00:00,134,25,True
UgypNtwcEKXghL9858h4AaABAg,2LZYd-RPsgQ,UCxz7sBKlpcpyCiPwXupRymw,Estoy deseando que baje para comprar este telefonazo ❤en ESPAÑA cuesta 400 €,0,0,2024-08-06 18:37:47+00:00,76,13,False
UgxACu78W9Zo46Iaz3J4AaABAg,2LZYd-RPsgQ,UCxz7sBKlpcpyCiPwXupRymw,"Isa, ¿podrias hacer una batalla entre el Realme gt6 y el Poco f6 pro?",1,0,2024-08-06 18:36:56+00:00,69,14,True
Ugxfa3LJaB1xbJpff-x4AaABAg,2LZYd-RPsgQ,UCxz7sBKlpcpyCiPwXupRymw,"9:30 en ese momento, Isa sintio el verdadero terror 😵‍💫😵‍💫",35,1,2024-08-06 15:57:56+00:00,58,10,False
UgyBG3nOJRnzvNmpfFt4AaABAg,2LZYd-RPsgQ,UCxz7sBKlpcpyCiPwXupRymw,creo que por ese precio el Nubia Z60 ultra es mejor opción,0,0,2024-08-06 15:56:45+00:00,58,12,False
Ugx-uc9wj8YscqVkzQl4AaABAg,2LZYd-RPsgQ,UCxz7sBKlpcpyCiPwXupRymw,No hay fundas en tiendas fisicas,0,0,2024-08-06 15:46:22+00:00,32,6,False
UgzMYV2D98mVtNQTrKZ4AaABAg,2LZYd-RPsgQ,UCxz7sBKlpcpyCiPwXupRymw,Creen que se vaya a vender por Amazon?,0,0,2024-08-06 15:05:10+00:00,38,8,True
UgwhOSs2yFb3QKpHPLt4AaABAg,2LZYd-RPsgQ,UCxz7sBKlpcpyCiPwXupRymw,todo está muy lindo pero lastimosamente tiene una pantalla curva que le queda muy feo,0,0,2024-08-06 13:59:32+00:00,85,15,False
UgzjhPxbQQmReD38G4F4AaABAg,2LZYd-RPsgQ,UCxz7sBKlpcpyCiPwXupRymw,Realme ❤ Algun dia espero poder llegar a tener un GT o GT Neo :'),0,0,2024-08-06 09:58:18+00:00,65,15,False
UgxW9zbMSlVydhx8nrF4AaABAg,2LZYd-RPsgQ,UCxz7sBKlpcpyCiPwXupRymw,El Realme GT 6 o el OnePlus 12 🥲🥲,1,2,2024-08-06 09:28:27+00:00,33,9,False
UgzhdCGMIqeukGeti6t4AaABAg,2LZYd-RPsgQ,UCxz7sBKlpcpyCiPwXupRymw,Viendo desde mi GT6,0,0,2024-12-24 16:54:07+00:00,19,4,False
Ugz9JImJ0PsXynLkyKV4AaABAg,2LZYd-RPsgQ,UCxz7sBKlpcpyCiPwXupRymw,Tengo una pregunta es seguro comprar por mercado libre,0,2,2024-08-07 07:53:47+00:00,54,9,False
UgwXepwOEtjYNckyMvJ4AaABAg,2LZYd-RPsgQ,UCxz7sBKlpcpyCiPwXupRymw,"Todo bien con el celular, su cámara es muy buena y en los videos igual, solo que me paso que con ruidos fuertes se satura el audio y se pierde totalmente, me pasó en un concierto:( se me hizo super raro porque he tenido gamas mucho más bajas y no pasa eso.",0,0,2025-05-07 18:57:59+00:00,256,52,False
UgxH6CVhXvelyaD-Xx14AaABAg,2LZYd-RPsgQ,UCxz7sBKlpcpyCiPwXupRymw,Para cuándo la Review del Realme GT 6T 🥺,2,0,2024-08-07 13:42:03+00:00,40,9,False
UgxOaPgVR_sT6s21GV14AaABAg,2LZYd-RPsgQ,UCxz7sBKlpcpyCiPwXupRymw,"Es el primer video donde noto! A mi parecer! No has sido muy objetivo, siempre eres directo! Y dices lo malo y lo bueno siendo imparcial",0,0,2024-08-07 15:07:47+00:00,136,26,False
Ugybba6f4zMmkVza77R4AaABAg,2LZYd-RPsgQ,UCxz7sBKlpcpyCiPwXupRymw,Ese no es el realme gt6 neo?,0,0,2025-09-29 23:14:17+00:00,28,7,True
UgzmwlknMY3Gs5d-gr54AaABAg,2LZYd-RPsgQ,UCxz7sBKlpcpyCiPwXupRymw,Entre este teléfono y el poco f7 cuál es mejor para gaming y fotos/videos?,0,0,2026-03-01 05:08:51+00:00,74,14,True
UgwFphjSqWpLqDLObsR4AaABAg,2LZYd-RPsgQ,UCxz7sBKlpcpyCiPwXupRymw,"Amo mi teléfono, cambie porque estaba cansado de los bugs del sistema de Xiaomi y Poco, relamente amanecer con una nueva actualización y que ande peor y estar así con tanto lag o botones que no funcionan por semanas es cansado y mata la experencia, en cambio buena experencia con el realme gt6",0,0,2026-04-29 20:53:37+00:00,293,53,False
UgyA1O9K6M4wGFcj5-B4AaABAg,2LZYd-RPsgQ,UCxz7sBKlpcpyCiPwXupRymw,El mio inicia y esta en letras chinas por que sera no tiene play store,0,0,2026-08-10 00:37:14+00:00,70,15,False
Ugypz6YqPkVb1KJ8Q314AaABAg,2LZYd-RPsgQ,UCxz7sBKlpcpyCiPwXupRymw,"29:38 ¿qué es ese temblequeo en los videos? salen como 3 o más veces por video, y ya lo he visto en varios videos y nadie lo menciona.",81,12,2024-08-06 13:32:00+00:00,134,28,True
UgyX__W0fPAD92Uvvid4AaABAg,2LZYd-RPsgQ,UCxz7sBKlpcpyCiPwXupRymw,Cuando vas hacer unboxing y rewiew del honor 200 pro amigo para ver qué protección de pantalla trae para ver si lo compro,0,0,2024-08-16 14:20:52+00:00,121,23,False
Ugzz-O_j2auNJdjfMnp4AaABAg,2LZYd-RPsgQ,UCxz7sBKlpcpyCiPwXupRymw,"Viendolo desde mi realme gt6, realmente una bestia",2,1,2024-08-11 21:24:58+00:00,50,8,False
Ugzpj3yEph8C4OyUyAB4AaABAg,2LZYd-RPsgQ,UCxz7sBKlpcpyCiPwXupRymw,Se ve lag la prueba de video xd,0,0,2024-08-10 16:15:09+00:00,31,8,False
Ugwp0K_Vvu9qOL_ZRT14AaABAg,2LZYd-RPsgQ,UCxz7sBKlpcpyCiPwXupRymw,Isa puedes hacer la review de el infinix note 40 pro porfavor,0,0,2024-08-07 14:33:19+00:00,61,12,False
Ugy9BD7URgjLxPEx5Kl4AaABAg,2LZYd-RPsgQ,UCxz7sBKlpcpyCiPwXupRymw,"isa siendo honestos entre este y el moto edge 50 pro, cual recomiendas?",6,0,2024-08-10 01:08:45+00:00,71,13,True
UgxM75AcAk4nCQdsfWh4AaABAg,2LZYd-RPsgQ,UCxz7sBKlpcpyCiPwXupRymw,En un viaje largo conectado a Android auto que tanto se sobrecalienta?,0,0,2024-08-08 17:26:59+00:00,70,12,True
UgxWx_thzfNqeuQ6jKB4AaABAg,2LZYd-RPsgQ,UCxz7sBKlpcpyCiPwXupRymw,Yo me pille el honor 200 pro y es muy bueno ❤🎉 jeje,0,0,2024-08-08 15:27:24+00:00,51,13,False
UgzYk19G3FeCmoXJ0QZ4AaABAg,2LZYd-RPsgQ,UCxz7sBKlpcpyCiPwXupRymw,Alguien que ya lo tenga y me pueda responder si se calienta con el uso típico normal sin jugar? 🤔,0,1,2024-08-08 07:25:37+00:00,97,20,True
UgxCdq8S-RanM45UPWl4AaABAg,2LZYd-RPsgQ,UCxz7sBKlpcpyCiPwXupRymw,Viendo desde mi gt6,0,0,2024-08-08 04:51:36+00:00,19,4,False
UgxlELcK6dr4QyEKoyh4AaABAg,2LZYd-RPsgQ,UCxz7sBKlpcpyCiPwXupRymw,Cual recomiendas este o el edge 50 fusion,0,0,2024-08-08 00:22:37+00:00,41,8,False
Ugzq4Ijz-CbTPQQzeQh4AaABAg,2LZYd-RPsgQ,UCxz7sBKlpcpyCiPwXupRymw,"por el mismo precio cual seria mejor compra? este o un galaxy s24 normal, me interesa la duracion de la bateria, camara y software",1,1,2024-08-07 22:42:23+00:00,130,24,True
UgxpfSx3hovqdEjDrSx4AaABAg,2LZYd-RPsgQ,UCxz7sBKlpcpyCiPwXupRymw,"Review del Nubia z60s pro, tengo el z50s pro, pero ya se quebró la pantalla por una fuerte caída, entonces, estoy pensando en comprar el Nubia z60s pro, pero ¿Lo recomiendas?",1,0,2024-08-07 18:41:33+00:00,174,31,True
UgxKmVUrs5wUcLMUBtB4AaABAg,2LZYd-RPsgQ,UCxz7sBKlpcpyCiPwXupRymw,"No sé si es por el procesado, por la calidad o por los fotogramas de la gran angular en vídeo pero se ven los vídeos con muy pésima estabilidad, ni un nokia graba así",0,0,2024-08-07 16:15:22+00:00,166,34,False
UgxkfwL_Kw7WIkrKGyx4AaABAg,2LZYd-RPsgQ,UCxz7sBKlpcpyCiPwXupRymw,9:35 No es tan ágil como el Isa que casi deja caer el telefono 😅,0,0,2024-08-09 15:51:27+00:00,64,15,False
UgwTSmAJtoUt6eftowt4AaABAg,2LZYd-RPsgQ,UCxz7sBKlpcpyCiPwXupRymw,La navegación por gesto lo vi en un Hyundai q me compré en el 2015 jaja no es algo nuevo para mí,0,0,2024-12-28 02:33:38+00:00,96,22,False
Ugw2yOlhp8zjsJTx1g14AaABAg,gMJWepeB81E,UC8IPcF4sxZt1TCs7la4EYtw,Telefono con diseños de mrd que ultimamente estan lanzando.,0,0,2024-10-12 17:15:04+00:00,59,9,False
UgwE1IS9q_i_Pv2kSld4AaABAg,gMJWepeB81E,UC8IPcF4sxZt1TCs7la4EYtw,Bro ando en busca de un celular dolo para fotografia vual recupomiendas plis 🥺🥺🥺,0,1,2024-10-10 11:21:54+00:00,80,14,False
Ugy2QZz4yp2R--P3yNt4AaABAg,gMJWepeB81E,UC8IPcF4sxZt1TCs7la4EYtw,Y porqué coño hablas cómo Bob esponja 😅,0,0,2025-01-29 05:00:33+00:00,39,8,False
UgyiBqdJW7HtfCohrqJ4AaABAg,gMJWepeB81E,UC8IPcF4sxZt1TCs7la4EYtw,Yo quiero el realme gt6😊🎉,0,0,2024-08-19 04:42:24+00:00,25,5,False
Ugxbe6qqaKBmc-BVBTF4AaABAg,gMJWepeB81E,UC8IPcF4sxZt1TCs7la4EYtw,Recomiendan comprar el gt6 en Aliexpress,0,0,2024-08-18 17:18:36+00:00,40,6,False
UgzEWBEH8X-6jg53lGd4AaABAg,gMJWepeB81E,UC8IPcF4sxZt1TCs7la4EYtw,Hijo de pu.... Jaja te acabo de ver en Youtube y me suscribí de inmediato tienes una forma de hablar y explicar que atrapa! Buenas viejito!,0,0,2024-08-18 04:19:02+00:00,139,26,False
UgzuNozB2mbHI15yUkt4AaABAg,gMJWepeB81E,UC8IPcF4sxZt1TCs7la4EYtw,Me parece genial los precios sean en pesos mexicanos,0,0,2024-08-17 15:38:50+00:00,52,9,False
UgwiWl9RA4C9oPN--vh4AaABAg,gMJWepeB81E,UC8IPcF4sxZt1TCs7la4EYtw,Hola estiy entre el s22 ultra y el realme gt6 cuald recomiendas?,0,0,2024-08-13 22:53:13+00:00,64,12,True
UgyKkUnPbkqH_GS5IyJ4AaABAg,gMJWepeB81E,UC8IPcF4sxZt1TCs7la4EYtw,Quiero el realme gt6 bro 😢🎉,0,0,2024-08-10 15:41:34+00:00,27,6,False
Ugwb2aPE0o8rKTm7qcB4AaABAg,gMJWepeB81E,UC8IPcF4sxZt1TCs7la4EYtw,Quiero el realme gt 6,0,0,2024-08-10 15:01:54+00:00,21,5,False
UgwDI9j8lNquOLxwlEh4AaABAg,gMJWepeB81E,UC8IPcF4sxZt1TCs7la4EYtw,Este es el que quiero,0,0,2024-08-10 12:37:33+00:00,21,5,False
UgzW68x-gftfQH3eaeR4AaABAg,gMJWepeB81E,UC8IPcF4sxZt1TCs7la4EYtw,Quiero el realme GT6,0,0,2024-08-10 06:41:56+00:00,20,4,False
UgwT1917bChqLNTNp-N4AaABAg,gMJWepeB81E,UC8IPcF4sxZt1TCs7la4EYtw,"es un teléfono increíble 🙀, muy buen video Domingo 👍🏻🎉",0,0,2024-08-09 17:34:39+00:00,54,10,False
UgwUzqmzzZYEufho2td4AaABAg,gMJWepeB81E,UC8IPcF4sxZt1TCs7la4EYtw,"Entre el realme GT6 y el Xiaomi 13T pro, cuál prefieren?",1,0,2024-08-09 03:31:51+00:00,56,11,True
Ugx8J57RcpX6QPO2a6Z4AaABAg,gMJWepeB81E,UC8IPcF4sxZt1TCs7la4EYtw,Hermano literalmente quiero ganarme el samsung s23 fe 🎉😢,0,0,2024-08-09 03:27:42+00:00,56,9,False
UgzYfqu5Z0Op_WCYtrR4AaABAg,gMJWepeB81E,UC8IPcF4sxZt1TCs7la4EYtw,Quiero un realme GT 6 porfa,0,0,2024-08-09 03:15:41+00:00,27,6,False
Ugx3fsV7An7WymXbJUl4AaABAg,gMJWepeB81E,UC8IPcF4sxZt1TCs7la4EYtw,quiero el pixel 8 cofa soy de Venezuela realmente lo necesito,0,0,2024-08-09 01:38:54+00:00,61,11,False
UgwMk6TBmze7XVvaZnh4AaABAg,gMJWepeB81E,UC8IPcF4sxZt1TCs7la4EYtw,El teléfono de mis sueños 😮,0,0,2024-08-08 22:11:32+00:00,27,6,False
UgyRRcHOxqK31Bms52Z4AaABAg,gMJWepeB81E,UC8IPcF4sxZt1TCs7la4EYtw,"Tiren paro, estoy buscando uno gama media alta, con buena cámara y buen almacenamiento",0,0,2024-08-22 04:27:46+00:00,86,14,False
Ugx1Nx0my9Z5LRcVZbl4AaABAg,gMJWepeB81E,UC8IPcF4sxZt1TCs7la4EYtw,Quiero el Realme GT 6🎉❤🎉❤,0,0,2024-08-08 21:15:49+00:00,25,5,False
UgxoIZSnyt1w2gpsONp4AaABAg,gMJWepeB81E,UC8IPcF4sxZt1TCs7la4EYtw,Por ese precio y que no sea resistente al agua...,0,0,2024-08-25 14:41:55+00:00,49,10,False
Ugxov06gg1ojNMIRGtB4AaABAg,gMJWepeB81E,UC8IPcF4sxZt1TCs7la4EYtw,Me ha salido una publicidad en 87.60€ en Colombia será cierto?,0,0,2024-08-31 11:48:15+00:00,62,11,True
UgzIMvf4lI843g-Uso14AaABAg,gMJWepeB81E,UC8IPcF4sxZt1TCs7la4EYtw,"😂😂😂 la mayoría de los Android parecen un juguete chino de mala calidad de los años 90!!! Y no se diga el diseño de las apps y en general todo el SO, de muy, muy mal gusto.",0,0,2024-10-04 21:23:00+00:00,171,37,False
Ugz5VDOeml5HvwnBiKt4AaABAg,gMJWepeB81E,UC8IPcF4sxZt1TCs7la4EYtw,"cada dia mas dificil elegir un movil kakakakak, tiene unos maravillosos , pero ese no estoy encontrando para comprar en España",0,0,2025-07-25 20:34:20+00:00,126,21,False
UgzNsBG_5GEtDA8_gP94AaABAg,gMJWepeB81E,UC8IPcF4sxZt1TCs7la4EYtw,"podrias fornercernos un link de compra segura , gracias",1,2,2025-07-25 20:41:54+00:00,55,9,False
Ugxte2bh6xRYQ2Iylox4AaABAg,gMJWepeB81E,UC8IPcF4sxZt1TCs7la4EYtw,"En México hasta lo que sé, todos los cargadores de los teléfonos chinos vienen con entrada europea:(",0,0,2024-10-04 14:10:01+00:00,100,17,False
UgxVQGjg6gONW7UnyWp4AaABAg,gMJWepeB81E,UC8IPcF4sxZt1TCs7la4EYtw,vaya no me gusta nada la camara tendre que ir a por el one plus 12,0,0,2024-09-30 19:19:55+00:00,66,16,False
UgzZqO4uHHKW2GMDYVh4AaABAg,gMJWepeB81E,UC8IPcF4sxZt1TCs7la4EYtw,Entonces cuál sería mejor el realme gt6 o el pixel 8 en general,0,0,2024-09-23 09:02:40+00:00,63,13,False
Ugx34Hh54JvqvFX2oxR4AaABAg,gMJWepeB81E,UC8IPcF4sxZt1TCs7la4EYtw,Xiaomi 13t pro o realme gt6 para fotos? Frontal y traseara,0,0,2024-09-22 18:28:42+00:00,58,11,True
UgyzUqQp090DjfsUgZd4AaABAg,gMJWepeB81E,UC8IPcF4sxZt1TCs7la4EYtw,mejor el poco X6 pro,0,0,2024-09-22 07:51:38+00:00,20,5,False
UgxrBBiM4sJweDszx3Z4AaABAg,gMJWepeB81E,UC8IPcF4sxZt1TCs7la4EYtw,"ya que veo que andas comentando mucho ""compa"" este o el Realme 13 Pro Plus (mas que nada en terminos de camara, no se si los lentes de sony hagan la diferencia a los lentes de este GT6",1,1,2024-09-21 02:46:39+00:00,184,38,False
UgyD3_UhUAGvtII0v0N4AaABAg,gMJWepeB81E,UC8IPcF4sxZt1TCs7la4EYtw,Sera que sacaran una mejora que sea resistente al agua de este modelo ?,0,0,2024-09-20 19:01:45+00:00,71,14,True
UgzgEc0IyVSUyBtO5V94AaABAg,gMJWepeB81E,UC8IPcF4sxZt1TCs7la4EYtw,"8,500k, en México 🧐",0,0,2024-09-11 04:13:30+00:00,19,4,False
UgxyI4iJv34NdDLh1oh4AaABAg,gMJWepeB81E,UC8IPcF4sxZt1TCs7la4EYtw,"Tengo un POCO F5 PRO y extraño tremendamente el Sistema Operativo de los REALME, es de lo mejor.",0,0,2024-09-07 14:09:04+00:00,96,18,False
Ugx8S3oaXGfIK4_w1JF4AaABAg,gMJWepeB81E,UC8IPcF4sxZt1TCs7la4EYtw,"Yo tengo el realme GT Neo5 SE y la verdad no necesito mas para mi día a día, estoy de sobra. Pero deseo, necesito una máquina como esa... ( Realme GT 6? 🤤🔥",0,0,2024-09-06 06:17:24+00:00,155,33,True
Ugz_IUd-3snCl7Y8Dt94AaABAg,gMJWepeB81E,UC8IPcF4sxZt1TCs7la4EYtw,Si quieres ver qué tu celular es premium entonces la pantalla tiene que ser curva así de simple.,0,0,2024-09-04 00:30:59+00:00,96,18,False
Ugxe3oTE4gxJKViXsOV4AaABAg,gMJWepeB81E,UC8IPcF4sxZt1TCs7la4EYtw,Que aplicación usas para el test de velocidad,0,0,2024-09-01 02:32:21+00:00,45,8,False
UgzYuo9F735CQFGVWsF4AaABAg,gMJWepeB81E,UC8IPcF4sxZt1TCs7la4EYtw,Me ha salido una publicidad q está en 400 mil pesos colombianos será cierto?,0,0,2024-08-31 11:44:37+00:00,76,14,True
Ugx-Png4Pdgf-YJVuxl4AaABAg,gMJWepeB81E,UC8IPcF4sxZt1TCs7la4EYtw,Yo quiero el realme gt 6 pro🎉🎉,0,0,2024-08-08 13:32:33+00:00,30,7,False
UgyZdgC0b-6R-arNiFN4AaABAg,gMJWepeB81E,UC8IPcF4sxZt1TCs7la4EYtw,quiero un Realme GT 6,0,0,2024-08-08 06:47:48+00:00,21,5,False
UgxpwVbqJ7wo0mJluNV4AaABAg,gMJWepeB81E,UC8IPcF4sxZt1TCs7la4EYtw,quiero un Realme GT6,0,0,2024-08-08 03:04:34+00:00,20,4,False
UgyxXSXJ-a3GlrnKDLV4AaABAg,gMJWepeB81E,UC8IPcF4sxZt1TCs7la4EYtw,Cuál eligirán entre el reqlme gt6 y el poco f6 pro?,0,0,2024-12-27 07:05:35+00:00,51,11,True
UgxNyqJSI2GEtH4or3p4AaABAg,gMJWepeB81E,UC8IPcF4sxZt1TCs7la4EYtw,"Realiza una comparación entre el Realme GT5 vs el Realme GT6, no se cual comprar.",0,0,2025-01-27 00:03:57+00:00,81,15,False
UgxX6uyf21fAPun-Pit4AaABAg,gMJWepeB81E,UC8IPcF4sxZt1TCs7la4EYtw,Que celular tuvieron que recortar para hacer este celular?,0,0,2025-08-09 03:53:07+00:00,58,9,True
UgyfWFD8F3ckQ4hQoql4AaABAg,gMJWepeB81E,UC8IPcF4sxZt1TCs7la4EYtw,A ese precio a Ecuador va a llegar en 2028 jaja 😅😅,0,0,2025-02-06 12:58:53+00:00,50,12,False
UgyoD1iktljymaOkjut4AaABAg,gMJWepeB81E,UC8IPcF4sxZt1TCs7la4EYtw,Es mejor que el Z60S pro?,0,0,2025-02-08 05:04:51+00:00,25,6,True
UgzQn9J38WoptL0WDJh4AaABAg,gMJWepeB81E,UC8IPcF4sxZt1TCs7la4EYtw,"Estoy entre este teléfono o un iPhone 13 pro Max, cuál me recomiendan?",0,1,2025-02-18 03:18:10+00:00,70,13,True
Ugz-bDqPEgEFNSTl_ZZ4AaABAg,gMJWepeB81E,UC8IPcF4sxZt1TCs7la4EYtw,Tiene sensor de proximidad físico o virtual? Es que tengo uno poco con sensor virtual y estoy sufriendo,0,0,2025-02-23 04:20:11+00:00,103,18,True
UgyHPWBVHBpyy6RVw9x4AaABAg,gMJWepeB81E,UC8IPcF4sxZt1TCs7la4EYtw,Increíble que alguien conozcoa garo oh kokuin,0,0,2025-02-23 12:27:55+00:00,45,7,False
UgwjkfVOQuYvJqp8_6N4AaABAg,gMJWepeB81E,UC8IPcF4sxZt1TCs7la4EYtw,Este o el oneplus 13r? Por casi el mismo precio?,0,0,2025-02-23 16:36:19+00:00,48,10,True
UgwjcvAnfHs5jpJW0CJ4AaABAg,gMJWepeB81E,UC8IPcF4sxZt1TCs7la4EYtw,Se puede poner icono de radio FM,0,0,2025-03-23 00:57:28+00:00,32,7,False
UgwnSPDdjECkZwLIwbd4AaABAg,gMJWepeB81E,UC8IPcF4sxZt1TCs7la4EYtw,"alguien podría ayudarme, tengo este teléfono para la batería me dura super poco, lo más que me ha durado son 5:40 de pantalla activa, normalmente no me da apenas 4. Aclaro que es totalmente nuevo, y no lo uso para jugar, solo uso de redes, si alguien me podría dar una recomendación lo agradecería muchísimo",2,2,2025-04-02 00:29:27+00:00,307,55,False
UgwbgrJBIFFo_VnGZdR4AaABAg,gMJWepeB81E,UC8IPcF4sxZt1TCs7la4EYtw,"A día de hoy en tema cámara (solo fotografía) ¿qué teléfono es mejor realme gt6, nubia z60s pro, honor 200, nord 4 o alguno otro de este estilo que no haya nombrado? Gracias y saludos crack!!!",0,1,2025-04-11 09:21:28+00:00,192,36,True
UgxwTrvzMfuNrxL8eIB4AaABAg,gMJWepeB81E,UC8IPcF4sxZt1TCs7la4EYtw,lo malo es q lei que el modo gt incendia el telefono y lleva a casi 50 grados :V y segun lei tiene un mal software y si instalas algunas cosas se pone lento,1,0,2026-02-02 08:17:27+00:00,156,34,False
UgxmyfitWFeQBvNcRtZ4AaABAg,gMJWepeB81E,UC8IPcF4sxZt1TCs7la4EYtw,Tengo ganas de tener como mínimo un Moto G75 5G pero en argentina lo venden hasta el triple del precio original.,0,0,2026-05-24 05:32:40+00:00,112,21,False
Ugz475tZFtQvdFFMM5F4AaABAg,gMJWepeB81E,UC8IPcF4sxZt1TCs7la4EYtw,🎁Usuarios de Temu: busca el código【dpw2739】para el paquete de cupónes con un valor de $100!!! https://temu.to/m/ugfnm3yxsp2 ⚡Nuevos usuarios: busca el código 【dnk6237】para un 30% de descuento y ofertas exclusivas!!! https://temu.to/m/unxep054xma,42,5,2024-07-01 13:55:26+00:00,245,30,False
UgxTV9aoo_4WyL3O4i94AaABAg,gMJWepeB81E,UC8IPcF4sxZt1TCs7la4EYtw,"Directo a lo que queremos saber como siempre, ahora puedo decir, viéndolo desde mi Realme gt 6 ❤❤ muy buen equipo",2,3,2024-12-23 01:27:30+00:00,113,21,False
UgxwODgNvTkgK7ATzTV4AaABAg,gMJWepeB81E,UC8IPcF4sxZt1TCs7la4EYtw,Regalame este cel porfa,0,0,2024-12-21 08:33:19+00:00,23,4,False
UgwCXFAOtq_u3TulTER4AaABAg,gMJWepeB81E,UC8IPcF4sxZt1TCs7la4EYtw,Sin resistencia al água ☠️💀,0,0,2024-12-19 20:35:29+00:00,27,5,False
UgxkIZ91aMMlSIl1p_h4AaABAg,gMJWepeB81E,UC8IPcF4sxZt1TCs7la4EYtw,"Justo lo ando viendo en AliExpress, anda en 5600 pesos mexicanos , esta muy barato.",2,0,2024-12-18 03:07:31+00:00,83,15,False
UgwfgplGiyyzvNCrUDZ4AaABAg,gMJWepeB81E,UC8IPcF4sxZt1TCs7la4EYtw,Quiero el realme gt6 papucho 🎉😢,0,0,2024-08-08 02:36:29+00:00,31,6,False
UgzkmQoLaCccM2f9u3d4AaABAg,gMJWepeB81E,UC8IPcF4sxZt1TCs7la4EYtw,Porqué nadie habla del gt5 pro ???,0,0,2024-08-08 02:29:50+00:00,34,7,True
UgyG_TGi3S2rLsYMsj94AaABAg,gMJWepeB81E,UC8IPcF4sxZt1TCs7la4EYtw,Quiero el REALME GT6 🎉 vamos con toda la fe del mundo mundial 🙌🏽,11,0,2024-08-07 22:48:22+00:00,64,14,False
UgwxFgOkl1WVYzYZgIx4AaABAg,gMJWepeB81E,UC8IPcF4sxZt1TCs7la4EYtw,Calidad precio 599$-900$ 😂😂😂😂 aunque se entiende si tienes el iphone 20 de titanio con cristal de diamantes 😂😂😂,0,0,2024-10-12 19:35:51+00:00,111,19,False
Ugy04w4M566zoSVe63F4AaABAg,gMJWepeB81E,UC8IPcF4sxZt1TCs7la4EYtw,Domingo cual es mejor opción entre el Gt6 y el Motorola edge 50 Ultra?,0,0,2024-10-20 17:14:32+00:00,70,14,True
Ugwpr80V73yOCrHtfg14AaABAg,gMJWepeB81E,UC8IPcF4sxZt1TCs7la4EYtw,1:25 empieza 1:46 rendimiento 2:46 modo GT 3:08 batería. 120w 3:41 pantalla 4:17 diseño 4:46 camaras 6:58 conclusiones,69,1,2024-10-22 16:02:55+00:00,118,18,False
UgwI9wx1ETo0VIAA9OZ4AaABAg,gMJWepeB81E,UC8IPcF4sxZt1TCs7la4EYtw,Lo acabo de pillar por 370 en ali,0,0,2024-10-29 21:10:21+00:00,33,8,False
UgyOa02xPvW16woXPxR4AaABAg,gMJWepeB81E,UC8IPcF4sxZt1TCs7la4EYtw,Y entre este y el nord 4?,0,0,2024-10-08 13:35:36+00:00,25,7,True
UgzCwh-RH7OcvGmy4b94AaABAg,gMJWepeB81E,UC8IPcF4sxZt1TCs7la4EYtw,Si le blanque la cara no es bueno por que adquieres mas derechos?,0,0,2024-11-02 22:46:07+00:00,65,13,True
UgwTDYvZA1Cw9PfZJYp4AaABAg,gMJWepeB81E,UC8IPcF4sxZt1TCs7la4EYtw,"Con respecto a cámaras, crees que el Realme GT6 sea mejor que el XIAOMI 12 PRO?... Gracias por tus consejos y opinión.",0,0,2024-11-07 01:09:14+00:00,118,22,True
UgzMTculDfRHdzkvIy94AaABAg,gMJWepeB81E,UC8IPcF4sxZt1TCs7la4EYtw,Donde se encuentra el one plus 12 en 13k Mexicanos? Siempre lo busco y no baja de 16 o 17k,0,0,2024-11-12 03:02:36+00:00,90,20,True
Ugzr1AQqnL7RpW0VFnF4AaABAg,gMJWepeB81E,UC8IPcF4sxZt1TCs7la4EYtw,donde lo compran para que venga con cargador incluido?,0,0,2024-11-12 15:01:18+00:00,54,9,True
UgzVo6tsa-eQluq1RS14AaABAg,gMJWepeB81E,UC8IPcF4sxZt1TCs7la4EYtw,"Buen video !!! Actualmente tengo un Realme 12 pro+ y me interesa el Realme gt 6, será un buen cambio o no?",1,1,2024-11-14 18:30:33+00:00,106,22,True
UgwNrY40K7jg9agVqL94AaABAg,gMJWepeB81E,UC8IPcF4sxZt1TCs7la4EYtw,aqui en venezuela algunos vienen con cargador europeo tambien tampoco entiendo jajajajaja,1,0,2024-11-21 16:33:55+00:00,89,12,False
UgwLnQQ6rdrO_nBamod4AaABAg,gMJWepeB81E,UC8IPcF4sxZt1TCs7la4EYtw,"Lo acabo de comprar y no me deja registrar la huella digital, al último paso ya no pasa nada, a alguien más le pasa? Necesito ayuda",1,1,2024-11-22 23:06:42+00:00,131,26,True
UgwVktLs8Vb25BRb0yJ4AaABAg,gMJWepeB81E,UC8IPcF4sxZt1TCs7la4EYtw,"cual es mejor compra si busca un celular equilibrado, este o el nothing phone 2a plus?",0,0,2024-12-01 19:20:25+00:00,86,16,True
Ugw7vXP6Aws85tl_Ytl4AaABAg,gMJWepeB81E,UC8IPcF4sxZt1TCs7la4EYtw,"La version china tiene el sn 8 gen 3 y el imx890 que es mejor que la global, y la bateria es 300mah mas y lo ultimo puede grabar 4k 60fps estando a menos de 400",0,0,2024-11-06 23:08:29+00:00,160,36,False
UgzMu2N-y0H5Oscuw8F4AaABAg,gMJWepeB81E,UC8IPcF4sxZt1TCs7la4EYtw,Muy caro.cuesta 600 eur,0,0,2024-10-09 23:08:15+00:00,23,4,False
UgypIutXn3NXEAhxaER4AaABAg,gMJWepeB81E,UC8IPcF4sxZt1TCs7la4EYtw,La verdad que en diseño los poco y realme son muy feos. No les cuesta nada hacerlos menos feos.,0,0,2024-08-30 17:30:51+00:00,95,19,False
UgzRIXnSZM4zcrFrcAl4AaABAg,gMJWepeB81E,UC8IPcF4sxZt1TCs7la4EYtw,Tienes alguna alternativa por un menor precio?,0,0,2025-07-01 02:13:48+00:00,46,7,True
Ugxi497FFEkhoOEVLV54AaABAg,gMJWepeB81E,UC8IPcF4sxZt1TCs7la4EYtw,Tuve el Xiaomi 14T el Nubia s60z Motorola 50 pro Motorola 50 y el one plus 12R y el Realme es una chulada obviamente el oneplus y Realme son de los mejores,0,0,2025-06-30 14:52:36+00:00,155,32,False
Ugw1S4kEGVzKkigWpwR4AaABAg,gMJWepeB81E,UC8IPcF4sxZt1TCs7la4EYtw,aun no termino de ver el video pero hay una diferencia entre el gt 6 y el gt 6t?,0,0,2025-06-12 03:43:45+00:00,80,19,True
UgxbclOwgJbedyMUW4R4AaABAg,gMJWepeB81E,UC8IPcF4sxZt1TCs7la4EYtw,soy del futuro y el poco x7 pro lo ha destronado,2,2,2025-05-13 19:59:27+00:00,48,11,False
UgzzTF4P-_vTuwQbFkl4AaABAg,gMJWepeB81E,UC8IPcF4sxZt1TCs7la4EYtw,La batería dura poco a pesar de su mAh,0,0,2025-04-17 07:10:03+00:00,38,9,False
Ugx2k0tY3ZF5ewMDgnh4AaABAg,gMJWepeB81E,UC8IPcF4sxZt1TCs7la4EYtw,"Yo quiero comprar el OnePlus 12 porque me gusta más que el 13 pero aquí en México después del ""buen fin"" el precio de todos los celulares subieron y los dejaron más caros. Ahora cuesta 16000mxn o unos 800dllrs",0,0,2025-04-13 18:04:38+00:00,209,39,False
UgzAEoB_HmkmZHoP5R54AaABAg,bDnFriiQQjw,UCt8qR7FOs_r-VFHN-cDHkZQ,El celular todavia no viene en español verdad?,0,1,2024-07-25 20:11:24+00:00,46,8,True
UgwACnUQTJ8VtP5aGlV4AaABAg,bDnFriiQQjw,UCt8qR7FOs_r-VFHN-cDHkZQ,"Podrias hacer un video comparandolo con los otros modelos? Que he visto que hay otros 2 el ""SE"" y el ""6T"" 😅",2,1,2024-06-14 16:35:15+00:00,107,22,True
UgxuPNPiK6EbEer82iF4AaABAg,bDnFriiQQjw,UCt8qR7FOs_r-VFHN-cDHkZQ,En 10 minutos tendré cargado un 50% de la batería? Jajaja eso ya lo logra el cargador de 33w 😅😅,0,1,2024-06-10 14:51:47+00:00,95,20,True
UgwdiCTqAnJKazLf6d14AaABAg,bDnFriiQQjw,UCt8qR7FOs_r-VFHN-cDHkZQ,"Omites que es el procesador 8S gen 3, osea que es como el 888 o el 870",1,3,2024-06-10 14:50:00+00:00,70,17,False
Ugx3h5mSZsbQ9l4oskx4AaABAg,bDnFriiQQjw,UCt8qR7FOs_r-VFHN-cDHkZQ,Cual es mejor el realme gt neo 6 o el realme 12 pro plus?,1,0,2024-07-30 16:41:35+00:00,57,14,True
Ugwo_CsKWmw4WOIl1BR4AaABAg,bDnFriiQQjw,UCt8qR7FOs_r-VFHN-cDHkZQ,¿Crees que haya un mejor teléfono calidad precio en este 2024 ?,9,2,2024-06-02 23:51:02+00:00,63,12,True
UgzyDEOq_rBym14xOFh4AaABAg,bDnFriiQQjw,UCt8qR7FOs_r-VFHN-cDHkZQ,dónde lo puedo comprar??,0,0,2025-12-05 03:32:12+00:00,24,4,True
UgyfuoBbPXu3VqPuASV4AaABAg,bDnFriiQQjw,UCt8qR7FOs_r-VFHN-cDHkZQ,"Yo lo acabo de pedir y quiero saber algunas cosas, tiene Gorillaz glass victus 2, tiene Dolby visión, la parte trasera es plástico o vidrio y si los años de actualizaciones son las mismas que las del gt 6?",0,0,2025-03-17 03:15:25+00:00,205,39,True
Ugw879XgLHHCBZrcwCl4AaABAg,bDnFriiQQjw,UCt8qR7FOs_r-VFHN-cDHkZQ,"Hola genio, de que pais sos? como te va con las antenas 3g y 4g de tu pais? ya que este telefono esta hecho para el mercado chino y tal vez tenga bandas de frecuencia diferentes. Funcionan bien?",0,1,2024-12-12 00:09:09+00:00,194,38,True
UgzGYmLL_kpU_Txd3_Z4AaABAg,bDnFriiQQjw,UCt8qR7FOs_r-VFHN-cDHkZQ,Soy de Argentina me compre el poco x6 pro me salio 380 mil pesos 350 dolares aprox ...el realme salia mas de 1 millon de pesos como 1000 dolares ni loco lo compraba jajaja,1,1,2024-12-07 05:10:22+00:00,171,34,False
UgysaSJVq10XUo1EuVd4AaABAg,bDnFriiQQjw,UCt8qR7FOs_r-VFHN-cDHkZQ,Yo lo compre por Aliexpress pero el vendedor no quiso enviarlo a Perú,0,0,2024-10-03 00:17:51+00:00,69,13,False
Ugy6a3b3jnGu5IZWQy54AaABAg,bDnFriiQQjw,UCt8qR7FOs_r-VFHN-cDHkZQ,Estoy indecisa si comprarme este o el gt5 pro aunq este sera global y el gt5 pro no y me da mas desconfianza,2,3,2024-06-06 18:14:05+00:00,108,23,False
UgwZuMEHw9aPSac9uUN4AaABAg,bDnFriiQQjw,UCt8qR7FOs_r-VFHN-cDHkZQ,Es el miso gt 6 t ?? Xq le llaman neo tambien ?,4,5,2024-06-03 14:33:15+00:00,47,13,True
UgzKdePqRgMom3Y1x0Z4AaABAg,bDnFriiQQjw,UCt8qR7FOs_r-VFHN-cDHkZQ,"Te equivocaste, no es el procesador que mencionas en tu video, el procesador es el snapdragon 8s gen 3",14,2,2024-06-21 16:16:06+00:00,102,19,False
UgwUPbsbOaBl7dUIFz94AaABAg,bDnFriiQQjw,UCt8qR7FOs_r-VFHN-cDHkZQ,Es el Realme GT 4 pero no el de 240w 😢😢,0,0,2024-06-10 14:49:11+00:00,39,11,False
Ugy9othc5oo6oOPePZZ4AaABAg,lH_khYNTYGY,UCxz7sBKlpcpyCiPwXupRymw,Yo voy a comprar un ZTE axón 50 lite 😅,0,0,2025-02-05 19:06:56+00:00,38,10,False
Ugw2ZUSydgIauu2Wl3Z4AaABAg,lH_khYNTYGY,UCxz7sBKlpcpyCiPwXupRymw,"Lo tengo desde que salio el año pasado, realme nunca me ha dejado decepcionado, en cuestión para juegos en mis ratos excelente en pubg, cod, warzone, aunque de caliente por el uso pesado, no te afecta en nada, el apartado del audio muy bueno, la unica desventaja es que no trae adaptador de audífonos si eres de Bluetooth no hay problema, pero si le sugiero un adaptador de la marca ugreen con ese tiene si quieren tener entrada jac. 🫰",0,0,2025-02-05 19:20:56+00:00,435,80,False
UgwoMvUTPxgSnMN2x3N4AaABAg,lH_khYNTYGY,UCxz7sBKlpcpyCiPwXupRymw,Hace un año que salio ese teléfono y apenas sale este video del NO COMPRES ESTE TELÉFONO si ya va salir el 8 😅😂,2,3,2025-02-05 20:55:12+00:00,111,24,False
UgwGZUm9tZ36TKp6-zh4AaABAg,lH_khYNTYGY,UCxz7sBKlpcpyCiPwXupRymw,Yo lo tengo y es perfecto lo amo,3,5,2025-02-06 00:51:38+00:00,32,8,False
UgyPi-b-_19LHaBmH454AaABAg,lH_khYNTYGY,UCxz7sBKlpcpyCiPwXupRymw,El modo embellecedor retrato del telefono no ayuda mucho,0,1,2025-02-05 23:59:44+00:00,56,9,False
Ugzo3PIBop256lZX9994AaABAg,lH_khYNTYGY,UCxz7sBKlpcpyCiPwXupRymw,A mi me gustaría comprarlo aunque no sé si valga la pena reemplazar a mi GTneo2 del 2021 por el tema de la cámara fotográfica y la carga rápida (los 65 W son suficientes para mi).,5,0,2025-02-06 00:08:36+00:00,179,36,False
UgwLlau0xfHfKiurgil4AaABAg,lH_khYNTYGY,UCxz7sBKlpcpyCiPwXupRymw,"Yo lo compre EQUIPASO pantalla excelente sonido bestial y la autonomía mejor que un S24 Ultra y un Xiaomi 14 Ultra, pero me vino con un problema en la pantalla que aparecio a los 2 dias pense qué era pir su protector de fabrica pero no la pantalla vino dañada 😢",4,1,2025-02-05 18:51:09+00:00,261,51,False
UgyJjmgBrWPagquWhU54AaABAg,lH_khYNTYGY,UCxz7sBKlpcpyCiPwXupRymw,"Muy tarde, ya lo compré 😅😂",6,1,2025-02-05 22:58:48+00:00,26,6,False
UgwMHV-QXptqp0Rog9F4AaABAg,lH_khYNTYGY,UCxz7sBKlpcpyCiPwXupRymw,El vídeo está mal grabado horrible no está de acuerdo lo que habla con el vídeo a la voz,0,1,2025-02-05 17:31:21+00:00,88,19,False
Ugxm6jqSzS61L1WpC8Z4AaABAg,lH_khYNTYGY,UCxz7sBKlpcpyCiPwXupRymw,"Que tallll, necesito tu ayuda a decidirme sobre el realme gt 6 16GB DE RAM y 516GB almacenamiento o el Samsung S25 12 GB DE RAM Y 256GB de almacenamiento, teniendo en cuenta que yo tengo un uso de 7h pantalla encendida y si juego pero me gustan las fotos tambien, nosé por cual decidirme ayudaaaa!!!!!!",1,0,2026-06-08 04:19:39+00:00,302,56,False
UgwuxXX-QrBT_00dfBR4AaABAg,lH_khYNTYGY,UCxz7sBKlpcpyCiPwXupRymw,Cuando el Review del Xiaomi 14T pro 😭😭😭😭,10,0,2025-02-05 16:31:30+00:00,40,8,False
UgzT8SjWhAWSKszEatR4AaABAg,lH_khYNTYGY,UCxz7sBKlpcpyCiPwXupRymw,Saludos desde Guatemala! Te sigo de haces muchos años,1,0,2025-02-05 16:27:19+00:00,53,9,False
UgzeKIlbnwzon44UUy54AaABAg,lH_khYNTYGY,UCxz7sBKlpcpyCiPwXupRymw,"Alguien que lo tenga, que tal es el sonido en altavoces??? Gracias",3,4,2025-02-05 16:22:46+00:00,66,12,True
UgzeHWm_lqwWKaWHysJ4AaABAg,lH_khYNTYGY,UCxz7sBKlpcpyCiPwXupRymw,Me lo compré cuando le hiciste unboxing 🤔🤔,0,0,2025-02-05 16:05:59+00:00,42,8,False
Ugz77t9AUkAbZ4vcOfN4AaABAg,lH_khYNTYGY,UCxz7sBKlpcpyCiPwXupRymw,Isa que editor usas,1,0,2025-02-05 16:02:17+00:00,19,4,False
UgzdgkxNTlq5cLQoZFh4AaABAg,lH_khYNTYGY,UCxz7sBKlpcpyCiPwXupRymw,Excelente video 👍 saludos desde Chulucanas Piura Perú 😃🙋🏻‍♂️,3,1,2025-02-05 15:37:54+00:00,60,9,False
UgwPGVauR493PeHuvrR4AaABAg,lH_khYNTYGY,UCxz7sBKlpcpyCiPwXupRymw,Eso ni el creador se lo sabía 😂,33,0,2025-01-23 06:21:33+00:00,31,8,False
UgwGEvmv_QVhKkx8axd4AaABAg,lH_khYNTYGY,UCxz7sBKlpcpyCiPwXupRymw,Yo lo compre al día siguiente que salió y me hicieron un descuento en mercado libre de $500 pesos y la verdad estoy muy contento con el equipo muy equilibrado,20,3,2025-02-06 04:00:10+00:00,158,30,False
UgwMBFQYR_nmeuu5-TN4AaABAg,lH_khYNTYGY,UCxz7sBKlpcpyCiPwXupRymw,Cuando subes el reviw del OnePlus 13,1,0,2025-02-05 17:06:23+00:00,36,7,False
UgypEe14h54Dp_W5P294AaABAg,lH_khYNTYGY,UCxz7sBKlpcpyCiPwXupRymw,Soy el único que se dio cuenta del desfase de audio?,23,3,2025-02-08 23:49:29+00:00,52,11,True
UgxHeiVqk354BjuiDNx4AaABAg,lH_khYNTYGY,UCxz7sBKlpcpyCiPwXupRymw,Yo lo cargo al 100% pero realmente solo lo ocupo para llamadas mensajes y fotos pero me párese una maravilla ❤,0,0,2025-11-21 17:56:40+00:00,110,21,False
UgyQBSNcvJpTNdfCpqJ4AaABAg,lH_khYNTYGY,UCxz7sBKlpcpyCiPwXupRymw,"El mejor celu que tuve, y tengo, hace 5 meses me lo compre. Me acuerdo que siempre miraba videos y decía cuando lo voy a tener, y hasta que llego.",41,12,2025-02-09 14:32:15+00:00,146,30,False
Ugw3ualowaazsNdUAf54AaABAg,lH_khYNTYGY,UCxz7sBKlpcpyCiPwXupRymw,Yo vengo de un realme gt2 y el gt6 es muy buena compra calidad precio...ahora esta por menos de 400€...,0,0,2025-06-08 21:22:17+00:00,103,20,False
UgwTtpYRlQtK2SgndVB4AaABAg,lH_khYNTYGY,UCxz7sBKlpcpyCiPwXupRymw,Cómo que se puede mojar?😮,4,0,2025-05-21 06:41:04+00:00,25,5,True
UgyX3N0c854jUTPzGUh4AaABAg,lH_khYNTYGY,UCxz7sBKlpcpyCiPwXupRymw,la gran duda a mismo precio oneplus nord 4 o realme GT 6?,0,4,2025-02-09 11:15:30+00:00,57,13,True
UgzPUsKp8_UOKaUael54AaABAg,lH_khYNTYGY,UCxz7sBKlpcpyCiPwXupRymw,Se le puede poner memoria micro sd???,0,1,2025-04-13 20:31:44+00:00,37,7,True
UgwCFDPNVAHcJnHvtJB4AaABAg,lH_khYNTYGY,UCxz7sBKlpcpyCiPwXupRymw,Que tal los videos para grabar en un concierto o fotos lo recomiendan?,2,1,2025-04-08 20:53:53+00:00,70,13,True
UgwT5o-tkiysF4RKk5h4AaABAg,lH_khYNTYGY,UCxz7sBKlpcpyCiPwXupRymw,"Bro, grabaste este video con un Iphone verdad?...",0,0,2025-05-03 15:03:08+00:00,49,8,True
Ugz-XBjk1Rv2Ti0ZvG94AaABAg,lH_khYNTYGY,UCxz7sBKlpcpyCiPwXupRymw,"Es una cámara muuy buena, yo: CHIDO A LA BOLSA",0,0,2025-03-28 06:17:15+00:00,46,10,False
UgzmT440ovJ9WCnevxV4AaABAg,lH_khYNTYGY,UCxz7sBKlpcpyCiPwXupRymw,Un video así de honor 200 pro!!,0,0,2025-02-09 19:14:31+00:00,31,7,False
Ugy64rb3Q3uNqk1bSWB4AaABAg,lH_khYNTYGY,UCxz7sBKlpcpyCiPwXupRymw,Este ekipo está en español para poder obtenerlo en chile,0,0,2025-04-05 02:51:56+00:00,56,10,False
UgwKjfnmNFpRLNLVfIZ4AaABAg,lH_khYNTYGY,UCxz7sBKlpcpyCiPwXupRymw,"Yo con el gt neo 6, me costo 350 dolar 16 ram 1024gb almacenamiento",2,0,2025-02-13 02:39:44+00:00,67,14,False
Ugy7MWj6aHFyMIgKkdp4AaABAg,lH_khYNTYGY,UCxz7sBKlpcpyCiPwXupRymw,"Isa, yo lo compre hace unos meses y lo que no me agrado fue el resultado de las fotos, a alguien mas le pasa que al sacar una foto y pasarla a la laptop o pc le amplias y ya no muestra detalle la imagen?",1,0,2025-02-18 00:35:18+00:00,203,45,True
UgyWWWQHJMWr7UHrXOR4AaABAg,lH_khYNTYGY,UCxz7sBKlpcpyCiPwXupRymw,Muy tarde ya lo tengo xd y si no me arrepiento,3,0,2025-02-05 16:16:55+00:00,46,11,False
UgxOZT6u7j1sobbvwvx4AaABAg,lH_khYNTYGY,UCxz7sBKlpcpyCiPwXupRymw,"Hola, a igualdad de precio, (aproximadamente 450€), te gusta más este realme gt6 ó el xiaomi 14t pro?",1,2,2025-02-25 14:48:19+00:00,101,18,True
Ugyjq7EbHSTfJ7Fbi_h4AaABAg,_00kyTBuJmo,UCUHJWRj8lFPvmx-W2F2tXJw,Que celular bueno me recomiendas ya estoy por cambiar y no se por cual irme?,0,0,2025-03-04 16:40:18+00:00,76,15,True
UgwmSY2hxGcQmdklcdZ4AaABAg,_00kyTBuJmo,UCUHJWRj8lFPvmx-W2F2tXJw,El mio es de 512 giga bit,0,1,2025-03-25 01:26:10+00:00,25,7,False
UgyISLeflWJdC9rikGp4AaABAg,_00kyTBuJmo,UCUHJWRj8lFPvmx-W2F2tXJw,Hoy 9/mayo 2026 lo venden nuevo por 2500 pesos mexicanos .. me parece una ganga por sus características,0,0,2026-05-09 11:37:09+00:00,103,18,False
UgyRRYRwAF5N7qN89bt4AaABAg,_00kyTBuJmo,UCUHJWRj8lFPvmx-W2F2tXJw,"Ahora sí ya conviene, anda en 4200 en mercado libre , hasta en 3000 en marketplace",0,1,2025-10-23 13:31:04+00:00,82,16,False
Ugxgxw9Jps2VVyPBy1p4AaABAg,_00kyTBuJmo,UCUHJWRj8lFPvmx-W2F2tXJw,Y por qué el título del video influyendo a no comprarlo? Me parece que ahí tú fallas. Simplemente di que es una reseña técnica y listo.,1,0,2025-09-07 14:11:02+00:00,135,26,True
UgzFo42y94gY23zB6ih4AaABAg,_00kyTBuJmo,UCUHJWRj8lFPvmx-W2F2tXJw,"Gracias, casi me lo compro",2,1,2024-10-21 23:40:50+00:00,26,5,False
UgysGU39bDoSlB1MRcF4AaABAg,_00kyTBuJmo,UCUHJWRj8lFPvmx-W2F2tXJw,Por el precio es bastante bueno para el día a día con un buen diseño,5,1,2024-10-22 04:41:05+00:00,68,15,False
UgwyaXJg0ObBDRM88B94AaABAg,_00kyTBuJmo,UCUHJWRj8lFPvmx-W2F2tXJw,Lo bueno que aquí en México los precios de los teléfonos suelen bajar conforme pasan los meses tal vez entonces sea buena compra,1,1,2024-10-22 18:46:23+00:00,128,23,False
UgyXH7Gy0_-vK511leV4AaABAg,_00kyTBuJmo,UCUHJWRj8lFPvmx-W2F2tXJw,Oye carnal xq el mío en los juego de cod y otro parecido con el sudor se a loca y no obedece el touch,0,1,2024-10-29 18:27:51+00:00,101,24,False
UgxLWjWVaGv2qI6xq8p4AaABAg,_00kyTBuJmo,UCUHJWRj8lFPvmx-W2F2tXJw,"Cuál teléfono recomiendas que tenga buena cámara, buena RAM y memoria interna y que además corra bien los juegos???",1,1,2024-11-05 07:01:40+00:00,115,19,True
UgyQb_wYnecxQVC4PIl4AaABAg,_00kyTBuJmo,UCUHJWRj8lFPvmx-W2F2tXJw,repites mucho que hay mejores equipos por ese rango de precio... cuales 3 recomendaras tu por encima de este modelo?,8,1,2024-11-08 18:52:55+00:00,116,20,True
UgwzweCXErFXxrOpeqN4AaABAg,_00kyTBuJmo,UCUHJWRj8lFPvmx-W2F2tXJw,iba a comprar la version Harry Potter pero con esto pues no lo voy a recibir gracias,0,2,2024-11-09 01:48:28+00:00,84,17,False
Ugz7IvsWacwG1S-egcV4AaABAg,_00kyTBuJmo,UCUHJWRj8lFPvmx-W2F2tXJw,Oye amigo que tan resistente es la pantalla de este celular ?,1,2,2024-11-15 04:20:58+00:00,61,12,True
Ugw4SA_tRrEW6RalRWN4AaABAg,_00kyTBuJmo,UCUHJWRj8lFPvmx-W2F2tXJw,"oppo sube mucho sus precios, no son malos pero por sus ptecios se consiguen cosas mucho mejorss",1,1,2024-10-22 15:04:28+00:00,95,17,False
UgxY4FDO4LFvaF56QV94AaABAg,_00kyTBuJmo,UCUHJWRj8lFPvmx-W2F2tXJw,"El orecio original estsba en $ 9,999.00, o sea si hubo rebaja en el buen fin.",0,1,2024-11-22 00:25:45+00:00,77,16,False
UgzR924cx4z1REK7z6J4AaABAg,_00kyTBuJmo,UCUHJWRj8lFPvmx-W2F2tXJw,Es normal que cuando te hablen por teléfono se oiga poco y robotizado,0,1,2025-02-18 21:37:57+00:00,69,13,False
UgxtrT0ABocZL-jgAZt4AaABAg,_00kyTBuJmo,UCUHJWRj8lFPvmx-W2F2tXJw,En el buen fin este telefono estaba en $ 6200.,0,1,2024-11-22 00:24:04+00:00,46,10,False
UgyCCjTwxEX0PrdQ0Gd4AaABAg,_00kyTBuJmo,UCUHJWRj8lFPvmx-W2F2tXJw,Y yo quiero comprarme uno :(,0,1,2025-02-16 06:07:15+00:00,28,6,False
UgyV879ujzORS1WpLwl4AaABAg,_00kyTBuJmo,UCUHJWRj8lFPvmx-W2F2tXJw,"No sé si será mi unidad, pero grabar videos es casi imposible porque laggea y se desfasa el audio. A alguien más le pasa?",2,2,2025-02-10 20:47:49+00:00,121,24,True
UgxDCk6O6fkT9vv9wP94AaABAg,_00kyTBuJmo,UCUHJWRj8lFPvmx-W2F2tXJw,Se le puede poner de fondo de pantalla un video ?,1,3,2025-01-27 23:30:18+00:00,49,11,True
Ugx2NelpEZ3i3DDlfB54AaABAg,_00kyTBuJmo,UCUHJWRj8lFPvmx-W2F2tXJw,Yo lo compre y mi hija estuvo jugando y no se calienta..me gusta mucho y ya tengo tiempo comprando oppo.. muy feliz y si lo recomiendo.,13,0,2025-01-27 22:31:45+00:00,135,26,False
UgzZEE7xl7gBvOoyeFR4AaABAg,_00kyTBuJmo,UCUHJWRj8lFPvmx-W2F2tXJw,La batería de gasta muy pronto,1,1,2025-02-05 11:32:26+00:00,30,6,False
UgzLlr2DIIkI9ua55wV4AaABAg,_00kyTBuJmo,UCUHJWRj8lFPvmx-W2F2tXJw,Lo tengo desde hace 1 semana y me agrado mucho 🤔🤔 no le veo algun detalle y por el precio se me hizo justo ya que me agregaron garantía por defectos o por pantalla quebrada o centro de carga y por mi trabajo me quedo como anillo al dedo y mis juegos que suelo entrar me los corre sin defectos y nunca se me ha calentado como tu dices,0,1,2025-01-15 01:57:35+00:00,333,69,False
UgzpwmYvHqfOCoNPxBJ4AaABAg,_00kyTBuJmo,UCUHJWRj8lFPvmx-W2F2tXJw,Si hablamos de celulares caros por lo que ofrecen ahí tienen los iPhone. Este tiene más RAM y tasa de refresco. Mejor que el iPhone si está y con eso me quedo ya que el iPhone te cuesta el triple que esté.,1,1,2025-01-01 08:16:25+00:00,205,42,False
UgwZQrYz9lD6--ZS6Al4AaABAg,_00kyTBuJmo,UCUHJWRj8lFPvmx-W2F2tXJw,"Que teléfono recomiendas con mejores características que éste, me interesa el tema de la calidad en cámaras, edición de documentos e imágenes, además de inteligencia artificial, por favor.",0,0,2024-12-29 05:26:36+00:00,188,28,False
UgzIKj-WUH60lqqy03Z4AaABAg,_00kyTBuJmo,UCUHJWRj8lFPvmx-W2F2tXJw,Yo lo conseguí por 5k mexicanos. 🤷🏻‍♂️,0,1,2024-11-24 06:01:58+00:00,38,7,False
UgwdJK4cVQrP9uTRqZR4AaABAg,_00kyTBuJmo,UCUHJWRj8lFPvmx-W2F2tXJw,"le acabo de comprar la versión Harry Potter a mi hijo, y como juega mucho, espero que el mediatek 6300 prometa lo que dice.",3,1,2025-01-23 17:13:45+00:00,123,24,False
Ugyx6ezKZkaYPqincwF4AaABAg,i40eJHCqWiE,UCxz7sBKlpcpyCiPwXupRymw,No me sale la app para los juegos q procede?,1,0,2025-01-12 18:06:29+00:00,44,10,True
UgwrDW5Su_TQFKH7Ywt4AaABAg,i40eJHCqWiE,UCxz7sBKlpcpyCiPwXupRymw,38:28 jajajaja que cutre xD te sacan una IA de Google Play y te la venden como una característica del equipo jajaj,2,0,2024-12-25 00:29:01+00:00,114,22,False
UgxCSAH-QwVHTn1gkMp4AaABAg,i40eJHCqWiE,UCxz7sBKlpcpyCiPwXupRymw,"Estos celulares oppo reno, tienen bastante resistencia contra golpes son muy fuertes y resistentes. Si Dios me lo permite pronto me lo compro.",7,0,2025-01-12 05:33:14+00:00,142,23,False
UgxRqOUoeX6ugoUKQjx4AaABAg,i40eJHCqWiE,UCxz7sBKlpcpyCiPwXupRymw,El mío se calló y se dañó con tres días de uso,1,0,2024-12-30 05:37:23+00:00,46,12,False
Ugxoz3_35jTZUgxyLcp4AaABAg,i40eJHCqWiE,UCxz7sBKlpcpyCiPwXupRymw,"Isa porque el oppo reno 6 pro 5g nunca salió en México???? No venden ni gun accesorio de este tipo de celular, ni sabían si existía 😖",0,0,2024-12-28 15:26:37+00:00,133,27,True
UgzJfpZXMsK32Ehprbh4AaABAg,i40eJHCqWiE,UCxz7sBKlpcpyCiPwXupRymw,"Para grabar en 4k a este rango de precio. Que NO SEA XIAOMI con sus bugs, cusl recomiendas? 😅",0,0,2024-12-24 22:05:53+00:00,93,19,True
Ugz9_3ty9jhPXtD5_8d4AaABAg,i40eJHCqWiE,UCxz7sBKlpcpyCiPwXupRymw,Por qué ami no me aparece eso de los juegos si tengo el oppo reno 12 5g?,0,0,2024-12-04 00:30:08+00:00,72,17,True
Ugy4AL5oHjXkq5xQDJh4AaABAg,i40eJHCqWiE,UCxz7sBKlpcpyCiPwXupRymw,"osea que, el telefono es muy malo para lo que cuesta?",1,0,2024-12-22 22:46:02+00:00,53,11,True
UgwTud74gjZuUqGcxWJ4AaABAg,i40eJHCqWiE,UCxz7sBKlpcpyCiPwXupRymw,"Yo lo he visto en Walmart por $7,499; creo que por ese precio, lo vale",0,0,2024-12-16 18:42:47+00:00,70,15,False
UgwGqTi3BFQJzDr-SHp4AaABAg,i40eJHCqWiE,UCxz7sBKlpcpyCiPwXupRymw,"Alguien puede decir para que sirve la opción de ""teclado levantado"" que te pone un botón para ""cambiar de entrada"" en la parte de abajo del teclado? Yo nada más no le encuentro función y solo hace que el teclado sea más grande... Me gustaría saber si sirve para algo jaja",1,0,2024-12-14 04:15:38+00:00,271,51,True
UgxTyNAL6rRWxB3kjv14AaABAg,i40eJHCqWiE,UCxz7sBKlpcpyCiPwXupRymw,Alguien me podria decir que tal es el sonido cuando se graba en 4K? Hay mucho ruido y distorsion o graba bien?,0,0,2024-11-26 23:24:06+00:00,110,22,True
UgxamLxkLAb-2tn7HuN4AaABAg,i40eJHCqWiE,UCxz7sBKlpcpyCiPwXupRymw,"En resumen me conviene más seguir con mi oppo reno 10 😂😂 está muy chafa para el precio que está dando , se nota que la marca lo saco por puro compromiso de marketing para no estar atrás con las otras marcas en su línea, mejor que siga sacando la línea fine , más caro pero almenos hay más calidad y no ""cosas"" al ay se va ... Un celular de urgencia solamente...",0,0,2025-01-14 14:00:17+00:00,361,73,False
UgwH8PiWXjaythh8gsZ4AaABAg,i40eJHCqWiE,UCxz7sBKlpcpyCiPwXupRymw,"Mis felicitaciones por la excelente y profunda investigación del dispositivo! Compré el Reno 12 5G en Septiembre 2024 como segundo teléfono (mi primer teléfono es un Moto Edge 20 Pro) y hasta el momento me dio buenos resultados, no nos olvidemos que es un terminal de gama media y tampoco que es un teléfono, si deseamos algo mejor en algún aspecto debemos adquirir el artefacto especifico para ello. Saludos desde Buenos Aires, Argentina.",1,0,2024-12-24 15:45:51+00:00,439,73,False
Ugx7lvYtLG8W_M6OpiZ4AaABAg,i40eJHCqWiE,UCxz7sBKlpcpyCiPwXupRymw,Cual es mejor el 12 5g o 12f 5g? en bateria y camara ? Gracias,1,0,2025-01-21 13:43:36+00:00,62,15,True
Ugzc1LFHz1a7TGJz0vF4AaABAg,i40eJHCqWiE,UCxz7sBKlpcpyCiPwXupRymw,En un video anterior dijiste que este dispositivo no era resistente al agua,0,0,2025-07-21 18:51:07+00:00,75,13,False
UgxAxIjh-MtIExHyie94AaABAg,i40eJHCqWiE,UCxz7sBKlpcpyCiPwXupRymw,Hoy he comprado el OPPO reno 125G y me ha costado 359 euros en España,2,1,2025-02-10 22:41:55+00:00,69,15,False
UgzzNIaOsRTLa_32nfB4AaABAg,i40eJHCqWiE,UCxz7sBKlpcpyCiPwXupRymw,Para cuando la batalla con sus competidores??,0,0,2024-09-29 19:18:43+00:00,45,7,True
UgzUm9HuTI26ZLbr4IJ4AaABAg,i40eJHCqWiE,UCxz7sBKlpcpyCiPwXupRymw,Marcial cuanto dura la batería 6 o 9 horas,0,0,2026-09-02 19:06:47+00:00,42,9,False
Ugx8XwEa0Lid6TgMrYV4AaABAg,i40eJHCqWiE,UCxz7sBKlpcpyCiPwXupRymw,He tenido celulares xiaomi Samsung Motorola iPhone Samsung y definitivamente este es el mejor teléfono que he tenido.,0,1,2026-03-04 16:50:58+00:00,117,18,False
UgxuSjHQdoNO7dI1Fmd4AaABAg,i40eJHCqWiE,UCxz7sBKlpcpyCiPwXupRymw,Los oppo y vivo y realmente traigan altavoces atmos y nuevas grafeno pantallas y baterías 6000 miliamperios,0,0,2025-06-17 02:37:12+00:00,107,17,False
UgyRCdWu-3nsg0G1C1t4AaABAg,i40eJHCqWiE,UCxz7sBKlpcpyCiPwXupRymw,"Reno 12 o reno 13f ? Alguien que me diga cual es mejor y por que? 12 $7,000 13f 6,800 En eso agarro cada uno 🤔🤔🤔",0,3,2025-06-17 02:28:45+00:00,112,26,True
UgxCWEpx_WFuVvl-G1Z4AaABAg,i40eJHCqWiE,UCxz7sBKlpcpyCiPwXupRymw,Cuál es mejor oppo reno 12 o mágic 7 lite,1,1,2025-04-26 07:57:04+00:00,41,10,False
UgwQxHI__H3fZPyfbhl4AaABAg,i40eJHCqWiE,UCxz7sBKlpcpyCiPwXupRymw,"En reno 11 es realmente bueno y me gustaría probar este, pero por el precio y características me deja mucho que desear, a pesar de ya ser un teléfono viejo el reno 5lite me sorprende demasiado, a dia de hoy aun a funciona correctamente, aguanto demasiadas caidas y mas de 3 sumergidad en agua en una ocasión en agua hirviendo y ya aun funciona, por esa misma razón me da miedo dar ese salto al 12 y desepcionarme ya que todas las generaciones después del reno 5 me paresieron malos y en vez de mejorar empeoraban, y eso comoarados con la versión lite.",0,0,2025-02-04 02:23:28+00:00,551,103,False
UgzUrARxjPIPoaNqev94AaABAg,i40eJHCqWiE,UCxz7sBKlpcpyCiPwXupRymw,Con ese billte me compro un gama alta viejo el s23 ultra k esta en 300,0,0,2025-03-27 23:51:28+00:00,70,16,False
Ugy1HAk7TH2r6tMqMMJ4AaABAg,i40eJHCqWiE,UCxz7sBKlpcpyCiPwXupRymw,"Hola. Gracias por el vídeo. Estoy intentando encontrar cómo hacer que el led lateral se encienda para notificaciones, pero no funciona ¿Alguien puede ayudarme? Gracias",0,0,2025-03-12 20:05:55+00:00,167,25,True
UgwY1gZ2-Kxy13ZXcjd4AaABAg,i40eJHCqWiE,UCxz7sBKlpcpyCiPwXupRymw,Se me callo el mio y si efectivamente se doblo un pedacito :'(,0,0,2025-03-08 06:12:02+00:00,62,13,False
UgzVQ6DDPmUdz6SlUyR4AaABAg,i40eJHCqWiE,UCxz7sBKlpcpyCiPwXupRymw,Le quiero regalar a esposa esta entre oppo 12 o oppo a80,1,0,2025-02-25 23:10:11+00:00,56,12,False
UgwXD-s6qeCKunxeEMh4AaABAg,i40eJHCqWiE,UCxz7sBKlpcpyCiPwXupRymw,En gorilla glass para mí el mejor fue el 3.,0,0,2025-02-23 00:00:15+00:00,43,10,False
UgyeV_7tiF2x1JaeE6R4AaABAg,i40eJHCqWiE,UCxz7sBKlpcpyCiPwXupRymw,Los reno pro tienen muy buenas características,0,0,2025-02-15 04:42:23+00:00,46,7,False
UgxlFj-PH9wihq_dzv14AaABAg,i40eJHCqWiE,UCxz7sBKlpcpyCiPwXupRymw,"Por urgencia (mi celular actual ya esta fallando) estoy pensando en comprarlo, lo encontre en oferta de 7mil recomiendan comprarlo?",0,4,2025-02-12 18:28:31+00:00,131,20,True
UgwA1HjVLWDq4-u6jF54AaABAg,i40eJHCqWiE,UCxz7sBKlpcpyCiPwXupRymw,Esos telefonos mueren rapido y si se le daña algo es casi imposible conseguirle repuestos,1,1,2025-03-13 14:27:06+00:00,89,15,False
UgwYumM58KGN5xYBYLd4AaABAg,i40eJHCqWiE,UCxz7sBKlpcpyCiPwXupRymw,19 de septiembre 2026 conseguí mi oppo reno 12 en 2 mil pesos nuevo con caja en una oferta,0,0,2026-09-19 23:56:15+00:00,90,19,False
UgwMqQZGq1-Fm69ckx14AaABAg,i40eJHCqWiE,UCxz7sBKlpcpyCiPwXupRymw,Para cuando el Review de la Huawei matepad 11.5 s,0,0,2024-09-29 19:53:52+00:00,49,10,False
UgzJwIW_ePnJW7VgEy54AaABAg,i40eJHCqWiE,UCxz7sBKlpcpyCiPwXupRymw,Es mucho mejor el Samsung Galaxy A 55,1,1,2024-11-23 02:28:54+00:00,37,8,False
UgwhV6wJZy-u8EJWW0x4AaABAg,i40eJHCqWiE,UCxz7sBKlpcpyCiPwXupRymw,Entonces me sigo quedando con mi oppo reno10 que nunk he tenido problemas con él 😊,16,11,2024-10-01 22:30:02+00:00,82,16,False
UgxX0pArRZAppCAdp7N4AaABAg,i40eJHCqWiE,UCxz7sBKlpcpyCiPwXupRymw,"Por ese precio debería traer un Snapdragon 8gen 2, como el Nubia Z60s",5,0,2024-10-01 20:05:52+00:00,69,13,False
UgxHAJkMwo72qR0_sHd4AaABAg,i40eJHCqWiE,UCxz7sBKlpcpyCiPwXupRymw,Cómo se pueden archivar manualmente los videos recibido por Whastsapp?,0,0,2024-10-01 10:27:02+00:00,70,10,True
Ugx3aLJfb2LgC7L-WhN4AaABAg,i40eJHCqWiE,UCxz7sBKlpcpyCiPwXupRymw,"Porqué no se archivan muchos de los videos recibidos por Whatsapp, en el Reno OPPO 12 5G?",0,1,2024-10-01 10:25:51+00:00,89,17,True
Ugy2M277qGEYisqO3H14AaABAg,i40eJHCqWiE,UCxz7sBKlpcpyCiPwXupRymw,Juntando firmas para isa haga las review de los moto g04 y g24 power ustedes estan claros q isa tiene q hacerlas solo le falta esos dispositivos de la linea g,2,0,2024-10-01 03:15:27+00:00,158,31,False
UgyXAaAID1ehrkjQ0RR4AaABAg,i40eJHCqWiE,UCxz7sBKlpcpyCiPwXupRymw,"mi tía que no sabe nada de tecnología lo compro porque era el último lanzamiento. Le gusto porque es delgado y liviano, claro que ella lo usa solo para redes sociales y guardar fotos",9,0,2024-09-30 15:48:18+00:00,182,34,False
UgyblZsRGV2IOAacvoB4AaABAg,i40eJHCqWiE,UCxz7sBKlpcpyCiPwXupRymw,Bro me lo regalas XD,1,0,2024-09-30 10:51:14+00:00,20,5,False
UgzohBN2E3v-weqgQOF4AaABAg,i40eJHCqWiE,UCxz7sBKlpcpyCiPwXupRymw,"Hola ,cuando el motorola ege 50 ,saludos 🇨🇺",5,0,2024-09-30 07:26:20+00:00,43,8,False
UgxmwL0U5uWo3W9jEgJ4AaABAg,i40eJHCqWiE,UCxz7sBKlpcpyCiPwXupRymw,"Se te olvidó mencionar la tecnología Splash Touch, que te permite usar el teléfono bajo brisa o lluvia, y la pantalla te responderá como si estuviera seca, a diferencia de otros apenas se moja el táctil se pone loco o no responde.",1,0,2024-09-29 18:26:16+00:00,230,42,False
UgyYx0q6n77ITrgjIW94AaABAg,i40eJHCqWiE,UCxz7sBKlpcpyCiPwXupRymw,Me encantan tus videos ISA.,0,0,2024-09-29 19:10:24+00:00,27,5,False
UgyZdqDC70Eci7yg0IV4AaABAg,i40eJHCqWiE,UCxz7sBKlpcpyCiPwXupRymw,Prefiero el reno 11F 5g Tiene mejores características,0,0,2024-09-30 05:22:35+00:00,53,8,False
UgwUe_KRjVbgxybPWl54AaABAg,i40eJHCqWiE,UCxz7sBKlpcpyCiPwXupRymw,Allí está para los que dicen que MediaTek es buena en gráficos de juegos.. siempre en gráficos ultra o altos no son buenos con el desempeño.,1,0,2024-09-30 05:20:34+00:00,140,26,False
UgwW9nJyts-1AU_2Ux14AaABAg,i40eJHCqWiE,UCxz7sBKlpcpyCiPwXupRymw,Oye Bro vale la pena el oppo a 79 5g es que yo lo tengo.tienes nuevo seguidor,0,0,2024-09-30 05:00:00+00:00,77,17,False
Ugw-4Gdx9Sdw3_bQ-8R4AaABAg,i40eJHCqWiE,UCxz7sBKlpcpyCiPwXupRymw,"Les apuesto lo que sea que el Galaxy A55 es mucho mejor que este oppo y como punto extra, es que ya lo encuentras en muy buen precio. Un punto que si se me hace una mamada de este dispositivo es que tiene un sistema de configuración de cámaras de un teléfono de 4000-5000 pesos mexicanos, que precio tan elevado para lo que ofrece este celular",0,1,2024-09-30 02:39:11+00:00,343,66,False
UgzT0Bur1peTZtvYdTN4AaABAg,i40eJHCqWiE,UCxz7sBKlpcpyCiPwXupRymw,Ay mucha diferencia entre el A55 de samsung y cual es mejor ?,0,3,2024-11-25 23:31:18+00:00,61,13,True
Ugyzqs7Iteab5I90Iqx4AaABAg,i40eJHCqWiE,UCxz7sBKlpcpyCiPwXupRymw,Por favor regalame un celular tengo el Samsung a03s Solo te pido el poco x6 pro te sigo desde hace 1 años 😢,0,1,2024-09-30 02:21:14+00:00,107,23,False
UgzR7u59leVQObcBFkZ4AaABAg,i40eJHCqWiE,UCxz7sBKlpcpyCiPwXupRymw,Por fin vuelves a usar tu sudadera verde que usas en tu foto de perfil,1,0,2024-09-30 00:48:04+00:00,70,15,False
UgxLtil1D4Sa0CyCMsB4AaABAg,i40eJHCqWiE,UCxz7sBKlpcpyCiPwXupRymw,El diseño me recuerda al moto g60,0,0,2024-09-30 00:19:19+00:00,33,7,False
Ugwgfiidxq2UpM7JsgZ4AaABAg,i40eJHCqWiE,UCxz7sBKlpcpyCiPwXupRymw,Oye puedes ver el oppo a79 5g esque yo lo compré,0,0,2024-09-29 23:44:05+00:00,48,11,False
UgxEwNgdvP2cxjxOOYt4AaABAg,i40eJHCqWiE,UCxz7sBKlpcpyCiPwXupRymw,"Esta mejor mi oppo reno 11, ese parece Motorola es muy caro",0,0,2024-09-29 23:19:02+00:00,59,12,False
UgyMmLHsAqK58SBR-Ad4AaABAg,i40eJHCqWiE,UCxz7sBKlpcpyCiPwXupRymw,Isa hermano!! Tus review son las mejores no me pierdo ni una están buenísimas y que duren tanto tiempo mejor aún es como ver un documental está súper! Te felicito!!🎉saludos desde Uruguay 🇺🇾,2,0,2024-09-29 22:56:34+00:00,189,33,False
Ugy9SH0D05X0PCQOUbx4AaABAg,i40eJHCqWiE,UCxz7sBKlpcpyCiPwXupRymw,Hazle un VS con el Poco f6 pro 5G,1,0,2024-09-29 22:47:11+00:00,33,9,False
Ugxy_LT-wIF28ZvC1FZ4AaABAg,i40eJHCqWiE,UCxz7sBKlpcpyCiPwXupRymw,Puedes hacer el del honor 200,1,0,2024-09-29 20:37:31+00:00,29,6,False
Ugyb6qZkmKJkwBtuTBN4AaABAg,i40eJHCqWiE,UCxz7sBKlpcpyCiPwXupRymw,"Pues la verdad no me quejo, la memoria y ram está bien, me va bien el warzone y otros juegos",6,2,2024-10-01 23:12:17+00:00,92,20,False
UgzPGtJemEdb0vK8Ubt4AaABAg,i40eJHCqWiE,UCxz7sBKlpcpyCiPwXupRymw,Se parece el moto edge 20,0,0,2024-10-02 01:01:37+00:00,25,6,False
UgwpJ4FfCpjIL8ViJP54AaABAg,i40eJHCqWiE,UCxz7sBKlpcpyCiPwXupRymw,Estas si son reviews de verdad verdad!!!,0,0,2024-09-30 02:31:12+00:00,40,7,False
Ugx0iF4ZbhubZMJDOMl4AaABAg,i40eJHCqWiE,UCxz7sBKlpcpyCiPwXupRymw,"Hola. Vi mal o de le pueden poner hasta 2 sims o 1 sim y 1 micro SD? Parece que la sim 2 puede ser sim o ranura de nitro SD, cualquiera de las dos? Gracias",1,1,2024-10-03 07:10:31+00:00,155,36,True
UgyLYN3bTt9b6CJ_FUJ4AaABAg,i40eJHCqWiE,UCxz7sBKlpcpyCiPwXupRymw,"Supongo que todos los que comentan cosas negativas, ni siquiera lo tienen jajaja",54,1,2024-11-22 02:25:49+00:00,80,13,False
UgyEczxpyw3lrmeTz_x4AaABAg,i40eJHCqWiE,UCxz7sBKlpcpyCiPwXupRymw,con que dispositivo grabaste el video..?,0,0,2024-11-21 14:35:45+00:00,40,6,True
UgzJbuH5jbmHt2mM7pF4AaABAg,i40eJHCqWiE,UCxz7sBKlpcpyCiPwXupRymw,Pensaba comprarlo hasta que llegue a las camaras y vi una macro de 2MP 💀💀💀 es una burla,1,0,2024-10-02 06:16:21+00:00,87,18,False
UgxKX5QvfddX8366xFp4AaABAg,i40eJHCqWiE,UCxz7sBKlpcpyCiPwXupRymw,Una pregunta que haces todos los celulares de los haces inboxis,4,2,2024-11-21 04:43:09+00:00,63,11,False
Ugy3u0BI3NoFDdizHv14AaABAg,i40eJHCqWiE,UCxz7sBKlpcpyCiPwXupRymw,Tengo poco con este telefono y me comenzo a fallar de la camara. Los videos despues de un rato no se reproducen y las imagenes no se ven. En ambos casos se ve la pantalla negra al selccionar un video o imagen.,0,1,2024-11-21 04:39:11+00:00,209,42,False
Ugyn_MTtpKtUrylhWBB4AaABAg,i40eJHCqWiE,UCxz7sBKlpcpyCiPwXupRymw,"La IA tomando nuestros datos,gustos y demas hay mo madre 😮",0,1,2024-11-10 02:30:24+00:00,58,11,False
UgzSsok_vKMJGB3nHgp4AaABAg,i40eJHCqWiE,UCxz7sBKlpcpyCiPwXupRymw,Esos fondos de pantalla que se matienen cambiando decarga mucho la bateria 😮,1,0,2024-11-10 02:24:51+00:00,76,13,False
UgztwZcQHD5lqkH7tup4AaABAg,i40eJHCqWiE,UCxz7sBKlpcpyCiPwXupRymw,"En colombia si lo compras por plan en estas tefonicas de claro o movistar,sale en 2500,000$$que me parece super caro,estoy entre el Xiaomi red minote 14 T 😮cual de los dos me recomiendan???gente",1,4,2024-11-10 02:15:46+00:00,194,33,True
Ugy51ODVpLpERPw-3xZ4AaABAg,i40eJHCqWiE,UCxz7sBKlpcpyCiPwXupRymw,"Es verdad que este cel es se gama alta ????por que la verdad no me parece????se la dare por los 512 giga de almacemaiento que trae,nada mas",0,1,2024-11-10 02:11:56+00:00,139,27,True
UgwSM7EGxy9E2eBmFVx4AaABAg,i40eJHCqWiE,UCxz7sBKlpcpyCiPwXupRymw,Es verddd que los lentes de este opp reno 😮son de la marca sony ????,1,1,2024-11-10 02:05:53+00:00,68,15,True
UgxmAC7nq3VZORiYdyN4AaABAg,i40eJHCqWiE,UCxz7sBKlpcpyCiPwXupRymw,"Isa a veces la verdad que no te entiendo,le das muchos items postivos a este cel de oppo pero tambien le quitas michos puntos positivos,pero cuando son marcas como samsung,iphone,xiaomi le das mejores puntuaciones,cuando muchos de los modelos de esas marcas tambien defraudan mucho 😮😮",1,0,2024-11-10 02:04:18+00:00,284,45,False
Ugy9zoznTpkIVjrTg494AaABAg,i40eJHCqWiE,UCxz7sBKlpcpyCiPwXupRymw,Entonces sigue siendo mejor mi Xiaomi 12 T ???,1,0,2024-11-02 17:00:23+00:00,46,9,True
UgzEOZTp3bGYc9-0ueJ4AaABAg,i40eJHCqWiE,UCxz7sBKlpcpyCiPwXupRymw,Me decepciono terriblemente la camara.. no vuelvo a comprar un oppo,0,0,2024-11-17 19:52:35+00:00,67,11,False
UgzJBnMa7oG6G-OWT6d4AaABAg,i40eJHCqWiE,UCxz7sBKlpcpyCiPwXupRymw,Yo queria este reno 12 o el samsung a55 pero ya no se si quiero pagar tanto 😢,1,3,2024-10-23 02:58:49+00:00,77,18,False
UgxcWoWD4UZRdz_T0tF4AaABAg,i40eJHCqWiE,UCxz7sBKlpcpyCiPwXupRymw,Entonces es mejor el Motorola edge 50 fusión,0,0,2024-10-25 01:20:11+00:00,44,8,False
Ugw45ocuubApbjS6Ovl4AaABAg,i40eJHCqWiE,UCxz7sBKlpcpyCiPwXupRymw,"metí a garantía mi reno 10 y resulta que ya está descontinuado, y me dieron a escoger entre el 11 y el 12, pero después de ver este vídeo hace unos días sin pensarlo dos veces me decidí por el 11, ya que todavía hasta ese número la serie reno conserva lo mejor de lo mejor a demás de que me pedían casi 4mil de diferencia por el 12 y la verdad después de ver este vídeo no iba a valer la pena desenbolsar casi 4mil por el 12. Me dieron el 11 sin dar un solo peso. Me quedo con el reno 11 sin duda alguna. Mucho mejor en todo",32,5,2024-10-03 16:30:50+00:00,524,111,False
Ugw_LE17g-NuxiW6Z9N4AaABAg,i40eJHCqWiE,UCxz7sBKlpcpyCiPwXupRymw,"Siendo sincero, este equipo es demasiado costoso para lo que ofrece, empezando por la resistencia que no es IP68 y el sensor principal es Sony Lytia 600 lo cual lo manejan equipos de 250 dolares, la verdad con ese dinero preferiria un Samsung A55 y me sobre o un Motorola Edge 50 que es mucho mejor en todo aspecto.",11,0,2024-10-04 12:19:33+00:00,315,59,False
UgwEXcczkkvszYVdJIJ4AaABAg,i40eJHCqWiE,UCxz7sBKlpcpyCiPwXupRymw,Está mejor la version pro y el dual sim,0,0,2024-10-10 00:55:53+00:00,39,9,False
UgyP7zND2BBcyhJica14AaABAg,i40eJHCqWiE,UCxz7sBKlpcpyCiPwXupRymw,Este Renno 12 no se si lo vale hasta el Renno 10 Pro es lo mejor 🤔,0,0,2024-10-03 12:05:22+00:00,66,17,False
UgxFihPr0iOFE12GRKx4AaABAg,i40eJHCqWiE,UCxz7sBKlpcpyCiPwXupRymw,"La ventaja para los que tenemos el Reno 11 o el Reno 10 es que afortunadamente con las recientes actualizaciones del software, Oppo nos agregó las funciones de borrador de IA para las fotos. Ojalá y en próximas actualizaciones nos agreguen otras funciones de IA.",3,4,2024-10-04 16:25:44+00:00,262,45,False
UgyXiuKmsVZV9vBm3DV4AaABAg,i40eJHCqWiE,UCxz7sBKlpcpyCiPwXupRymw,"Hola Isa, vale la pena cambiar el Oppo Reno 10 por el Oppo Reno 11?, según he visto el Oppo Reno 11 es prácticamente lo mismo que el Oppo Reno 12 pero es bastante más caro el Oppo Reno 12, gracias y saludos",0,0,2024-10-16 20:44:24+00:00,206,43,True
Ugya9RFEDiZuWHjEFch4AaABAg,i40eJHCqWiE,UCxz7sBKlpcpyCiPwXupRymw,Creo que NO lo recomiendas,0,0,2024-10-18 19:52:13+00:00,26,5,False
Ugyx5CJ13YDf9044KyB4AaABAg,i40eJHCqWiE,UCxz7sBKlpcpyCiPwXupRymw,Mejor el HONOR 200 o el Galaxy S24FE,5,0,2024-10-22 19:57:33+00:00,36,8,False
UgwfO0TEeCLANFxQfTF4AaABAg,i40eJHCqWiE,UCxz7sBKlpcpyCiPwXupRymw,"Demasiadas quejas. A ver, no es gama alta, para ser gama media es de lo mejor del mercado. Tú eres muy quisquilloso, que más quieres por ese precio.",18,7,2024-10-10 09:41:27+00:00,148,28,False
UgxLWkvpBikGsdPa5P94AaABAg,GxRQ-iFc4a4,UCok_yhjwg4WSx3s_2Yh8ZjQ,"Buenas grandes, quiero comprarme un teléfono de gama alta porque estoy cansado de los de gama media. Y estoy entre la duda entre el s24 ultra o el iPhone 15 pro max por cual apostaríais vosotros? Gracias de antemano",0,1,2024-06-28 05:58:08+00:00,215,39,True
Ugwfyym8UiSPIOx-QNV4AaABAg,GxRQ-iFc4a4,UCok_yhjwg4WSx3s_2Yh8ZjQ,"Yo estoy buscando móvil para comprar y este le probé el otro día en una tienda y al tacto no me ha gustado nada, no le veo nada premium. Lo mismo luego funciona correctamente pero no me convenció, con esto quiero decir que es mejor ir a probarlos y ver si realmente te gusta",2,2,2024-06-28 07:10:45+00:00,274,54,False
Ugw1bz-2Q4eRwQ6fMv94AaABAg,GxRQ-iFc4a4,UCok_yhjwg4WSx3s_2Yh8ZjQ,Pixel 8 pro o reno 12 pro ? Tengo el reno 6 pro. Pero a bajado el pixel 8 pro y me tienta mucho,1,3,2024-06-28 08:01:24+00:00,95,24,True
UgyfvH4vJxF5fqCv_994AaABAg,GxRQ-iFc4a4,UCok_yhjwg4WSx3s_2Yh8ZjQ,"Sería bueno comprar el poco x4 gt para el 2024,2025",0,0,2024-06-28 00:15:13+00:00,51,10,False
UgxK76yF3Uxqe-LAb6J4AaABAg,GxRQ-iFc4a4,UCok_yhjwg4WSx3s_2Yh8ZjQ,"Buenas tardes campeones, una pregunta Amazfit balance es accesible para una persona ciega, tiene accesibilidad para discapacidad visual ya me comentas y ánimo campeones que lo hacéis muy bien,",0,0,2024-06-28 09:14:11+00:00,192,29,False
Ugzwr59SDup7TkCA1NV4AaABAg,GxRQ-iFc4a4,UCok_yhjwg4WSx3s_2Yh8ZjQ,Parece como si hubiesen agarrado los chasis del oneplus 9/9 pro D:,0,0,2024-06-28 15:25:25+00:00,66,12,False
UgyAGp0m69XstsmVpUB4AaABAg,GxRQ-iFc4a4,UCok_yhjwg4WSx3s_2Yh8ZjQ,Por 390 aun mejor un Motorola,0,1,2024-06-29 23:41:35+00:00,29,6,False
UgyQQL7DqiQaMuQhRsV4AaABAg,GxRQ-iFc4a4,UCok_yhjwg4WSx3s_2Yh8ZjQ,Prefiero el Realme GT 6,1,0,2024-06-29 17:33:20+00:00,23,5,False
UgxChTuL9pQt_O5nx8d4AaABAg,GxRQ-iFc4a4,UCok_yhjwg4WSx3s_2Yh8ZjQ,"por favor lo habeis probado a plena luz del sol?? seran los 1200 nits max, suficientes para verlo bien a plena luz solar?gracias",2,2,2024-06-30 14:46:29+00:00,128,23,True
UgzNINR3UiF_8hM7_z14AaABAg,GxRQ-iFc4a4,UCok_yhjwg4WSx3s_2Yh8ZjQ,"Del OPPO reno 6 pro hicisteis un vídeo solo de su video y era fantástico, y yo creo que sigue superando a este terminal, y ahora esta por 200€ sigue siendo mejor opción excepto en actualización para mi es mejor que este un saludo.",1,4,2024-06-30 22:29:23+00:00,230,44,False
UgzVqakwSVRZl2Okgap4AaABAg,GxRQ-iFc4a4,UCok_yhjwg4WSx3s_2Yh8ZjQ,Podríais comparar este con el honor 200 pro que creo que van de la mano,0,1,2024-07-01 20:23:18+00:00,71,15,False
UgznNEdyeH-Hm19p8C14AaABAg,GxRQ-iFc4a4,UCok_yhjwg4WSx3s_2Yh8ZjQ,"Muchas gracias por el vídeo. Me lo he comprado y no sé si me convence, sobre todo por el brillo.. Con ese peso y medidas, hay algún otro mejor en el mismo rango de precio? Necesito un móvil que no pese tanto y sea fino y es imposible 🤦🏻‍♀️. Mil gracias!",0,1,2024-07-02 07:04:54+00:00,253,51,True
UgwzOVpeELhdz7UxgqZ4AaABAg,GxRQ-iFc4a4,UCok_yhjwg4WSx3s_2Yh8ZjQ,Yo creo que el nuevo realme gt 6t. Se lo come en casi todo y vale 400 pavos. Pienso que este movil por lo que da está disparado en el precio.,1,0,2024-06-28 00:13:24+00:00,141,31,False
Ugx-I7WdTPhK2Tcryqx4AaABAg,GxRQ-iFc4a4,UCok_yhjwg4WSx3s_2Yh8ZjQ,Tienen comparación de este con el Xiaomi 13lite? Me acabo de comprar este Oppo y con las fotos no logro encajar. :(,0,1,2024-07-03 21:12:53+00:00,115,22,True
UgzVANJKa0hdC75RyXB4AaABAg,GxRQ-iFc4a4,UCok_yhjwg4WSx3s_2Yh8ZjQ,Mismo precio que Realme GT6? Ha nacido muerto como no lo rebajen 100 euros.,5,0,2024-06-28 16:14:16+00:00,75,14,True
UgwpnJ5IEHF6RNICOWd4AaABAg,GxRQ-iFc4a4,UCok_yhjwg4WSx3s_2Yh8ZjQ,Xiaomi 14 o este Oppo estoy en duda,1,2,2024-06-27 21:04:40+00:00,35,8,False
UgymOZy9LZszlQWmLyB4AaABAg,GxRQ-iFc4a4,UCok_yhjwg4WSx3s_2Yh8ZjQ,"Podeis hacer la review de l realme gt 6t, creo que es un pedazo de movil y parece que no sabeis que haya llegado también al mercado",2,2,2024-06-27 18:50:54+00:00,131,27,False
Ugyp-GtK7vxWP7m5RHR4AaABAg,GxRQ-iFc4a4,UCok_yhjwg4WSx3s_2Yh8ZjQ,Seria super guay que vuelvan los android challenge para meter un poco mas de variedad y gracia al canal,0,1,2024-06-27 20:35:46+00:00,103,19,False
Ugyi6VMRaBPDh0gYlOp4AaABAg,GxRQ-iFc4a4,UCok_yhjwg4WSx3s_2Yh8ZjQ,"Me encanta OPPO tengo el fine x neo 2 hace más de tres años y sigue funcionando sin problema, la batería me dura un día entero, la RAM de 12M es lo mejor!! Además aguanta muchísimos golpes 😬😬 excelente marca para lo que necesito 👍🏻",6,1,2024-07-04 15:06:22+00:00,231,45,False
UgyjqwUiaJsObSU5g9B4AaABAg,GxRQ-iFc4a4,UCok_yhjwg4WSx3s_2Yh8ZjQ,Pero porque a 30 FPS el videoooooo 😭,11,3,2024-06-27 17:37:06+00:00,36,8,False
Ugz079kfzyEPxiMPh314AaABAg,GxRQ-iFc4a4,UCok_yhjwg4WSx3s_2Yh8ZjQ,Lo estoy viendo a 2160p pero a 30 FPS 😢,20,3,2024-06-27 17:37:49+00:00,39,10,False
UgyhbI0AEg0UpJtTijl4AaABAg,GxRQ-iFc4a4,UCok_yhjwg4WSx3s_2Yh8ZjQ,Oppo para mi son mis preferidos. Y era de Samsung yo,5,0,2024-06-27 17:42:03+00:00,52,11,False
UgwIvTCo-IJ0mG7azgl4AaABAg,GxRQ-iFc4a4,UCok_yhjwg4WSx3s_2Yh8ZjQ,"Pero no importa el video está genial❤ he visto varios videos de ellos desde varios años y me gusta la manera específica en la que aclaran todo simplemente espectacular, sigan así!",4,1,2024-06-27 17:45:07+00:00,179,31,False
UgwpPqdjgUlxOKRYQ6l4AaABAg,GxRQ-iFc4a4,UCok_yhjwg4WSx3s_2Yh8ZjQ,este o el realme del otro dia??,4,2,2024-06-27 18:00:50+00:00,31,7,True
Ugx2a1HvWMnk4ZZQeU94AaABAg,GxRQ-iFc4a4,UCok_yhjwg4WSx3s_2Yh8ZjQ,"Tiene un diseño precioso, aunque me recuerda mucho a un Samsung A53 con un poco de brillo y el panel mejor utilizado",11,3,2024-06-27 18:29:43+00:00,116,22,False
UgykykvyWKDep9eJVk54AaABAg,GxRQ-iFc4a4,UCok_yhjwg4WSx3s_2Yh8ZjQ,"Antes para que un celular fuera de gama alta solo necesitaba un procesador de gama alta, hoy en día ¿que se necesita para que un celular se merezca llamar gama alta? Siento que el procesador está pasando a segundo plano",0,2,2024-06-27 19:06:33+00:00,219,40,True
UgzR7Bs_3oU-Ue4FDIB4AaABAg,GxRQ-iFc4a4,UCok_yhjwg4WSx3s_2Yh8ZjQ,"Si bien me divierto mucho con los videos y siguen siendo muy buenos, también es verdad que se convirtieron en un canal de publicidad. Cada vez hay menos comparativas o ideas nuevas.",2,1,2024-06-27 19:11:50+00:00,181,32,False
UgwEt9no7_WTNdEMnJh4AaABAg,GxRQ-iFc4a4,UCok_yhjwg4WSx3s_2Yh8ZjQ,"Buen video , parece el diseño parecido a un celular tcl",4,0,2024-06-27 19:12:48+00:00,55,11,False
UgzqaBQ_PAq_68qASUJ4AaABAg,GxRQ-iFc4a4,UCok_yhjwg4WSx3s_2Yh8ZjQ,En china los hacen con el mediatek 9200 😒,4,0,2024-06-27 19:36:36+00:00,41,9,False
Ugy-WsuH5Pkoc56PI_d4AaABAg,GxRQ-iFc4a4,UCok_yhjwg4WSx3s_2Yh8ZjQ,Viendo este OPPO ya puedo darme una idea de lo que traerá Oneplus!,8,0,2024-06-27 19:38:07+00:00,66,13,False
UgzXrgjeKoABMBI7NL14AaABAg,GxRQ-iFc4a4,UCok_yhjwg4WSx3s_2Yh8ZjQ,Tendremos comparación del f6 pro/ gt6/ xiaomi 13t pro? Muchas gracias! Sois geniales!,4,2,2024-06-27 20:16:33+00:00,85,13,True
UgxN2QuuK0C4buoxdNl4AaABAg,GxRQ-iFc4a4,UCok_yhjwg4WSx3s_2Yh8ZjQ,"Muy calidosos, saludos desde Colombia.",1,0,2024-06-27 20:17:24+00:00,38,5,False
UgztnhKw-OH-CFYv8VF4AaABAg,GxRQ-iFc4a4,UCok_yhjwg4WSx3s_2Yh8ZjQ,"Yo era de Samsung y me recomendaron oppo y alucine,tendría que tener más nits y más resistencia al agua",4,1,2024-06-27 20:29:03+00:00,103,19,False
UgzGx4aaeAK3lafvAh54AaABAg,GxRQ-iFc4a4,UCok_yhjwg4WSx3s_2Yh8ZjQ,No ha llegado a Colombia 😢,0,0,2024-06-27 20:37:20+00:00,26,6,False
Ugz_i1v64WbIWttka814AaABAg,GxRQ-iFc4a4,UCok_yhjwg4WSx3s_2Yh8ZjQ,Y yo con el 7 apenas 😂,0,0,2024-07-04 19:38:28+00:00,22,7,False
Ugy-hOXLXHEhsqDfdYN4AaABAg,GxRQ-iFc4a4,UCok_yhjwg4WSx3s_2Yh8ZjQ,El diseño no me gusta parece un Samsung con más brillo,1,1,2024-06-28 01:49:31+00:00,54,11,False
UgynnH9nX_m2xI5_oHx4AaABAg,GxRQ-iFc4a4,UCok_yhjwg4WSx3s_2Yh8ZjQ,Qué juego es el del minuto 4:34 ?muchas gracias,2,2,2024-07-05 01:12:35+00:00,47,9,True
UgyNWAv9FWk2vw9WLv14AaABAg,GxRQ-iFc4a4,UCok_yhjwg4WSx3s_2Yh8ZjQ,Hay un oppo reno 12 5G y un oppo reno 12 Pro 5G o es el mismo?,3,0,2024-11-07 07:05:38+00:00,62,17,True
UgzOOxRevo4d68-wk1J4AaABAg,GxRQ-iFc4a4,UCok_yhjwg4WSx3s_2Yh8ZjQ,Padre cual recomienda este o xiaomi redmi note 13 pro plus 5g,0,0,2024-11-09 13:32:24+00:00,61,12,False
Ugxy1E9e6zjinqKVYh14AaABAg,GxRQ-iFc4a4,UCok_yhjwg4WSx3s_2Yh8ZjQ,Este celular es mejor en edición con IA que todos los gama alta y me consta,0,0,2024-11-12 12:05:18+00:00,75,16,False
UgxIiMhytvns6o0DPuR4AaABAg,GxRQ-iFc4a4,UCok_yhjwg4WSx3s_2Yh8ZjQ,Tengo un s 22 ultra recomiendan cambiarme a este creen que le dura mas la carga al oppo,0,1,2024-11-24 03:19:36+00:00,87,18,False
UgzAYNSh_rgVKb-zijN4AaABAg,GxRQ-iFc4a4,UCok_yhjwg4WSx3s_2Yh8ZjQ,"Genial análisis.... Como no se podía esperar de otra manera. Os sigo hace tiempo , Sois el referente en Youtube en español. Gracias!!",0,0,2024-12-06 11:00:01+00:00,133,23,False
UgxfOEa5EZXxBvP07oh4AaABAg,GxRQ-iFc4a4,UCok_yhjwg4WSx3s_2Yh8ZjQ,"Que pasa que no llega ColorOs 15 a el OPPO reno 12 pro,si dijeron que en diciembre ya estaría actualizado?",0,1,2024-12-07 22:20:18+00:00,106,20,True
Ugw0sGOAZg1CUhdIL3t4AaABAg,GxRQ-iFc4a4,UCok_yhjwg4WSx3s_2Yh8ZjQ,"Oppo reno 12 pro contra Huawei pura 70 pro,cuál es mejor?",0,0,2024-12-17 01:41:16+00:00,57,11,True
Ugz-Kln4tSWfKczopnN4AaABAg,GxRQ-iFc4a4,UCok_yhjwg4WSx3s_2Yh8ZjQ,Yo tengo el oppo reno 2 desde hace como 6/7 años y sigue perfecto! Pronto querré cambiarlo pero por el momento no tengo ninguna necesidad la verdad. Sería cambiarlo por cambiarlo.,2,0,2025-01-09 17:58:36+00:00,179,31,False
Ugwj7GU4N10NLFMyxt94AaABAg,GxRQ-iFc4a4,UCok_yhjwg4WSx3s_2Yh8ZjQ,Cual es el juego de carro q siempre se juegan,0,0,2025-01-09 19:31:11+00:00,45,10,False
Ugz74V4tC4kjYB62t4t4AaABAg,GxRQ-iFc4a4,UCok_yhjwg4WSx3s_2Yh8ZjQ,"Hola !!! Un poco tarde pero lo acabo de ver... Entre este dispositivo reno 12 pro 5g i el Xiaomi 14T (sin pro), ¿ Cuál elegirías ? Es para mí segundo móvil, para el del curro, ya k para el personal utilizo iPhone 15 pro. Lo q más me importa del teléfono es q vaya fluido y rápido al pedirle abrir y navegar por las apps y en tema apartado juegos pues el k mejor los acepte ya k es el k dejo a mis hijos para jugar (yo juego 0 veces). Un abrazo!!",0,0,2025-01-28 14:17:09+00:00,445,94,True
UgzhC06BnYd34CWUKCR4AaABAg,GxRQ-iFc4a4,UCok_yhjwg4WSx3s_2Yh8ZjQ,"Con la funda, con la finda, con la fundaaaaaaaaa.",0,0,2025-02-05 09:50:34+00:00,49,9,False
UgzLuBzTmW0I5nGgltN4AaABAg,GxRQ-iFc4a4,UCok_yhjwg4WSx3s_2Yh8ZjQ,Hola ¿Alguien sabe porque me marca 16gb de memoria Rom?,0,0,2025-02-20 18:09:00+00:00,55,10,True
UgymTmAlr2N439htWoJ4AaABAg,GxRQ-iFc4a4,UCok_yhjwg4WSx3s_2Yh8ZjQ,Y yo viéndolo de mi OPPO reno4 😊,1,0,2025-02-28 18:57:50+00:00,32,8,False
UgwiQfaXs2FV0o1u9S54AaABAg,GxRQ-iFc4a4,UCok_yhjwg4WSx3s_2Yh8ZjQ,Es un re celular la verdad terrible,0,0,2025-03-07 13:00:37+00:00,35,7,False
Ugxlot_9mzaiKJ7WAk14AaABAg,GxRQ-iFc4a4,UCok_yhjwg4WSx3s_2Yh8ZjQ,Bonito color aunque los case's lo tapa,0,0,2025-04-10 18:02:13+00:00,38,7,False
Ugw49QTubaj_uYqAqQN4AaABAg,GxRQ-iFc4a4,UCok_yhjwg4WSx3s_2Yh8ZjQ,Hola yo acabo de comprar uno la cámara es horribles 😢 pero veo que ese del vídeo trae el nombre por de tras pero este que compre no lo traes. El mío es de 256gb 8 Ram,0,0,2025-06-21 00:29:50+00:00,166,37,False
UgwCRUKumaV5D65l1PN4AaABAg,GxRQ-iFc4a4,UCok_yhjwg4WSx3s_2Yh8ZjQ,Estoy viendo el video en mi oppo reno 12 5g,0,0,2025-06-24 15:44:30+00:00,43,10,False
UgwNt8n7Sz5BZDID7Z54AaABAg,GxRQ-iFc4a4,UCok_yhjwg4WSx3s_2Yh8ZjQ,Como se llama el juego 3:41 alguien sabe muchas gracias,0,2,2026-01-13 18:56:45+00:00,55,10,False
UgzXJXAGLiC1e3E6AFp4AaABAg,GxRQ-iFc4a4,UCok_yhjwg4WSx3s_2Yh8ZjQ,Es mejor que mi oppo Reno 6 pro?,1,1,2024-07-04 23:15:55+00:00,32,8,True
Ugx_pJXWcHFEaKrvbPZ4AaABAg,GxRQ-iFc4a4,UCok_yhjwg4WSx3s_2Yh8ZjQ,"Entre el Vivo v40 y este Oppo, cuál me recomendáis? Gracias",0,0,2024-10-12 17:47:26+00:00,59,11,True
Ugyb3DgXSOyy2bOyzK54AaABAg,GxRQ-iFc4a4,UCok_yhjwg4WSx3s_2Yh8ZjQ,"Entre el Vivo v40 y este Oppo, cuál me recomendáis? Gracias",0,0,2024-10-12 17:47:26+00:00,59,11,True
Ugyz0ALZwlenlsInlIR4AaABAg,GxRQ-iFc4a4,UCok_yhjwg4WSx3s_2Yh8ZjQ,Saludos amigos de topes de gama. ese movil me esta interesando,2,0,2024-06-27 19:20:36+00:00,62,11,False
Ugy2GX-osyNltjJ_JVJ4AaABAg,GxRQ-iFc4a4,UCok_yhjwg4WSx3s_2Yh8ZjQ,"Me han dicho que aguanta bastante los golpes y también el agua. ¿Algún co,,entario al respecto? Saludos.",0,0,2024-09-23 19:11:52+00:00,104,17,True
UgziXmZgaf7UgRdIHgV4AaABAg,GxRQ-iFc4a4,UCok_yhjwg4WSx3s_2Yh8ZjQ,Donde esta la aplicacion ai studio porque tengo el oppo reno 12 pro y no me aparece...,0,1,2024-07-05 17:46:49+00:00,86,17,False
UgyOWUMZkXA76BE-t4t4AaABAg,GxRQ-iFc4a4,UCok_yhjwg4WSx3s_2Yh8ZjQ,Iba a comprarme el honor 200pro y veo a este muy parejo...que opináis???,0,2,2024-07-06 11:56:17+00:00,72,13,True
UgxBoE3GpjIw4_3fWIl4AaABAg,GxRQ-iFc4a4,UCok_yhjwg4WSx3s_2Yh8ZjQ,No merece la pena en absoluto! Muchísimo mejor el Realme GT6 y el Oneplus 12 ❤,0,0,2024-07-06 13:01:21+00:00,78,16,False
Ugyhdm_9eWmJl1RHwXB4AaABAg,GxRQ-iFc4a4,UCok_yhjwg4WSx3s_2Yh8ZjQ,"Mucho mejor el REALME GT6, arrasa con esta cosa de oppo jajaja",0,0,2024-07-06 13:03:43+00:00,62,12,False
UgyVCAEbEdC4zNL1VdJ4AaABAg,GxRQ-iFc4a4,UCok_yhjwg4WSx3s_2Yh8ZjQ,Hola y la versión reno 12 tiene buenq cámara?,0,1,2024-07-07 12:11:57+00:00,45,9,True
UgywRJudNE-jrENMl7B4AaABAg,GxRQ-iFc4a4,UCok_yhjwg4WSx3s_2Yh8ZjQ,"Necesito ayuda, esté me encanta pero cual es mejor el Note Pro 5G o esté, con cual os quedariais...",0,1,2024-07-15 20:49:31+00:00,99,19,False
UgxbzYUldWUHx1XKEuJ4AaABAg,GxRQ-iFc4a4,UCok_yhjwg4WSx3s_2Yh8ZjQ,"Muchas gracias por la review. Me ha encantado cómo lo explicáis. Entre éste y el Xiaomi redmi note 13pro+, ¿Con cuál os quedáis? ¿O de este rango de precio elegiríais otro con mejor cámara? Es lo que más necesito que funcione guay.",1,2,2024-07-19 10:27:56+00:00,231,42,True
Ugw7fSj-bkLpO-RCo8J4AaABAg,GxRQ-iFc4a4,UCok_yhjwg4WSx3s_2Yh8ZjQ,Estaba muy interesante este celu pero cuando con ese brillo se acabó la magia 😢. Saludos TDG👍,0,0,2024-07-21 17:18:09+00:00,93,17,False
Ugz9Vx_ec9ltq0-UPNd4AaABAg,GxRQ-iFc4a4,UCok_yhjwg4WSx3s_2Yh8ZjQ,No entiendo el criterio que seguís para meterle el sello de recomendado o no a los móviles. Por ejemplo: Este parece que os encanta pero no le metéis el sello. Y el Fold 6 también os moló mucho (incluso Carlos se lo quedó como móvil personal) y no le metistéis el sello de recomendado. En cambio le habéis metido el sello a cada castaña a pedales... Aclararnos un poco,28,3,2024-07-22 23:34:51+00:00,368,69,False
UgxatjbHEvucVhcNOOF4AaABAg,GxRQ-iFc4a4,UCok_yhjwg4WSx3s_2Yh8ZjQ,"Entre el Vivo v40 y este Oppo, cuál me recomendáis? Gracias",4,0,2024-10-12 17:47:23+00:00,59,11,True
UgzNeuwYemrGh3bTe3p4AaABAg,GxRQ-iFc4a4,UCok_yhjwg4WSx3s_2Yh8ZjQ,"Llevo mucho tiempo pensando en que móvil comprar para reemplazar a mi hermoso Huawei 20 mate pro, definitivamente sería huawei si tuviera google, pero creo que será este, no me importa los juegos, realmente es un uso básico, pero este me mola",8,4,2024-08-11 06:26:03+00:00,242,42,False
Ugw1u85feslbdz9okOV4AaABAg,GxRQ-iFc4a4,UCok_yhjwg4WSx3s_2Yh8ZjQ,"Estoy interesado en el xiaomi 13t por sus camaras en colaboración con leica, me recomendarian irme ms por el reno 12?",1,0,2024-08-13 14:34:02+00:00,117,21,True
Ugzvk7jOhUoY_uA1lGl4AaABAg,GxRQ-iFc4a4,UCok_yhjwg4WSx3s_2Yh8ZjQ,Una pregunta me interesa este o el redmi 13 pro 5G relativamente igual de precio quiero saber cual es mejor y cual me recomendarían es un regalo para mi madre tiene 56 años no es muy tecnológica pero le gusta viajar micho y sacar fotos,0,0,2024-08-15 14:22:37+00:00,235,45,False
UgzQA4ysB0LLdytAMGh4AaABAg,GxRQ-iFc4a4,UCok_yhjwg4WSx3s_2Yh8ZjQ,"Lo tengo hace 1 mes y es un movilazo, si lo quieres para jugar no es tu movil esta claro, si quieres un movil que va bien en todo y con diseño de lo mas guapo, fino y ligero, este es tu móvil. La batería dura muchísimo, el procesador que no es muy potente seguro que tiene que ver..yo estoy contentísimo con este reno 12 pro, recomiendo totalmente.",6,4,2024-08-17 06:34:30+00:00,348,68,False
Ugx3nNOnboor-_PWsaF4AaABAg,GxRQ-iFc4a4,UCok_yhjwg4WSx3s_2Yh8ZjQ,Mi 13 t pro o este renno en cámaras?,1,1,2024-08-30 05:03:26+00:00,36,9,True
UgwfrIotNSS5vCr8zjh4AaABAg,GxRQ-iFc4a4,UCok_yhjwg4WSx3s_2Yh8ZjQ,"Oppo reno 12 pro o el honor 200 pro cual es mejor, en cámaras y procesador",1,2,2024-09-07 20:33:48+00:00,74,16,False
UgxjRTwdbZETv6WwxkB4AaABAg,GxRQ-iFc4a4,UCok_yhjwg4WSx3s_2Yh8ZjQ,"Ustedes si no es Samsung siempre encuentran pegas e inconvenientes, se les ve el plumero!!!.",0,0,2024-09-11 12:53:01+00:00,92,15,False
Ugy_17Pl04Lw221Ly7h4AaABAg,GxRQ-iFc4a4,UCok_yhjwg4WSx3s_2Yh8ZjQ,"Necesito ayuda, cual me compro el oppo este o el Honor 200 pro ???",2,2,2024-09-16 14:02:52+00:00,66,14,True
Ugy9QhYx7-u3kAYdIBZ4AaABAg,GxRQ-iFc4a4,UCok_yhjwg4WSx3s_2Yh8ZjQ,Lo acabo de recibir y pose llamada de voz entrantes pero no sé dónde toque que ahora dice el nombre de la persona que me llama pero va muy rápido y no como quitarlo,1,0,2024-09-21 21:58:56+00:00,164,34,False
Ugx60XLNc_Pd_iP4PAp4AaABAg,GxRQ-iFc4a4,UCok_yhjwg4WSx3s_2Yh8ZjQ,Pregunta a los Expertos de Topes de Gama: Tengo un Oppo Find X5... Me conviene cambiar a un Motorola Edge 40 Pro?... Para mí el vídeo Nocturno es muy Importante. Gracias y saludos desde Guadalajara México 🇲🇽,1,1,2024-07-24 07:53:36+00:00,207,37,True
UgyKjNL2YbfpF8ImgnJ4AaABAg,aITeJ-qUDzI,UCxz7sBKlpcpyCiPwXupRymw,"Solo juguetitos, pero la camara es una porquería",0,0,2025-06-09 02:11:40+00:00,48,8,False
UgyOShPBv9J2GLLtuER4AaABAg,aITeJ-qUDzI,UCxz7sBKlpcpyCiPwXupRymw,Lo acabo de comprar lo unico que no me gusto fue su camara,0,0,2025-06-12 04:30:28+00:00,58,13,False
UgzhQmvQdLWsICcCgwR4AaABAg,aITeJ-qUDzI,UCxz7sBKlpcpyCiPwXupRymw,Pesimo en cuanto a camaras pero ya q ya la cague,1,0,2025-07-02 02:12:14+00:00,48,11,False
UgzxStnTt2Pge3YQtml4AaABAg,aITeJ-qUDzI,UCxz7sBKlpcpyCiPwXupRymw,Síntesis solo es un teléfono de uso corporativo fin del comunicado,0,0,2025-06-19 18:14:04+00:00,66,11,False
UgxwclMppwk-2yR6wBx4AaABAg,aITeJ-qUDzI,UCxz7sBKlpcpyCiPwXupRymw,De seguro oppo no le dio ni las Gracias a este hombre' habla mal por ardido' yo lo tengo y la verdad soy feeeeeeliz...,1,0,2025-06-29 00:10:43+00:00,118,24,False
UgyZ9MIX1d-K5O3Hkw54AaABAg,aITeJ-qUDzI,UCxz7sBKlpcpyCiPwXupRymw,"No uso juegos, no tomo fotos y casi nunca tomo videos, esas gracias no me interesan. Qué necesito? Que se escuche bien el volumen y por supuesto, muy importante, que tenga mucha memoria RAM y que esté ""pantalludo"". Me encanta. Para mi uso está perfecto. Mi pareja me lo pasó hace 2 dias. 😀😀😀😀",0,2,2025-06-08 06:15:12+00:00,292,54,True
UgykD0ED4FC95XezUXx4AaABAg,aITeJ-qUDzI,UCxz7sBKlpcpyCiPwXupRymw,"Todo depende como lo veas, a mi me salio casi gratis en mi compañía móvil, ademas es el primer teléfono que puedo comprar bajo mi presupuesto. Lo he usado y pasar de motorola a este me gusto. El diseño para mi es atractivo y creo que el uso rudo que le doy me es útill. Es cierto la cámara es pésima pero casi no tomo fotos entonces no me afecta ese conponente. El procesador es agradable y puedo hacer lo que no hacía en mi anterior teléfono. Yo creo que si compro un celular para jugar mejor invierto en una consola o un mejor pc (que es lo que tengo actualmente). Para uso cotidiano y pues tareas cotidiana, mensajes, llamadas, nitas baskcas, escuchar música, vídeos, esta bien. Por el precio yo lo agarre en oferta me salio en 5000 mx aprox y pues para dentro de 6 meses renuevo a una mejor gama. Depende como lo veas es bueno o malo :)",1,0,2025-06-16 17:09:15+00:00,840,162,False
UgzsW3I7CS6PFMuxozF4AaABAg,aITeJ-qUDzI,UCxz7sBKlpcpyCiPwXupRymw,Yo compré uno y funciona super bien,14,1,2025-06-07 04:32:35+00:00,35,7,False
UgznSwsPKaMghsCYGDV4AaABAg,aITeJ-qUDzI,UCxz7sBKlpcpyCiPwXupRymw,"Muy tarde, queria el samsung pero la señorita tenia ganas de probar un oppo por que me dijeron que salia muy bueno",8,1,2025-05-16 15:15:25+00:00,114,22,False
Ugx64CxYCfCdRr3I2UN4AaABAg,aITeJ-qUDzI,UCxz7sBKlpcpyCiPwXupRymw,Muy tarde ya lo compre 😅,0,0,2025-06-01 21:29:13+00:00,24,6,False
UgxCB5T3k_7OEIHwCZJ4AaABAg,aITeJ-qUDzI,UCxz7sBKlpcpyCiPwXupRymw,Yo lo compre esta en un precio de 6000 pesos en walmart,1,0,2025-05-23 15:56:12+00:00,55,12,False
Ugzvwqv9ZFlUKnGlASF4AaABAg,aITeJ-qUDzI,UCxz7sBKlpcpyCiPwXupRymw,"Cayeron en remate en Elektra. Lo terminé adquiriente por $1,800 MXN. No puedo quejarme",0,1,2025-05-19 01:30:42+00:00,86,14,False
UgzCTKJuj3YSz8R5HGx4AaABAg,aITeJ-qUDzI,UCxz7sBKlpcpyCiPwXupRymw,Ya está en $3000 lo compraré.,0,0,2025-05-16 01:15:24+00:00,29,6,False
Ugxhk5tLGrVgXaWiPnF4AaABAg,aITeJ-qUDzI,UCxz7sBKlpcpyCiPwXupRymw,Los acabo de comprar 3n electa a 3000 estará bien por ese precio?,5,2,2025-05-15 17:16:41+00:00,65,13,True
UgxPqlWdCvI0DKdeiF94AaABAg,aITeJ-qUDzI,UCxz7sBKlpcpyCiPwXupRymw,Y solo se calienta por tenerlo funcionando en el carro escuchando música y deja de funcionar y aparece la leyenda dispositivo caliente y no sirve nada después,0,0,2025-05-13 00:16:50+00:00,158,27,False
UgzNg5pP9-Vw4MLrMtJ4AaABAg,aITeJ-qUDzI,UCxz7sBKlpcpyCiPwXupRymw,Yo tengo uno y se calienta y deja de funcionar,0,0,2025-05-13 00:15:13+00:00,46,10,False
Ugx8oYWkWBSKCZoaZY54AaABAg,aITeJ-qUDzI,UCxz7sBKlpcpyCiPwXupRymw,"Me lo venden a 3000 a 3500 pesos mexicanos segun nuevo no creo es de segunda pero si se ve muy cuidado y con caja original y accesorios originales como en lo compró? O como mejor un agama alta premium antiguo 2 ,3 hasta 4 años atrás? Pero gama alta premium?",0,0,2025-07-07 09:11:58+00:00,257,51,True
UgwOYWrUvb3y_jXhRKp4AaABAg,aITeJ-qUDzI,UCxz7sBKlpcpyCiPwXupRymw,"Me hibiese gustado ver esto antes de adquirirlo, no es malo el dispositivo. Técnicamente se adapta a mis usos diarios y no tengo problemas, es más el qué uso le des al teléfono a lo que realmente jusgan muchos, en mo personal me gusto demasiado, no tengo quejas, en precio me coso 4,500 en tienda departamental y sinceramente no tengo queja alguna... Ya depende de cada consumidor y sus utilidades que le dan al mismo... Saludos!",25,0,2025-06-03 02:38:05+00:00,429,76,False
UgzhkpsIH0V_yiem7e14AaABAg,aITeJ-qUDzI,UCxz7sBKlpcpyCiPwXupRymw,Se pueden dañar los marcos o despintar por ser plastico?,0,0,2025-07-13 07:57:22+00:00,56,10,True
UgxPoBNoPmkjUTVBcJl4AaABAg,aITeJ-qUDzI,UCxz7sBKlpcpyCiPwXupRymw,Háblanos del Motorola moto g56,0,0,2025-12-16 17:39:46+00:00,30,5,False
Ugz3PwQoow4Gy4Z9GPp4AaABAg,aITeJ-qUDzI,UCxz7sBKlpcpyCiPwXupRymw,La verdad lo único malo es la cámara trasera Por alguna razón las funciones del teléfono son muy buenas y no se pero descarga y otras cosas es muy rápido el dispositivo la cámara frontal es buena si sabes ajustarla y ya se me callo una vez y sin un rasguño,0,0,2025-07-27 06:02:30+00:00,256,51,False
Ugy9omExGhOIqaHpTE94AaABAg,aITeJ-qUDzI,UCxz7sBKlpcpyCiPwXupRymw,Saludos cordiales cual es mejor opción entre el oppo reno 12f y el oppo a3 pro,0,0,2026-09-01 11:07:40+00:00,78,16,False
UgxPLPCgYvdTEVDTfJd4AaABAg,aITeJ-qUDzI,UCxz7sBKlpcpyCiPwXupRymw,Buenas noches disculpa trae infrarrojo,0,0,2026-07-09 03:38:39+00:00,38,5,False
UgwN-dcM5D03UUsS8kR4AaABAg,aITeJ-qUDzI,UCxz7sBKlpcpyCiPwXupRymw,Está en 2300 casa de empeño,0,0,2026-04-29 01:38:22+00:00,27,6,False
UgxzcQR6M7pHWZ7jG9d4AaABAg,aITeJ-qUDzI,UCxz7sBKlpcpyCiPwXupRymw,Hoy en día lo compre por 2500 pesos nuevo y creo q x ese precio valió la pena,0,0,2026-04-14 18:31:28+00:00,77,18,False
UgxCGFuFgIev91lpUph4AaABAg,aITeJ-qUDzI,UCxz7sBKlpcpyCiPwXupRymw,Lo compre sin antes ver este video 😢,2,0,2026-03-04 19:32:02+00:00,36,8,False
Ugx2mUmCJ83Dc175fGN4AaABAg,aITeJ-qUDzI,UCxz7sBKlpcpyCiPwXupRymw,Lo acabo de ver en elektra a $3500 esta bien el precio?,1,0,2026-02-22 02:48:52+00:00,55,12,True
UgxYCNtXehuyzp96RPB4AaABAg,aITeJ-qUDzI,UCxz7sBKlpcpyCiPwXupRymw,Hola puedo encontrar ese teléfono por 210$ y el 13f 5g por 230 $ por esos precios son buena compra?,0,0,2026-02-10 16:23:20+00:00,99,20,True
Ugz7CWYtO2ToMoGIz2F4AaABAg,aITeJ-qUDzI,UCxz7sBKlpcpyCiPwXupRymw,"Es un excelente dispositivo. Me encantó sus características y hasta lo más sorprendente. Corre el emulador de PS2 sin problemas, algo de lo que los gamas medias actuales no lo corren.",4,0,2026-01-27 07:13:27+00:00,183,31,False
Ugx9_aEOMYgUTsNzl1l4AaABAg,aITeJ-qUDzI,UCxz7sBKlpcpyCiPwXupRymw,"Me hubiera gustado ver el vídeo antes de verlo jaja, pero pues aqui lo tengo viendo el vídeo 😂",0,0,2025-07-17 11:56:55+00:00,94,19,False
UgzrcKPDqIeXUrzWFEl4AaABAg,aITeJ-qUDzI,UCxz7sBKlpcpyCiPwXupRymw,no se porque quitaron las luces led de los telefonos si era bien chevere,1,0,2026-01-12 21:28:47+00:00,72,14,False
Ugz8EarP1JwRHvGuztF4AaABAg,aITeJ-qUDzI,UCxz7sBKlpcpyCiPwXupRymw,La verdad no es bueno es un teléfono común y corriente hay otros mejores pero ya que ya lo tengo,5,0,2025-05-09 04:11:59+00:00,96,20,False
UgwR9AL9593nD658G9p4AaABAg,aITeJ-qUDzI,UCxz7sBKlpcpyCiPwXupRymw,Cuánto es lo que le dura carga??,1,2,2025-11-30 00:59:55+00:00,32,7,True
Ugx8G-bGg-MA-_U7a6d4AaABAg,aITeJ-qUDzI,UCxz7sBKlpcpyCiPwXupRymw,Creo que me quedo con mi galaxy a52,0,0,2025-10-12 09:54:43+00:00,35,8,False
UgyQl2rsrzGQyGz_ymN4AaABAg,aITeJ-qUDzI,UCxz7sBKlpcpyCiPwXupRymw,Lo acabo de ver en Chedraui y lo vi en $5000 ahora en septiembre 2025,5,0,2025-09-08 04:41:24+00:00,69,15,False
Ugx12RBRMxO15oolusV4AaABAg,aITeJ-qUDzI,UCxz7sBKlpcpyCiPwXupRymw,Osea al oppo reno 13f le hacen el feo que por el procesador y la camara y no se que y a hora este que por los marcos charros,0,0,2025-08-10 20:31:21+00:00,124,29,False
UgxfgJIUqUmrLwhKavB4AaABAg,aITeJ-qUDzI,UCxz7sBKlpcpyCiPwXupRymw,Lo iba a cambiar pero ya no mejor me quedo con mi Samsung a 54,0,0,2025-08-08 10:51:09+00:00,62,15,False
UgxkLNL6z9-s8w0GnwR4AaABAg,aITeJ-qUDzI,UCxz7sBKlpcpyCiPwXupRymw,Se me acaba de caer al agua pero no se que ip es pero me funciona igual muy bien el teléfono al agua,0,0,2025-08-06 05:37:19+00:00,100,23,False
UgzJiJ53zaVxWh5NEk94AaABAg,aITeJ-qUDzI,UCxz7sBKlpcpyCiPwXupRymw,175 € en España al día de hoy y el 12 Fs q es 12 x512 en 200€ ...,0,0,2025-08-02 15:14:00+00:00,65,19,False
Ugz8ush4jVxiWTIEFs14AaABAg,aITeJ-qUDzI,UCxz7sBKlpcpyCiPwXupRymw,En argentino 700 u 800 mil,0,0,2025-12-20 04:04:31+00:00,26,6,False
Ugzket9U3fXCF74gJ3R4AaABAg,aITeJ-qUDzI,UCxz7sBKlpcpyCiPwXupRymw,"Tengo dos meses con el mio y siento que fue un gasto muy inútil, solo lo compre por ""la gran resistencia a golpes y agua"" aunque cosas como luces, ediciones de fotos, y cámara supongo que es buena pero son funciones qué a mi no me sirven.",1,2,2025-05-06 01:02:00+00:00,238,47,False
UgzSebJ2K5ERyhqn2Zh4AaABAg,aITeJ-qUDzI,UCxz7sBKlpcpyCiPwXupRymw,Ash yo lo compre para mí me parece perfecto corre los juegos en gráficos altos a 57 fps,0,2,2025-04-16 05:20:06+00:00,87,18,False
UgxrJ28nS2CghsyYsph4AaABAg,aITeJ-qUDzI,UCxz7sBKlpcpyCiPwXupRymw,Gracias por la información muy buena para no comprarlo,0,0,2025-04-28 21:27:45+00:00,54,9,False
UgzIEYfZJMQ5SE-27Bt4AaABAg,aITeJ-qUDzI,UCxz7sBKlpcpyCiPwXupRymw,Si hubiese costado la mitad si sería una opción buena pero a ese precio no lo vale ni tantito.,8,0,2025-03-18 01:55:26+00:00,94,19,False
UgzAOS91CoFCd27RJLl4AaABAg,aITeJ-qUDzI,UCxz7sBKlpcpyCiPwXupRymw,en la pagina soriana esta en mil pesos.,0,0,2025-03-17 23:36:48+00:00,39,8,False
UgxeJDTsaa1AF0DOcCh4AaABAg,aITeJ-qUDzI,UCxz7sBKlpcpyCiPwXupRymw,Vi el video tarde 😭 he perdido 230€,1,0,2025-03-17 10:47:54+00:00,35,8,False
UgxO_U8szqQ4MuS-5qZ4AaABAg,aITeJ-qUDzI,UCxz7sBKlpcpyCiPwXupRymw,"Justo hoy me lo estaban promocionando hasta me daban un regalo por este oppo pero 8000 pesos mx con esas características no lo recomiendo,al final por 8800 pesos mx me compre el samsung s23 una maravilla❤",0,1,2025-03-14 16:13:57+00:00,204,36,False
Ugy2HvPCVuTXW7xgHd54AaABAg,aITeJ-qUDzI,UCxz7sBKlpcpyCiPwXupRymw,Muy tarde isa. Ya me lo compre,49,10,2025-03-10 04:12:34+00:00,30,7,False
UgzQA7bOxlkO9HcstmF4AaABAg,aITeJ-qUDzI,UCxz7sBKlpcpyCiPwXupRymw,"Creo que por $500 más conseguiré el redmi note 14 pro. No es que los quiera pero si me descuentan $2000 por cambio de plan, se me hace más fácil vender el Xiaomi",1,0,2025-03-08 18:01:29+00:00,161,33,False
UgxC8Rdz2E1IKAaHRAJ4AaABAg,aITeJ-qUDzI,UCxz7sBKlpcpyCiPwXupRymw,"Este oppo, este oppo me lo estuvieron recomendando mucho en coppel y se interesante pero ya vi el review pero no me terminó de convencer del todo, el color bonito pero solo me destacaron mucho la IA pero no me gustó",0,1,2025-03-08 03:25:11+00:00,215,41,False
UgwdBHLdW18qwBh8Scp4AaABAg,aITeJ-qUDzI,UCxz7sBKlpcpyCiPwXupRymw,"gracias por la info... estaba pensando en comprar este modelo yo siempre he usado iphone y es el mejor celular del planeta en TODO... menos en la duración de la batería y ahi no hay forma de equivocarse, ya que TODOS son gama alta pero con los android es un verdadero problema... todos dicen ser los mjeore sy al final ninguno lo es y lo que si lo son son ultra mega carisimos... doble o triple que el iphone",1,0,2025-03-05 05:29:57+00:00,408,79,False
UgwcknSntYe3xbPt0el4AaABAg,aITeJ-qUDzI,UCxz7sBKlpcpyCiPwXupRymw,18 minutos y 336 vistas canal en decadencia,3,1,2025-02-27 14:19:20+00:00,43,8,False
UgwhkagkWFOTGyQDZNB4AaABAg,aITeJ-qUDzI,UCxz7sBKlpcpyCiPwXupRymw,En Perú el precio está en 400 dólares,2,0,2025-02-27 14:21:40+00:00,37,8,False
Ugy63EC9_Hgrjoc_OJh4AaABAg,aITeJ-qUDzI,UCxz7sBKlpcpyCiPwXupRymw,Públicas para que vean tu vídeo y YouTube te pague porque de técnico no tienes nada hablar es facil,0,1,2025-03-25 04:05:30+00:00,99,19,False
UgzTUmAyqqKofsKWVA54AaABAg,aITeJ-qUDzI,UCxz7sBKlpcpyCiPwXupRymw,"No es malo pero su precio es un despropósito como muchos otros modelos de Oppo, podria ser fácilmente un buen gama media si tuviera el precio adecuado y no el precio de un gama media-alta.",11,2,2025-02-27 15:59:17+00:00,188,35,False
UgzBf5R4yEDUfK9UK6N4AaABAg,aITeJ-qUDzI,UCxz7sBKlpcpyCiPwXupRymw,"El nothing phone tiene luces y sonidos Isa, no te olvides! ;D",0,0,2025-02-27 16:34:44+00:00,61,12,False
UgzsQ565Jt9qpKZ6MiZ4AaABAg,aITeJ-qUDzI,UCxz7sBKlpcpyCiPwXupRymw,Si el nombre está feo y es de oppo se puede esperar lo peor,0,0,2025-02-27 18:06:22+00:00,59,14,False
UgybvSwfKEfevvfpp114AaABAg,aITeJ-qUDzI,UCxz7sBKlpcpyCiPwXupRymw,Se siente mas barato y sencillo que el reno 10 y 11.,4,0,2025-02-27 20:01:20+00:00,52,12,False
UgyamKsygyKkYkEaUKd4AaABAg,aITeJ-qUDzI,UCxz7sBKlpcpyCiPwXupRymw,"En conclusión, es una 💩",0,0,2025-02-27 23:27:52+00:00,23,5,False
UgxzVbRtBKcTzUMkJUJ4AaABAg,aITeJ-qUDzI,UCxz7sBKlpcpyCiPwXupRymw,Tengo el oppo reno 12 f 5g y me aparece q el asistente de Google no está disponible para mi dispositivo 😢😢 como podría solucionar ese problema,4,1,2025-03-05 03:49:45+00:00,142,27,False
UgwIIiCdQOIe2RJemD54AaABAg,aITeJ-qUDzI,UCxz7sBKlpcpyCiPwXupRymw,La camara si tiene estabilización?,0,0,2025-03-01 19:19:35+00:00,34,5,True
UgzNVeAOdkHi0wWmXEl4AaABAg,aITeJ-qUDzI,UCxz7sBKlpcpyCiPwXupRymw,Q mal equipo la verdad,2,0,2025-02-28 20:17:54+00:00,22,5,False
UgxIb1DmYpu2JdNqVdt4AaABAg,aITeJ-qUDzI,UCxz7sBKlpcpyCiPwXupRymw,"Hoy día que acabas de sacar este vídeo... Esta en $7,999.00 Porque ya salió el R13",1,0,2025-02-28 15:36:44+00:00,82,16,False
UgzoAwPDyJ8kwrKLmJV4AaABAg,aITeJ-qUDzI,UCxz7sBKlpcpyCiPwXupRymw,Me gustan mucho este tipo de vídeos! Pero el teléfono no me gustó. Gracias por la información. Saludos Isa,2,0,2025-02-28 08:09:57+00:00,106,19,False
UgyYfPyqqUTWWWF5P-V4AaABAg,aITeJ-qUDzI,UCxz7sBKlpcpyCiPwXupRymw,Los pocos comentarios y la explicación al final deverian decir que es chiste se cuenta solo o más bien esperanding patrocinio de oppo jajaja.,0,0,2025-02-28 04:53:17+00:00,141,24,False
UgzK1y0w6124lvwQUD94AaABAg,aITeJ-qUDzI,UCxz7sBKlpcpyCiPwXupRymw,"Tengo una conocida que lo consiguió en 1,500 pesos nuevo. Ah ese precio si lo vale.",11,10,2025-02-27 16:23:57+00:00,83,16,False
UgzJs247gezWciNK7c54AaABAg,aITeJ-qUDzI,UCxz7sBKlpcpyCiPwXupRymw,Lo vi en electra en 14000 pesos XD,0,0,2025-05-04 04:40:06+00:00,34,8,False
Ugw7-jdOXtthRf7P1Tx4AaABAg,aITeJ-qUDzI,UCxz7sBKlpcpyCiPwXupRymw,"Yo lo consegui en una tienda de empeño, en $4500, caja, cargador, celular, semi nuevo",0,1,2025-03-25 14:05:07+00:00,85,15,False
UgzgKgyw7mhTqJcy4np4AaABAg,aITeJ-qUDzI,UCxz7sBKlpcpyCiPwXupRymw,Gracias por su aportación ❤,1,0,2025-03-29 01:26:26+00:00,27,5,False
Ugw04BRG6SHYugO2ySV4AaABAg,aITeJ-qUDzI,UCxz7sBKlpcpyCiPwXupRymw,Si en mediamarkt está por 175 euros....,2,0,2025-04-24 19:31:07+00:00,39,7,False
Ugw_0HQx2r7TzgkxU6h4AaABAg,aITeJ-qUDzI,UCxz7sBKlpcpyCiPwXupRymw,"Pues yo lo tengo, si me arrepiento, pero a la vez no, por el sonido se escucha fuerte y claro, pero después cuando le subes al máximo se activa aplicador, se escucha un poco distorsionado, pero es leve",4,1,2025-04-18 19:09:22+00:00,201,38,False
UgyZNLDFUrHnx1_PteB4AaABAg,aITeJ-qUDzI,UCxz7sBKlpcpyCiPwXupRymw,"Con mi novia compramos uno usado en $160.000 pesos argentinos, pero viene con procesador Snapdragon, y anda bien.",0,1,2025-03-26 03:52:42+00:00,113,18,False
UgzC0ngywqqf_tPgvLl4AaABAg,aITeJ-qUDzI,UCxz7sBKlpcpyCiPwXupRymw,Ni antes ni después de ver este video compres esa porquería. No destaca en ningún aspecto y por el precio muchas mejores opciones hay en el mercado,55,8,2025-02-27 14:13:27+00:00,147,27,False
UgxR2fND7PACM5wMbwV4AaABAg,aITeJ-qUDzI,UCxz7sBKlpcpyCiPwXupRymw,Mucho mejor en todo aspecto el Nubia z60 s pro y más barato,0,0,2025-04-16 01:51:19+00:00,59,13,False
UgwdUIQ7f2QQ66I2EgJ4AaABAg,aITeJ-qUDzI,UCxz7sBKlpcpyCiPwXupRymw,Jajajaja muy tarde me lo compre hoy me salió en 8000 mil pesos como dicen no está mal pero por el precio uno puede comprarse algo mejor.,19,2,2025-04-15 00:07:12+00:00,136,27,False
UgxjHm8yZXFnxnWoZap4AaABAg,aITeJ-qUDzI,UCxz7sBKlpcpyCiPwXupRymw,Por ese precio es mejor un honor magic 7 Lite👌,4,0,2025-04-13 19:02:24+00:00,46,10,False
UgxGbnzkby5ZsW1Gl2d4AaABAg,aITeJ-qUDzI,UCxz7sBKlpcpyCiPwXupRymw,Yo lo tengo desde octubre y pues hasta el dia de hoy es exelente .y en fotos es una maravilla,29,9,2025-02-27 14:18:10+00:00,93,20,False
UgzpjqIaKcHAXV60UsJ4AaABAg,aITeJ-qUDzI,UCxz7sBKlpcpyCiPwXupRymw,Está bien si lo compro en $4500?,2,0,2025-04-09 14:27:13+00:00,32,7,True
UgzZlYn9iPMehh3_uI94AaABAg,aITeJ-qUDzI,UCxz7sBKlpcpyCiPwXupRymw,La cámara frontal hasta te cambia la cara,0,0,2025-04-08 21:48:22+00:00,41,8,False
Ugzstqe3LmwQJp0FXXl4AaABAg,aITeJ-qUDzI,UCxz7sBKlpcpyCiPwXupRymw,"Yo lo tengo y me funciona muy bien, lo compre en Elektra con descuento me costó 6500.",7,3,2025-04-04 04:18:33+00:00,85,17,False
UgxJYxaw7mdfBI_jbHZ4AaABAg,aITeJ-qUDzI,UCxz7sBKlpcpyCiPwXupRymw,Los oppo les falta dobles altavoces atmos estéreo y que tomen fotos oscuridad y grabe4k y baterías grafeno 7000 mil miliamperios,1,0,2025-03-31 13:42:50+00:00,128,21,False
UgyBZiCc0aDpoKNHIfh4AaABAg,aITeJ-qUDzI,UCxz7sBKlpcpyCiPwXupRymw,Yo lo tengo es muy bueno Amo las luces de colores ❤,5,1,2025-03-30 13:58:49+00:00,51,12,False
UgwPdrrhSBOhwloBgmV4AaABAg,aITeJ-qUDzI,UCxz7sBKlpcpyCiPwXupRymw,Hoja hubiera visto este vídeo antes,0,0,2025-04-12 19:36:04+00:00,35,6,False
UgwpeOEwDOzwgDLNKUN4AaABAg,aITeJ-qUDzI,UCxz7sBKlpcpyCiPwXupRymw,Nmms a ese precio compras ya un iPhone 13 y te sirve muchísimo más.,1,0,2025-03-30 17:06:10+00:00,67,14,False
Ugx8r773qoDPavCBqUx4AaABAg,f7WXiJgm3qs,UCvSGnE0qHDC-zADUCt-dC5A,Puedes hacer un comparativo del oppo reno 12 o el oppo reno 13F,0,0,2025-04-12 03:16:47+00:00,63,13,False
UgyH9uXMmg7n1TEw0cx4AaABAg,f7WXiJgm3qs,UCvSGnE0qHDC-zADUCt-dC5A,Tengo el reno 12 y cuando juego de me calienta bastante aunque baje los gráficos no es algo que exija bastante puede que sea porque tengo la barra integente habilitada,0,1,2025-04-08 15:26:56+00:00,167,30,False
Ugxc7_lQisXT8BzVIMx4AaABAg,f7WXiJgm3qs,UCvSGnE0qHDC-zADUCt-dC5A,A mí se me callo y se le fueron los píxeles de un lado 😢,0,0,2025-03-14 12:32:00+00:00,56,15,False
Ugyj85HKNFtN9sNj7xN4AaABAg,f7WXiJgm3qs,UCvSGnE0qHDC-zADUCt-dC5A,Que tal con las camaras de vigilancias con wifi.,1,0,2025-03-09 20:53:39+00:00,48,9,False
UgxHEqYMf4kLBaNAUvV4AaABAg,f7WXiJgm3qs,UCvSGnE0qHDC-zADUCt-dC5A,"Pregunta seria, este o el Honor 200?",2,0,2025-03-01 21:09:40+00:00,36,7,True
UgwlH5mhfaUfjZwI3Yl4AaABAg,f7WXiJgm3qs,UCvSGnE0qHDC-zADUCt-dC5A,"Samsung a55, oppo reno 12, o Motorola 50 fusión?",2,2,2025-03-01 15:19:39+00:00,48,9,True
Ugw5E8-92rvx5429hvd4AaABAg,f7WXiJgm3qs,UCvSGnE0qHDC-zADUCt-dC5A,La verdad lo tengo pero me salió muy malo nosé por qué se me recalienta mucho,1,1,2025-02-21 17:42:07+00:00,77,16,False
UgyfXhTXOv7zC2xvs0t4AaABAg,f7WXiJgm3qs,UCvSGnE0qHDC-zADUCt-dC5A,Yo viendo el vídeo con mi OPPO Reno 12 estoy contenta con el terminal la verdad. El problema es las versiones del software eso no lo sabia.,4,5,2025-02-19 18:10:49+00:00,139,27,False
UgyOd3QU9JAivNNK2dR4AaABAg,f7WXiJgm3qs,UCvSGnE0qHDC-zADUCt-dC5A,A mí a los 3 días se me quebró el cristal trasero 😢😢,0,2,2025-02-11 16:55:36+00:00,52,13,False
Ugw_OWO9Os-p5fFFvNx4AaABAg,f7WXiJgm3qs,UCvSGnE0qHDC-zADUCt-dC5A,No encontré la app para las fotos,1,0,2025-02-09 23:57:13+00:00,33,7,False
UgyHg20qNSW4F7Lb5kd4AaABAg,f7WXiJgm3qs,UCvSGnE0qHDC-zADUCt-dC5A,Yo llevo 3 meses con el y ya se me estrello la tapa trasera 😢no que muy resistente 😞,0,2,2025-03-05 14:36:42+00:00,84,19,False
Ugxs9CSMBj3UVB1SZhp4AaABAg,f7WXiJgm3qs,UCvSGnE0qHDC-zADUCt-dC5A,"oigan tengo un reno 12 pero al grabar a 60fps se laguea, es normal??",0,1,2025-02-10 03:32:14+00:00,68,14,True
UgyQHZtbZmryQ8cxQO94AaABAg,f7WXiJgm3qs,UCvSGnE0qHDC-zADUCt-dC5A,Excelente video charly muchas felicidades. Pero yo lo vi en 👀 Telcel y ahí me mostraron que si trae el espacio para la micro SD.,30,4,2025-01-23 00:20:24+00:00,128,25,False
Ugyq3LmS2-9ZMOxJmKF4AaABAg,f7WXiJgm3qs,UCvSGnE0qHDC-zADUCt-dC5A,"Una pregunta, la esquinas inferiores, os funciona al tocar el táctil?",1,1,2025-01-28 14:14:15+00:00,69,11,True
Ugxcjj19SHLRGuu1Dj14AaABAg,f7WXiJgm3qs,UCvSGnE0qHDC-zADUCt-dC5A,Vicente Puche Triviño 0:54,3,0,2025-01-22 02:34:58+00:00,26,4,False
Ugz0N4oCETceA19zThh4AaABAg,f7WXiJgm3qs,UCvSGnE0qHDC-zADUCt-dC5A,Pero si tiene para expandir la memoria sd,3,1,2025-01-22 03:45:30+00:00,41,8,False
UgzCtzn0rwFAm2wpQXZ4AaABAg,f7WXiJgm3qs,UCvSGnE0qHDC-zADUCt-dC5A,Gracias por la informacion Charly ojala llegue a Argentina,0,2,2025-01-22 08:20:12+00:00,58,9,False
UgxIFY0hHLE2yZAhYaN4AaABAg,f7WXiJgm3qs,UCvSGnE0qHDC-zADUCt-dC5A,Gracias por compartir este video.,2,0,2025-01-22 15:13:46+00:00,33,5,False
Ugx70pMtfryF7rdudNl4AaABAg,f7WXiJgm3qs,UCvSGnE0qHDC-zADUCt-dC5A,"Amigo Charly buenos días salu2 🤗 dsd GDL! Una pregunta ❓ adquirí un redmi 5G en Telcel pero no me reconoce la memoria SD para expandir ,sabes a qué se debe? Gracias! 👍",0,0,2025-01-22 15:33:41+00:00,167,33,True
UgyAyWDQwKdfMHDvlLh4AaABAg,f7WXiJgm3qs,UCvSGnE0qHDC-zADUCt-dC5A,"Hola Charly, Entre un moto edge50 ultra o este oppo 12 5g, cual me recomiendas?",1,2,2025-01-23 01:15:09+00:00,79,15,True
UgwgDD9iJz8TQv9Nked4AaABAg,f7WXiJgm3qs,UCvSGnE0qHDC-zADUCt-dC5A,"Hola, Solo una observación, deberías mencionar el apartado de conectividad que no tocaste, tipo de memorias UFS, qué tipo de sensores tiene, si el sensor de proximidad es físico o ultrasonico, etc. Saludos 👋🏻,",6,0,2025-02-07 00:31:50+00:00,209,34,False
UgzdqhLIWxA67hxaCrJ4AaABAg,f7WXiJgm3qs,UCvSGnE0qHDC-zADUCt-dC5A,Que paso mi chavo si yo lo tengo y si tiene para SD,16,0,2025-01-23 03:54:58+00:00,51,13,False
UgzBW1yIK-8GJ2GTiSJ4AaABAg,f7WXiJgm3qs,UCvSGnE0qHDC-zADUCt-dC5A,"Pregunta: este, o el F? Y claro, porqué...",0,1,2025-01-25 13:32:29+00:00,42,8,True
UgwOncGsdwt2P2JlFb94AaABAg,f7WXiJgm3qs,UCvSGnE0qHDC-zADUCt-dC5A,Mejor compren un HONOR X8a que es sumamente brutal ❤,2,1,2025-01-26 22:08:47+00:00,52,10,False
UgxxDy53bNb1RaiChLJ4AaABAg,f7WXiJgm3qs,UCvSGnE0qHDC-zADUCt-dC5A,"A mí se me cayó en la tina del trapeador que tenía cloro y pinol, no duró ni 3 segundos ya que rápidamente lo saque y hasta el día de hoy no le ha pasado nada y sigue funcionando bien",14,1,2025-01-27 02:42:01+00:00,183,40,False
UgypZBmralaPxNkRTwR4AaABAg,f7WXiJgm3qs,UCvSGnE0qHDC-zADUCt-dC5A,"Ya salieron los reno 13, hay que esperar su llegada a Latinoamérica. ❤",0,0,2025-01-27 18:38:21+00:00,70,13,False
Ugy5PLgEqDKPCREaB6l4AaABAg,f7WXiJgm3qs,UCvSGnE0qHDC-zADUCt-dC5A,Yo viendo tu video desde mi oppo 12,8,0,2025-01-27 23:00:58+00:00,35,8,False
Ugz2Td5BkiE6YCtdGpp4AaABAg,f7WXiJgm3qs,UCvSGnE0qHDC-zADUCt-dC5A,Yo igual estoy viendo en mi oppo 12 5 g tenía oppo 11 5 g es bueno recomiendo no se calienta,2,1,2025-01-28 04:28:22+00:00,92,21,False
UgwO4_ShGvfWOyF_4I14AaABAg,f7WXiJgm3qs,UCvSGnE0qHDC-zADUCt-dC5A,"Yo viendo este video en mi oppo reno 12 y la verdad es un telefonazo, diseño y software super chido 🫶👍",49,8,2025-01-24 20:54:33+00:00,102,21,False
Ugyh5wTK7PrqSUMIe254AaABAg,f7WXiJgm3qs,UCvSGnE0qHDC-zADUCt-dC5A,"No es dual SIM. Tiene espacio para SD y para SIM Un teléfono muy bueno, super recomendable",0,1,2025-04-13 16:26:48+00:00,90,17,False
UgyMZ4847FdzF2lVlfR4AaABAg,f7WXiJgm3qs,UCvSGnE0qHDC-zADUCt-dC5A,"Hola estoy por comprar y decime oppo reno 12 5G o 13F?, gracias",0,0,2025-05-09 00:58:37+00:00,63,13,True
UgxW_OChZSZ4Ph2CwIh4AaABAg,f7WXiJgm3qs,UCvSGnE0qHDC-zADUCt-dC5A,Se puede tomar fotos bajo el agua con ese celular ??,1,0,2025-04-23 13:55:33+00:00,52,11,True
Ugxshp4yKnczpZkmz_d4AaABAg,f7WXiJgm3qs,UCvSGnE0qHDC-zADUCt-dC5A,Este tiene unas antenas extras o una y amo me descargo hasta 13 mb por segundo en donde otros descargan 7mb lo mucho.. y 80g me las descargo en un dia.. y te carga rapido.rápido.. ew bueno solo las cámara a larga distancia feo,0,0,2026-03-28 06:30:39+00:00,226,44,False
Ugxd4F_YaM8rUFtiOk14AaABAg,f7WXiJgm3qs,UCvSGnE0qHDC-zADUCt-dC5A,El mio tiene para tarjeta micro SD.. hasta de 1 terra,0,0,2026-03-28 06:28:17+00:00,53,11,False
UgzY6IHrbPSTZWXAIY54AaABAg,f7WXiJgm3qs,UCvSGnE0qHDC-zADUCt-dC5A,Alguien sabe q tal saca fotos?,0,0,2026-02-10 02:43:20+00:00,30,6,True
Ugw7w5xS4zyrd8e523d4AaABAg,f7WXiJgm3qs,UCvSGnE0qHDC-zADUCt-dC5A,El mío no traía mica de fabrica 💔💔,0,0,2026-02-03 04:45:12+00:00,34,8,False
UgxPTzA75LeDmjkh7px4AaABAg,f7WXiJgm3qs,UCvSGnE0qHDC-zADUCt-dC5A,Alguien sabe cerrar las aplicaciones en segundo plano en el oppo reno 12 5g se me quedan abiertas en segundo plano y no se dónde para cerrarlas,0,0,2026-01-19 00:44:04+00:00,143,27,False
UgyB_Mu4AT0p6GlfVU54AaABAg,f7WXiJgm3qs,UCvSGnE0qHDC-zADUCt-dC5A,Si cuenta con espacio para tarjeta SD,1,1,2025-11-25 13:38:11+00:00,37,7,False
Ugwxf7SAPhV04_fSiIN4AaABAg,f7WXiJgm3qs,UCvSGnE0qHDC-zADUCt-dC5A,"Creo que todos los que analizan este celular, analizan un oppo reno 12 5G diferente, 😂😂😂 este compa dice que no tiene ranura para micro SD y si tiene mi sobrino lo tiene y todos los demás análisis dicen que si otra cosa este compa dice que es resistente a sumergirse en el agua y otros dicen que no, dicen que aguanta un auto encima y el de mi sobrino se rompió todo de atrás con una caída en fin, veo estos videos por qué se lo quiero cambiar,me gusta el diseño 😂😂",0,0,2025-10-14 02:19:35+00:00,465,93,False
UgyZn0n-IxcvS25Kuh14AaABAg,f7WXiJgm3qs,UCvSGnE0qHDC-zADUCt-dC5A,"Hola, como puedo quitarle las franjas negras en los videos a mi oppo reno 12 5G",0,0,2025-08-21 06:53:33+00:00,79,16,False
Ugwo1ZYBMRm_ykyYLpZ4AaABAg,f7WXiJgm3qs,UCvSGnE0qHDC-zADUCt-dC5A,Si tiene para expansión por micro sd,0,0,2026-09-17 05:07:14+00:00,36,7,False
UgxreCtrC0V1CCUeR7B4AaABAg,f7WXiJgm3qs,UCvSGnE0qHDC-zADUCt-dC5A,"Listo, te di mi like y me suscribí, gracias Tengo un Oppo Reno12 5G hace tres años",0,0,2026-04-13 11:50:48+00:00,82,17,False
UgwxrevkHdnMSnbqWhp4AaABAg,f7WXiJgm3qs,UCvSGnE0qHDC-zADUCt-dC5A,Los oppo traigan chips potentes y baterías grafeno 6000 miliamperios y pantalla amoled grafeno y carcazas titanio o aluminio y altavoces atmos marca Sony o Panasonic o Sanyo o JBL o Kenwood,0,0,2025-08-01 02:12:56+00:00,189,32,False
Ugx1FIjd_BaRro0r60d4AaABAg,f7WXiJgm3qs,UCvSGnE0qHDC-zADUCt-dC5A,Los oppo traigan cámaras 100 megapíxeles y lentes macro 100 megapíxeles,0,0,2025-08-03 01:55:35+00:00,71,11,False
UgwuBCrfniZffrhsUD54AaABAg,f7WXiJgm3qs,UCvSGnE0qHDC-zADUCt-dC5A,Para pantallas curvas no nada mejor que el victus 2. El gorila glass 7i no resiste rayones leves.,4,1,2025-07-09 06:17:33+00:00,97,18,False
Ugy2qmZKrVqwCpNDE2l4AaABAg,f7WXiJgm3qs,UCvSGnE0qHDC-zADUCt-dC5A,hola buen dia en el video anterior comentaste que tenia bandeja para expandir la memoria a 1 T con micro sd si es cierto o es falso,0,0,2025-07-04 06:39:27+00:00,131,27,False
UgzTSCS2NQsgB5FltGB4AaABAg,f7WXiJgm3qs,UCvSGnE0qHDC-zADUCt-dC5A,Hola! Lo que mas me interesa del celu es la cámara y calidad d fotos y video. Pense que este por la cantidad d pixeles era bueno. Que me recomendas de este precio o menos,0,0,2025-05-13 23:21:07+00:00,170,35,False
UgxKcYocxc0YJxm_Xop4AaABAg,f7WXiJgm3qs,UCvSGnE0qHDC-zADUCt-dC5A,Una pregunta si s e consigue el vidrio templado y dónde compralo que nesecito,0,0,2025-07-01 17:40:41+00:00,77,14,False
UgyobFs6K5JkGpYo2rJ4AaABAg,f7WXiJgm3qs,UCvSGnE0qHDC-zADUCt-dC5A,"Tengo el oppo 12, pero no es lo que esperaba",1,1,2025-06-30 05:45:57+00:00,44,10,False
UgxMFK5bMZS4dw9QJGR4AaABAg,f7WXiJgm3qs,UCvSGnE0qHDC-zADUCt-dC5A,Duración de la batería. Usando YouTube y algunos juegos ?,2,0,2025-06-08 22:12:07+00:00,57,10,True
Ugz8233RtFJvJnpSdU94AaABAg,f7WXiJgm3qs,UCvSGnE0qHDC-zADUCt-dC5A,"6:56 el mío si cuenta con ranura para tarjeta micro sd y no es dual sim, depende donde lo compres puede ser dual sim o una sim y tarjeta sd 😊",4,1,2025-05-31 16:59:33+00:00,141,31,False
Ugw8DFh1IsknPmPMlsd4AaABAg,f7WXiJgm3qs,UCvSGnE0qHDC-zADUCt-dC5A,Es mentiras que trae para doble SIM,0,0,2025-05-24 19:38:51+00:00,35,7,False
UgwKc4G2varGwuAAMMh4AaABAg,f7WXiJgm3qs,UCvSGnE0qHDC-zADUCt-dC5A,En este se puede hacer otro perfil de invitado? Tenia el oppo reno 7 y tenia esa opción pero en este el 12 no lo encuentro 😢,0,0,2025-05-16 19:09:10+00:00,124,27,True
UgwC4XSfA7OYhfBqHAR4AaABAg,f7WXiJgm3qs,UCvSGnE0qHDC-zADUCt-dC5A,Cuando le pega el sol el borde de la cámara se hace multicolor ❤,0,0,2025-05-16 18:58:04+00:00,64,14,False
UgwO62OzxYrGTPcnmWt4AaABAg,f7WXiJgm3qs,UCvSGnE0qHDC-zADUCt-dC5A,que hay con el brillo del celular? se ve bajo o como esta,0,0,2025-07-30 14:47:25+00:00,57,13,True
UgyqU3Jbh94mF4mgU-t4AaABAg,f7WXiJgm3qs,UCvSGnE0qHDC-zADUCt-dC5A,😢 lo único malo es la batería 😔🪫,0,0,2026-09-08 03:27:20+00:00,32,8,False
UgyGgfuFZ9yCf-PCSrF4AaABAg,P7XCI6JaYRI,UCxz7sBKlpcpyCiPwXupRymw,"este celular no aguantó una caída, se estrelló muy rápido la tapa trasera. gracias por tus excelentes vídeos, recibe muchas bendiciones de Dios.",2,0,2025-11-19 04:43:36+00:00,144,23,False
UgzYpiUcgr4ACtg1dV94AaABAg,P7XCI6JaYRI,UCxz7sBKlpcpyCiPwXupRymw,Osea que en el vídeo pone filtro?,0,0,2026-02-19 03:48:25+00:00,33,7,True
UgwZGJVaupNs3mi0Wl54AaABAg,P7XCI6JaYRI,UCxz7sBKlpcpyCiPwXupRymw,"Si eres neurótica, depresiva, ansiosa, histérica y bipolar, entonces no te compres estés teléfono, te volverás más desquiciada de lo que estás. Saludos",0,0,2025-12-13 02:58:17+00:00,151,23,False
Ugzu_L6R-0mrced4Y2B4AaABAg,P7XCI6JaYRI,UCxz7sBKlpcpyCiPwXupRymw,"Fue muy buen equipo lamentablemente su pantalla no aguanta, a la primer caída con todo y funda se dañó. Y eso que la caída no fue de una altura considerable. Dicen ser resistentes pero pues la realidad es diferente.... tristemente me quedé sin equipo. Tarde mucho pensando cambiar mi A55 por el oppo y ahora me quedé así",2,0,2025-11-18 13:02:39+00:00,320,58,False
UgwujhbBIpiS2CA9Hn14AaABAg,P7XCI6JaYRI,UCxz7sBKlpcpyCiPwXupRymw,Que tal si lo recomiendas para este 2026 cres qué valga la pena comprarlo,1,0,2026-03-26 08:18:36+00:00,73,14,False
UgwnC9XbwN5erMyu_zF4AaABAg,P7XCI6JaYRI,UCxz7sBKlpcpyCiPwXupRymw,Hola ISA tengo el moto edge 50 fusión y el reno 12 lo acabo de conocer y me gustó mucho Pero me da miedo cambiar al mejor por algo peor. Ayuda cuál crees que sea mejor,0,0,2026-09-27 16:58:40+00:00,167,36,False
Ugy7h1szjOb57de9L1B4AaABAg,P7XCI6JaYRI,UCxz7sBKlpcpyCiPwXupRymw,Pues yo lo tengo y estoy encantada,3,0,2026-05-13 12:03:23+00:00,34,7,False
Ugzy90WV5w-M9_b_Fkh4AaABAg,P7XCI6JaYRI,UCxz7sBKlpcpyCiPwXupRymw,"Verdad, NO LO COMPREN!....A mi no me ha ido bien on relación a la pantalla, a los dos dias de comprado le salió una linea a la pantalla, problema de fábrica, me quejé y me dejaron sn telefoo por un mes mientras ""LO REPARABAN"" no me lo cambiaron a pesar de dañarse al dia 2 de la compra, cuando en Colombia la legislación dice que en los 5 priemros dias, este tipo de defectos, el producto debe ser cambiado por un o nuevo... no lo hicieron, al cabo de 5 meses, se supone su pantalla es a prueba de golpes, pues bien,,, se me cayó al agacharme a sujetar mi calzado y se me cayó del bolsillo de mi camisa a 45 cm de altura, y la pantalla se partió... como tiene un año de garantia en pantalla partida, me la cambiaron, y de nuevo... otro mes sin teléfono y ahora... producto de la reparación de la pantalla... esta quedó mal pegada, ya no aguanta las gotas de agua y genera una especie de corto que no deja que el celular se suspenda, es decir a cada nada se enciende, lo que hace que se me gaste la bateria super rápido y viva recalentado, con este daño ahi voy... estoy de nuevo reclamando.... el teléfono lo compré en Colombia, el 31 de Dic de 2024... y esto de la pantalla, no sé si sea solo conmigo... pero nefasto este teléfono, no estoy nada conforme con este producto...",6,0,2025-11-10 18:19:34+00:00,1276,247,False
UgxnGg2-0Og2b-z-rsV4AaABAg,P7XCI6JaYRI,UCxz7sBKlpcpyCiPwXupRymw,Lo que no me gustó es que no lo puedo reiniciar batallo para hacerlo,0,0,2025-09-19 03:30:35+00:00,68,14,False
UgyOjrx1pWAxRvU112B4AaABAg,P7XCI6JaYRI,UCxz7sBKlpcpyCiPwXupRymw,Recuerda muy bien que los gustos de aquí no son los mismos que los de allá,41,2,2025-02-24 14:02:14+00:00,74,16,False
UgxzdFmWfxm1jLW-1Np4AaABAg,P7XCI6JaYRI,UCxz7sBKlpcpyCiPwXupRymw,Ya con el nombre feo del equipo sabes que no será nada bueno,4,1,2025-02-24 14:30:21+00:00,60,13,False
UgwmzDDlBX0IzvN6F7J4AaABAg,P7XCI6JaYRI,UCxz7sBKlpcpyCiPwXupRymw,Que tal isa oye cuando haces un review del vivo x200 pro o lo bueno y lo malo de ese celular porfa.,3,0,2025-02-24 14:33:59+00:00,99,22,False
UgzbEO1TJRRYH_hEa-94AaABAg,P7XCI6JaYRI,UCxz7sBKlpcpyCiPwXupRymw,Cuando sacas el Reno 13 y el Teno 13 Pro?,6,0,2025-02-24 14:46:45+00:00,41,10,True
UgyngYSpHpoiTJJ-Wbh4AaABAg,P7XCI6JaYRI,UCxz7sBKlpcpyCiPwXupRymw,Para cuándo del reviw del poco x7,3,0,2025-02-24 15:15:35+00:00,33,7,False
UgzKLr8GSNKH0t0kDAF4AaABAg,P7XCI6JaYRI,UCxz7sBKlpcpyCiPwXupRymw,Ya salio el reno 13 jaja algo tarde,12,3,2025-02-24 15:16:12+00:00,35,8,False
UgzAWWRXcaLlrGxzRIR4AaABAg,P7XCI6JaYRI,UCxz7sBKlpcpyCiPwXupRymw,"Siempre he dicho si quieres tomar fotos de calidad, para eso existen las cámaras profesionales, tampoco es un desastre, cumplen y ya... ningún celular por muy gama alta que sea tomara fotos de alta calidad... saludos...",24,2,2025-02-24 17:48:36+00:00,219,36,False
Ugz4BzYYQB2Himr7_j54AaABAg,P7XCI6JaYRI,UCxz7sBKlpcpyCiPwXupRymw,"Isa todo bien tu análisis pero considero eso de los apoyos adiciones a tu canal que indicas al final del video no es lo correcto ,tu ya monetizas y muy bien por las vistas de YouTube.",13,1,2025-02-24 17:48:53+00:00,183,36,False
UgymbH-bLT60xEcpF8x4AaABAg,P7XCI6JaYRI,UCxz7sBKlpcpyCiPwXupRymw,Que no ya hay hasta la preventa del 13,0,0,2025-02-24 18:29:48+00:00,38,9,False
Ugyj9TovX2b7yJWW3Lx4AaABAg,P7XCI6JaYRI,UCxz7sBKlpcpyCiPwXupRymw,"Todo bien, pero ahora sí ya mero el review del Oneplus 13?? :'C",1,0,2025-02-24 18:34:01+00:00,63,13,True
Ugyv5kn_bUC1gyMefyp4AaABAg,P7XCI6JaYRI,UCxz7sBKlpcpyCiPwXupRymw,"En Conclusión, Cómprate Un Redmi Note 14 Pro+ Que Acá En Colombia Se Consigue Desde 400 Dólares, Resiste Agua, Mejor Pantalla Y Mucho Más.",4,0,2025-02-24 18:46:29+00:00,138,24,False
UgyyLyk163wSpLn2YmR4AaABAg,P7XCI6JaYRI,UCxz7sBKlpcpyCiPwXupRymw,Unboxing del Realme 14 pro plus,0,0,2025-02-24 19:02:35+00:00,31,6,False
UgyiItOFX_7mFBzBVNp4AaABAg,P7XCI6JaYRI,UCxz7sBKlpcpyCiPwXupRymw,Yo la bd estoy contento con este ekipo cumple ami perfección la bd tanto en rendimiento etc batería y juegos medios exigentes 😊 .. no Agan caso alos comentarios negativos,1,2,2025-02-24 19:21:31+00:00,170,30,False
UgxNCxLbbKnxJ31gP314AaABAg,P7XCI6JaYRI,UCxz7sBKlpcpyCiPwXupRymw,A ponerte en tipo hater esos títulos fomentan el odio no sabes ni poner títulos a un video,0,0,2025-10-27 16:35:09+00:00,90,18,False
Ugxu8cFImrFQS82N4dF4AaABAg,P7XCI6JaYRI,UCxz7sBKlpcpyCiPwXupRymw,Cuando ya salga a venta el 13 y este baje de precio ya valdrá la pena.,7,2,2025-02-24 22:42:57+00:00,70,16,False
UgxiN-52jjFzk6k1iUt4AaABAg,P7XCI6JaYRI,UCxz7sBKlpcpyCiPwXupRymw,"Oye Isa, cuando llega el Oppo Reno 13 a México?",0,0,2025-03-06 13:45:06+00:00,47,10,True
UgzFP-7RrCXCc2dfGxp4AaABAg,P7XCI6JaYRI,UCxz7sBKlpcpyCiPwXupRymw,"Hablas del brillo minimo, pero y en dia soleado a pleno sol???",0,0,2025-09-06 17:09:36+00:00,62,12,True
UgzYz73YQ3nF0cSyjOR4AaABAg,P7XCI6JaYRI,UCxz7sBKlpcpyCiPwXupRymw,Deberia contestar a los comentarios,1,0,2025-08-04 19:28:36+00:00,35,5,False
UgwjTafVZK9CMlcNPwt4AaABAg,P7XCI6JaYRI,UCxz7sBKlpcpyCiPwXupRymw,Es un celular prácticamente perfecto en cuanto equilibrio ISA se te olvidó mencionar lo brutal que le dura la batería,4,0,2025-07-26 02:56:45+00:00,117,20,False
UgzrUwDvzsShYCW0ZTh4AaABAg,P7XCI6JaYRI,UCxz7sBKlpcpyCiPwXupRymw,Ayer lo mire y cheque y noombreeee está precioso el pinche celular ese .. en color plateado,3,0,2025-07-04 20:40:39+00:00,91,17,False
UgwNEospqQkp7AH-_sZ4AaABAg,P7XCI6JaYRI,UCxz7sBKlpcpyCiPwXupRymw,"No es este al que le hiciste prueba de resistencia y salio muy bien, porque decis aqui que no la tiene?",3,0,2025-02-25 05:33:39+00:00,103,21,True
UgyIlBc9morCG9dwpqd4AaABAg,P7XCI6JaYRI,UCxz7sBKlpcpyCiPwXupRymw,"Oye como que no reciste a nada si tu hiciste un video de prueba de resistencia y recisitia a todo lo que le hiciste, que falso eres",10,0,2025-05-16 06:38:21+00:00,131,27,False
UgwpdZu6qzCE5HZk7c14AaABAg,P7XCI6JaYRI,UCxz7sBKlpcpyCiPwXupRymw,"Bestia de celular, lo tengo y lo amo",5,4,2025-05-28 15:26:48+00:00,36,8,False
UgyaSqbsfLnrWMJBU0V4AaABAg,P7XCI6JaYRI,UCxz7sBKlpcpyCiPwXupRymw,"Amigo tengo un poco X3GT 256g. Necesito cambio pero no se a donde voltear a ver. Antes jugaba, pero ahora me interesa más cámara y resolución de pantalla, soy codo jajaja alrededor de $10,000, si hay algo de 5K genial!!!! Gracias",0,0,2025-05-11 05:12:40+00:00,229,41,False
UgzBQXn37E5oYT9_KHV4AaABAg,P7XCI6JaYRI,UCxz7sBKlpcpyCiPwXupRymw,"Está en 7600 en Amazon, valdrá la pena comprarlo?",3,2,2025-05-10 05:03:53+00:00,49,9,True
UgyynpPgIyG5snlVnU14AaABAg,P7XCI6JaYRI,UCxz7sBKlpcpyCiPwXupRymw,"amigo este dispositivo si resiste el agua hasta por 30 minutos, y la pantalla es muy resistente. ojo con eso. LO RECOMIENDO 100% lo unico malo es la camara",10,4,2025-04-22 00:32:23+00:00,155,29,False
Ugy1T5ARlqqHRke9uIN4AaABAg,P7XCI6JaYRI,UCxz7sBKlpcpyCiPwXupRymw,"Porfavor que alguien me diga si este OPPO Reno 12 vale la pena, la verdad estoy a unos días de adquirirlo pero el ver este tipo de videos me desanima y hace que ya no lo quiera pero a mí me gustó bastante y quiero que su rendimiento sea bueno🥺😥",9,9,2025-04-14 16:38:50+00:00,244,50,False
UgzkQ9koFR2sOrumF2h4AaABAg,P7XCI6JaYRI,UCxz7sBKlpcpyCiPwXupRymw,Pues eh tenido mi reno 12 durante estos 3 meses y me ah funcionado de maravilla fue una de mis mejores compras hasta el momento no me ha fallado considerando que lo eh metido al agua en varias ocasiones,7,5,2025-03-07 16:31:28+00:00,202,39,False
Ugx8eyc3MElGTZ3B6Td4AaABAg,P7XCI6JaYRI,UCxz7sBKlpcpyCiPwXupRymw,Pues ya lo compré me llegó tarde el vídeo,3,1,2025-05-14 05:28:22+00:00,41,9,False
Ugy7wJbaznuhwTXPIG14AaABAg,m1s3P_3MhUA,UCok_yhjwg4WSx3s_2Yh8ZjQ,"Ufff qué cámaras 🔥 ya quisiera ver el Ultra 🥹 igualmente esperaré a las comparativas contra el Samsung S24 Ultra, el Google Pixel, iPhone, etc",10,0,2024-06-30 20:16:36+00:00,142,25,False
UgzeTmWjcIiOUWWE4jZ4AaABAg,m1s3P_3MhUA,UCok_yhjwg4WSx3s_2Yh8ZjQ,"Ojalá traigais el Find X7 Ultra y el X100 Ultra, pedidselos a Miguel (2MegaPixels) porque los suele tener y vendría bien traerlos.",1,0,2024-06-30 20:02:04+00:00,130,22,False
UgxUb0-SqwKg87cLQPZ4AaABAg,m1s3P_3MhUA,UCok_yhjwg4WSx3s_2Yh8ZjQ,"Buen analisis,carlos eresbun crack !... Vivo en austria aqui se vende la version global en 1199€ es una camara increible ...aunque encuentro este año el mas completo en todo el s24 ultra",2,0,2024-06-30 19:54:32+00:00,186,32,False
UgxJwVFLCix4eWDmuU14AaABAg,m1s3P_3MhUA,UCok_yhjwg4WSx3s_2Yh8ZjQ,El pro no tiene doble altavoz estéreo 7:54,1,0,2026-06-28 01:08:03+00:00,42,8,False
UgwkA4n-sdX23L2POqd4AaABAg,m1s3P_3MhUA,UCok_yhjwg4WSx3s_2Yh8ZjQ,Este dimensity 9300 saca mas puntuación que el 8gen3 en casi todo en antutu daba 2300000 de punto en una prueba que vi y en geekchs 6 daba casi 2300 en un solo nucleo y en multi núcleo daba casi 7700 osea un puntaje alto,6,5,2024-06-30 19:03:51+00:00,220,45,False
UgzIiHd8PI3N9ofChiB4AaABAg,m1s3P_3MhUA,UCok_yhjwg4WSx3s_2Yh8ZjQ,Faltaria un podcast con Carlos y Miguel 🎉,1,0,2024-06-30 19:01:16+00:00,41,8,False
UgzhfTzimKiaL3c_NmV4AaABAg,m1s3P_3MhUA,UCok_yhjwg4WSx3s_2Yh8ZjQ,"Yo lo tebgo y uba chulada, no dimensiónas el camaron que tienes hasta que lo comparas con la competencia directa, lo eh comparado con un iphone 15 pro, un s23 ultra y neta destaca, vivo sobre sale por mucho, saludos",4,0,2024-06-30 20:26:49+00:00,215,40,False
UgxJW-YswE1wTrDEpIZ4AaABAg,m1s3P_3MhUA,UCok_yhjwg4WSx3s_2Yh8ZjQ,Será la misma camara del Vivo X90 Pro Plus ? Alguien me saque de la duda,3,0,2024-06-30 19:36:37+00:00,72,16,True
UgyksloR-9BWfWW3hLN4AaABAg,m1s3P_3MhUA,UCok_yhjwg4WSx3s_2Yh8ZjQ,Topes de Gama = pro players del assfalt. Sois los mejores ❤❤❤,2,0,2024-06-30 20:29:57+00:00,61,12,False
Ugy0nLmeb0RlG1MprnJ4AaABAg,m1s3P_3MhUA,UCok_yhjwg4WSx3s_2Yh8ZjQ,Me imagino que es un tremendo teléfono pero sigo sin animarme por esas marcas chinas. 😅. El software es muy importante para mí y siento que todavía no compiten con One UI o Pixel experience.,9,5,2024-06-30 20:01:55+00:00,190,35,False
UgyNBTTaWHj3CNIKTYB4AaABAg,m1s3P_3MhUA,UCok_yhjwg4WSx3s_2Yh8ZjQ,Muy bueno la review,2,0,2024-06-30 20:43:36+00:00,19,4,False
UgyQPd8bjFTVyOIW7B54AaABAg,m1s3P_3MhUA,UCok_yhjwg4WSx3s_2Yh8ZjQ,Alguien que tenga el modelo vivo x100s pro me lo quiero comprar,0,0,2024-07-29 02:59:50+00:00,63,12,False
UgwX7aAcu-2-N32ihjx4AaABAg,m1s3P_3MhUA,UCok_yhjwg4WSx3s_2Yh8ZjQ,"Chicos, esa es la versión global, ¿Donde la pidieron comprar? Tengo es la version china y en Colombia joden por la homologacion",1,0,2024-07-28 19:50:12+00:00,127,22,True
UgzWUwxLl-YXBrn0WY94AaABAg,m1s3P_3MhUA,UCok_yhjwg4WSx3s_2Yh8ZjQ,Traigan al destructor de Samsung Galaxy s24 y apple iPhone 15 pro Max el todo poderoso vivo x100 ultra un móvil en este año nadie va poder destronar estoy en Uruguay y me anda como cualquier móvil versión global,0,1,2024-07-19 03:36:28+00:00,211,39,False
UgxNnRJrO86_YIjFXVp4AaABAg,m1s3P_3MhUA,UCok_yhjwg4WSx3s_2Yh8ZjQ,Como se llama el juego que sale en el minuto 4:23 ?? me podras facilitar ese dato xfa,3,1,2024-07-18 16:22:31+00:00,85,18,True
Ugx6JpWEtAIPeOotmoF4AaABAg,m1s3P_3MhUA,UCok_yhjwg4WSx3s_2Yh8ZjQ,Porque decís que no está para aquí en la app de kimovil la versión pro es grobal la ultra no pero la pro si son globales vivo x100 y vivo x 100 pro las versiones chinas la vivo 100s y la vivo 100 ultra,0,0,2024-07-13 05:58:44+00:00,201,44,False
UgwywNlYawnH7H3obJx4AaABAg,m1s3P_3MhUA,UCok_yhjwg4WSx3s_2Yh8ZjQ,Es superior en camara/video frente al Pixel 7 PRO ?,1,0,2024-07-11 01:22:31+00:00,51,10,True
UgyLezr6f1RHglC5P9V4AaABAg,m1s3P_3MhUA,UCok_yhjwg4WSx3s_2Yh8ZjQ,Buenas!! Donde lo puedo comprar en España?? No lo encuentro por ningún lado,1,0,2024-08-15 12:03:06+00:00,75,13,True
Ugz-tPUQE7vOVkRak654AaABAg,m1s3P_3MhUA,UCok_yhjwg4WSx3s_2Yh8ZjQ,"vivo hace rato que esta sacando telefonazos, falta que estos modelos tengan distribuición global",5,0,2024-07-10 05:24:47+00:00,96,14,False
Ugyx_FJN-KCJ4aww36h4AaABAg,m1s3P_3MhUA,UCok_yhjwg4WSx3s_2Yh8ZjQ,"Como siempre, Vivo y Oppo tienen móviles con cámaras espectaculares, pero con la limitación de no lanzarlos en España y con las consecuencias negativas de incompatibilidades que ello supone.Yo me compre el Xiaomi 14 Ultra, que si se vende en España y ahora que esta rebajado de precio, me parece una mejor opción.Es compatible con wear os , Android auto, etc.Tiene un mejor procesador, mas brillo en pantalla y también tiene unas cámaras espectaculares, que combinado con el kit fotográfico, lo hace un combo espectacular.Con este movil, estoy disfrutando de la fotografía y video como nunca antes lo había hecho.Esa es mi opinión",2,0,2024-07-09 18:39:22+00:00,630,103,False
Ugwgi7vXMajKoNLcv_h4AaABAg,m1s3P_3MhUA,UCok_yhjwg4WSx3s_2Yh8ZjQ,¿Para fotografías en rendimiento general recomiendan el Vivo x100 pro vs Huawei P60 pro?,3,1,2024-07-08 03:15:52+00:00,88,14,True
UgyqBKSq_68Ac4Jg-jR4AaABAg,m1s3P_3MhUA,UCok_yhjwg4WSx3s_2Yh8ZjQ,Como se llama el juego 4:36,2,0,2024-07-05 07:25:25+00:00,27,6,False
UgzlMTEYpE4fIcDU8Ud4AaABAg,m1s3P_3MhUA,UCok_yhjwg4WSx3s_2Yh8ZjQ,"1 pena q solo hagais videos de moviles q llegan a España, pq estais perdiendo muchos seguidores q necesitamos saber las características de dichos moviles, es 1 pena pq soys muy buenos, ojalá cambieis y traigais los verdaderos moviles topes de gama 1 saludo!!",2,0,2024-07-04 15:32:42+00:00,258,44,False
UgyqsgmbB-PDKfc3_7p4AaABAg,m1s3P_3MhUA,UCok_yhjwg4WSx3s_2Yh8ZjQ,Comparenlo con el ultra por fa,3,0,2024-06-30 20:31:28+00:00,30,6,False
Ugy_XVLbhojMEPVzvyZ4AaABAg,m1s3P_3MhUA,UCok_yhjwg4WSx3s_2Yh8ZjQ,Y eso que no eran el vivo x100 ultra!,1,0,2024-07-03 01:55:40+00:00,37,9,False
UgyDc6KAPMSC841HNaB4AaABAg,m1s3P_3MhUA,UCok_yhjwg4WSx3s_2Yh8ZjQ,Viendolo desde mi vivo x100 pro🗿👍❤️,2,1,2024-07-09 20:57:48+00:00,35,6,False
UgwkXLrLJiS_F0JWDCN4AaABAg,m1s3P_3MhUA,UCok_yhjwg4WSx3s_2Yh8ZjQ,Tengo el vivo21 y lo compre desde que salio y me ha gustado mucho de hecho escibo este comentario desde el... Haha pero quiero un vivo nuevo y estoy vi3ndo si me compro este... Ustedes que recomiendan comprar el vivo x100 pro o me voy por el Samsung A55 5g ??? Ojala alguien me pueda ayudar con una buena decisión 😃,1,0,2024-08-19 15:05:45+00:00,315,61,True
Ugx-Am7lXkjdspdv9i94AaABAg,m1s3P_3MhUA,UCok_yhjwg4WSx3s_2Yh8ZjQ,Cual recomiendan más entre ese vivo x100 pro o el pura 70 pro,2,0,2024-08-23 04:28:53+00:00,61,13,False
Ugwu4si2YgKWyYlxRrZ4AaABAg,m1s3P_3MhUA,UCok_yhjwg4WSx3s_2Yh8ZjQ,Es un teléfonos muy fresco y muy intuitivo,1,0,2024-08-23 09:38:19+00:00,42,8,False
UgwYqJ7oXxYiJKOOUE54AaABAg,m1s3P_3MhUA,UCok_yhjwg4WSx3s_2Yh8ZjQ,Será mejor que el honor Magic 7 pro,0,0,2025-06-15 02:46:20+00:00,35,8,False
UgwGQR_6nnrGHtST4nF4AaABAg,m1s3P_3MhUA,UCok_yhjwg4WSx3s_2Yh8ZjQ,Cuando ban a probar el ultra,0,0,2025-06-15 02:45:26+00:00,28,6,False
UgyokxtbppwhNS0cL4p4AaABAg,m1s3P_3MhUA,UCok_yhjwg4WSx3s_2Yh8ZjQ,Cual es la diferencia entre este vivo x100pro y el vivo x100 normal ?,1,0,2025-05-04 03:30:40+00:00,69,14,True
UgzQ4lOrVBGAQkJcjwh4AaABAg,m1s3P_3MhUA,UCok_yhjwg4WSx3s_2Yh8ZjQ,Vivo usen mejores chips grafeno cuanticos y mejores pantallas grafeno y hojala traigan altavoces atmos,0,0,2025-04-04 17:18:37+00:00,102,15,False
UgyRxj5Ruq6Uzu_zBDp4AaABAg,m1s3P_3MhUA,UCok_yhjwg4WSx3s_2Yh8ZjQ,Este vivo 100 no los venden sur américa Colombia peru y ecuador y panama y chile,0,0,2025-04-04 17:16:54+00:00,80,16,False
UgzNrhdOpkOF9yxKPx94AaABAg,m1s3P_3MhUA,UCok_yhjwg4WSx3s_2Yh8ZjQ,Imagina si los diseñadores de vivo no trabajan díganme ustedes que están haciendo los de Samsung y iPhone,1,0,2024-11-23 19:46:03+00:00,105,18,False
UgzDiYPwJIrcepT-w5h4AaABAg,m1s3P_3MhUA,UCok_yhjwg4WSx3s_2Yh8ZjQ,Vivo x100 pro ó ultra 😎 estos son bebés al lado de estas bestias.,0,0,2024-10-18 14:15:14+00:00,65,14,False
UgyICR8DamOs8vqbSp94AaABAg,m1s3P_3MhUA,UCok_yhjwg4WSx3s_2Yh8ZjQ,Tendrán un vídeo del vivo x fold 3 pro? Gracias.,0,0,2024-10-11 17:28:15+00:00,48,10,True
UgxPhyjgbhSUQdUN7E94AaABAg,m1s3P_3MhUA,UCok_yhjwg4WSx3s_2Yh8ZjQ,Este móvil...¿Es bueno?¿Sirve?,0,0,2024-10-09 21:46:31+00:00,30,3,True
Ugxz_U0YRbf_hs3RBEt4AaABAg,m1s3P_3MhUA,UCok_yhjwg4WSx3s_2Yh8ZjQ,Cual es mejor camara vivo x100s o readme gt6? Y a nivel de telefono no camara cual es mejor?,0,0,2024-09-30 08:23:19+00:00,92,19,True
UgwPmhzj9SQ1oMLooa94AaABAg,m1s3P_3MhUA,UCok_yhjwg4WSx3s_2Yh8ZjQ,"Buenas @topesdegama! Muy buen vídeo, como siempre, pero al lío: este o Iphone pro? (en general y en fotografía) También os sugeriría que cuando decís cosas como que ""no es el mejor que hemos visto en este apartado"", pongáis un ejemplo de alguno que sí os lo haya parecido, para saber por dónde van los tiros. Gracias",0,0,2024-09-26 08:21:44+00:00,316,57,True
Ugy9z9gYVH3xbWPo7zZ4AaABAg,m1s3P_3MhUA,UCok_yhjwg4WSx3s_2Yh8ZjQ,Pa lps chinos lo mejor,0,0,2024-09-24 20:16:48+00:00,22,5,False
UgwHi-GO99aEPDBg9Vl4AaABAg,m1s3P_3MhUA,UCok_yhjwg4WSx3s_2Yh8ZjQ,"Alguien que me pueda asesorar por favor, tengo un iPhone 14 Pro Max y me encanta la fotografía, merecería la pena, hacer el cambio por el vivo X100 Ultra?",0,0,2024-09-18 09:56:45+00:00,154,29,True
UgxFOBBlJHBnvpjeNv94AaABAg,m1s3P_3MhUA,UCok_yhjwg4WSx3s_2Yh8ZjQ,Lo adquiri gracias a 2megapixels y jamas voy a estar mas agradecido! Este telefono es increible !,0,0,2024-09-12 03:42:43+00:00,97,17,False
UgxyoYcN0kEN7j0ofa54AaABAg,m1s3P_3MhUA,UCok_yhjwg4WSx3s_2Yh8ZjQ,"Investigue y los sensores del x100 pro son mejores y mas avanzados que el del ultra, tambien con la bateria, lo normal seria pensar que seria al revez pero es mejor opcion tanto por precio como características el pro gente🎉🎉",0,0,2024-09-02 00:42:16+00:00,224,40,False
Ugylq3pvr7xp2BaZZEh4AaABAg,m1s3P_3MhUA,UCok_yhjwg4WSx3s_2Yh8ZjQ,Muchos dicen que es mejor que un s 24 ultra ? Que dicen,2,0,2024-07-02 22:43:07+00:00,55,13,True
Ugxz4lvZfYs1PvVv8Uh4AaABAg,m1s3P_3MhUA,UCok_yhjwg4WSx3s_2Yh8ZjQ,"Hace 8 meses salió este teléfono y lo examinó 2 mega píxeles, aunque Uds son los mejores",1,0,2024-07-02 12:10:42+00:00,88,17,False
UgwWoarWHb7RSQ0WJFB4AaABAg,m1s3P_3MhUA,UCok_yhjwg4WSx3s_2Yh8ZjQ,"Seria buena la comparativa contra el Xiaomi 14 ultra y el honor Magic 6 pro, saludos.",1,0,2024-07-03 22:02:01+00:00,85,16,False
Ugy4gH5Yxy_8-nk1NFJ4AaABAg,m1s3P_3MhUA,UCok_yhjwg4WSx3s_2Yh8ZjQ,Por fin hace de un vivo gama alta y falta el ultra,1,0,2024-07-01 04:57:21+00:00,50,12,False
Ugxul4ohqrcnwK8XtkR4AaABAg,m1s3P_3MhUA,UCok_yhjwg4WSx3s_2Yh8ZjQ,lo puede comparar contra el oneplus 12,0,1,2024-07-01 05:45:37+00:00,38,7,False
Ugw3ZMOlM3R2ATKQIgJ4AaABAg,m1s3P_3MhUA,UCok_yhjwg4WSx3s_2Yh8ZjQ,"Muchísimas gracias Chicos por la mención, se agradece! 🙏💪",193,5,2024-07-01 04:49:08+00:00,57,9,False
UgwjgoesD_owUttRnQR4AaABAg,m1s3P_3MhUA,UCok_yhjwg4WSx3s_2Yh8ZjQ,Una reviw que yo estaba esperando es esta... Estoy mega sorprendido... Pero no llego a nivel para comprarlo😢,1,0,2024-07-01 03:25:09+00:00,108,18,False
Ugyf5gFB8cK3vhOyoG94AaABAg,m1s3P_3MhUA,UCok_yhjwg4WSx3s_2Yh8ZjQ,Saludos desde Argentina!! Analisis de X100 Ultra porfaaa..!! Y link o pagina para conseguirlo..!! Saludo genios,4,0,2024-07-01 02:54:45+00:00,111,16,False
UgyQgK7VqhWl9PKH6l94AaABAg,m1s3P_3MhUA,UCok_yhjwg4WSx3s_2Yh8ZjQ,No dijeron nada del tele macro Hace unas fotonas con el tele macro y me ofende que un canal tan grande haya dejado pasar eso 😡😡😡😡,12,1,2024-07-01 02:48:11+00:00,129,26,False
UgwMEYs27Og8eThw6xR4AaABAg,m1s3P_3MhUA,UCok_yhjwg4WSx3s_2Yh8ZjQ,Estoy pensando conseguir un vivo pero tengo una duda. Vivo Tiene alguna opción de segundo espacio como los xiaomi?,2,1,2024-07-01 02:16:30+00:00,114,19,True
UgxovP7E0tVUdQUvr3t4AaABAg,m1s3P_3MhUA,UCok_yhjwg4WSx3s_2Yh8ZjQ,Una buena referencia para una compra... Gracias Chicos 😊,2,0,2024-07-01 06:01:23+00:00,56,9,False
Ugyqo5Ng076SVVdToBV4AaABAg,m1s3P_3MhUA,UCok_yhjwg4WSx3s_2Yh8ZjQ,"Hola topes de gama. No vivo en epsaña pero miradon las fotos que toman de los lugares jajajaja encontre donde graban, internet ahora si que tiene mucha informacion. c. del alto del retiro. Saludos desde Canada",2,0,2024-06-30 23:36:48+00:00,209,36,False
UgyAiiNIPlXz2HXfgzB4AaABAg,m1s3P_3MhUA,UCok_yhjwg4WSx3s_2Yh8ZjQ,Tengo un X100 Pro y estoy ultra satisfecho!!!,2,2,2024-06-30 23:12:14+00:00,45,8,False
UgzM-cPNX85spJUA2il4AaABAg,m1s3P_3MhUA,UCok_yhjwg4WSx3s_2Yh8ZjQ,Perdón!! COLOR OS No es de Vivo pero de Oppo y Oneplus . Vivo con la versión chiná tiene Origin OS.,15,0,2024-06-30 23:07:49+00:00,99,21,False
UgyvSKgmv79SuvETJlN4AaABAg,m1s3P_3MhUA,UCok_yhjwg4WSx3s_2Yh8ZjQ,Porque los iPhone cambian un montón el diseño de un año para otro 😂,4,2,2024-06-30 22:40:27+00:00,67,14,False
UgwfYWcf4piJHQYUAAN4AaABAg,m1s3P_3MhUA,UCok_yhjwg4WSx3s_2Yh8ZjQ,Llevo días comentado qué hay del v40 lite?,2,0,2024-06-30 22:24:52+00:00,42,8,True
UgzAQV6dIFuHJxpgIgZ4AaABAg,m1s3P_3MhUA,UCok_yhjwg4WSx3s_2Yh8ZjQ,Una comparación con el Honor Magic 6 Pro,2,0,2024-06-30 22:20:30+00:00,40,8,False
Ugy2Y_c41Uoey8W72YV4AaABAg,m1s3P_3MhUA,UCok_yhjwg4WSx3s_2Yh8ZjQ,"X100 pro? Pero si ese teléfono es de hace 6 meses, actualicense, ya esta el ULTRA",7,1,2024-06-30 21:20:42+00:00,81,16,True
UgxQI9gw6jK9Ng6xwh14AaABAg,m1s3P_3MhUA,UCok_yhjwg4WSx3s_2Yh8ZjQ,Compararlo vs el Pixel 8Pro Saludos 👋🏻,0,0,2024-06-30 23:33:14+00:00,38,7,False
UgweJPsR-af_wQr_Xex4AaABAg,m1s3P_3MhUA,UCok_yhjwg4WSx3s_2Yh8ZjQ,2Megapixels un bestia!! El Vivo X100 Pro o One Plus 12? Cuál me compro?,1,0,2024-07-01 11:00:01+00:00,71,14,True
Ugy1zqjsd5ey5WKBjXd4AaABAg,m1s3P_3MhUA,UCok_yhjwg4WSx3s_2Yh8ZjQ,"Si se compra por alli express , se puede utilizar en España ? Que inconvenientes tendría?",0,1,2024-10-14 17:30:02+00:00,89,16,True
UgzAX4_-zN8G4EayDel4AaABAg,m1s3P_3MhUA,UCok_yhjwg4WSx3s_2Yh8ZjQ,Y eso el Vivo X100 Ultra ese Si destroza a esos iPhone y Samsung de Turno,1,0,2024-07-01 14:03:38+00:00,73,16,False
UgwW02ENii5C6CwcYKJ4AaABAg,m1s3P_3MhUA,UCok_yhjwg4WSx3s_2Yh8ZjQ,"Lastima si no llega a España, menos a Venezuela",1,0,2024-07-02 12:08:20+00:00,47,9,False
UgxijfPuTcHnQupv5Ux4AaABAg,m1s3P_3MhUA,UCok_yhjwg4WSx3s_2Yh8ZjQ,"Payasos este es un terminal que viene casi en un 99% en español si lo quieres , no entiendo la mofa por querer traducir",0,0,2024-07-02 07:13:39+00:00,119,24,False
Ugyr5nsx-aiOJ5WLkL94AaABAg,m1s3P_3MhUA,UCok_yhjwg4WSx3s_2Yh8ZjQ,La review del Alcatel One Touch Easy para cuando? 😂,1,0,2024-07-02 04:40:06+00:00,51,10,True
Ugx8K0iuhQp-MUbzFS14AaABAg,m1s3P_3MhUA,UCok_yhjwg4WSx3s_2Yh8ZjQ,Puede ser que estos moviles no lleguen a europa por los impuestos que les estan poniendo a ciertos productos chinos? Espero que en el futuro no siga pasando lo mismo,0,0,2024-07-01 13:22:33+00:00,165,30,True
UgxcABEHA-lbcQmGGWZ4AaABAg,m1s3P_3MhUA,UCok_yhjwg4WSx3s_2Yh8ZjQ,"En serio...no veo la hora de que analicen el Ultra, he visto muchos Review en otros canales de este dispositivo pero igual soy muy fan de ustedes, quiero que reaccionen a esa cámara ya!!!!",1,0,2024-07-01 23:52:21+00:00,188,34,False
Ugzm6DnjLuHEpoZxOGh4AaABAg,m1s3P_3MhUA,UCok_yhjwg4WSx3s_2Yh8ZjQ,Y lo anuncian en la Eurocopa...lo de Vivo es de risa,1,0,2024-07-01 22:55:55+00:00,52,11,False
Ugy0YA8yfkLzdWZ6PlR4AaABAg,m1s3P_3MhUA,UCok_yhjwg4WSx3s_2Yh8ZjQ,Hay algo de móvil en esta cámara de fotos 👀,4,0,2024-07-01 19:37:06+00:00,43,10,False
UgzrPRtJoesKgz21TDt4AaABAg,m1s3P_3MhUA,UCok_yhjwg4WSx3s_2Yh8ZjQ,"Muy buen video de review de este modelo de VIVO. Me gustaría (aparte de tener 1000 pavos) que pudieran comparar sobretodo las fotografías con el reciente Sony Xperia 1, del cual hicieron ya su respectiva review. Saludos desde Argentina. 👍",1,0,2024-07-02 02:38:15+00:00,238,40,False
Ugx3XhTwayMIpcET5054AaABAg,m1s3P_3MhUA,UCok_yhjwg4WSx3s_2Yh8ZjQ,Viéndolo desde mi vivo X100 pro 👌,0,2,2024-07-01 17:51:04+00:00,33,7,False
UgwP5xMoLcnHK9scU8x4AaABAg,m1s3P_3MhUA,UCok_yhjwg4WSx3s_2Yh8ZjQ,"Se equivocaron con lo de la capa de personalización. No es Color Os, sino OriginOS 🤦🏻‍♂️",0,0,2024-07-01 16:07:24+00:00,88,16,False
UgwubYL4bJyvqM5Zy5J4AaABAg,m1s3P_3MhUA,UCok_yhjwg4WSx3s_2Yh8ZjQ,La review que no me esperaba!,3,0,2024-07-01 16:03:25+00:00,29,6,False
Ugyzyf8LacEiROGXT0Z4AaABAg,m1s3P_3MhUA,UCok_yhjwg4WSx3s_2Yh8ZjQ,Y pq si habeis probado la cámara del 100 Ultra no hicieron un Review😮,4,2,2024-07-01 16:00:18+00:00,69,14,False
UgygsHJNl9HRpeZ_typ4AaABAg,m1s3P_3MhUA,UCok_yhjwg4WSx3s_2Yh8ZjQ,"No me ha gustado tanto el video, creo que hay otros que graban mejor pero sin duda la fotografía es su punto fuerte Edit: Hablo del teléfono😂",2,0,2024-07-01 14:37:30+00:00,141,27,False
UgxzxxYXAaYtkoTwA3l4AaABAg,m1s3P_3MhUA,UCok_yhjwg4WSx3s_2Yh8ZjQ,por q el titulo no dira q es una camara q se come al iphone? sera q les son fanboys.... jajaja,2,0,2024-07-01 14:28:20+00:00,94,21,True
UgzSyc3tr0AHieeyiFB4AaABAg,m1s3P_3MhUA,UCok_yhjwg4WSx3s_2Yh8ZjQ,Una locura este Vivo.,1,0,2024-07-01 18:51:02+00:00,21,4,False
UgywC9i9FuAC2KzahzR4AaABAg,HmFgt3_ig5Y,UCzMudau5-HbpU64Q1PIjEpw,"Que nivel de diseño, muy pro y muy buena pantalla",1,0,2026-03-16 20:04:25+00:00,49,10,False
Ugy38ognqcOjOrROnOd4AaABAg,HmFgt3_ig5Y,UCzMudau5-HbpU64Q1PIjEpw,"Me encantan sus cámaras, locura, si que vale la este teléfono.",0,1,2026-03-16 20:05:48+00:00,62,11,False
UgwWQj9faKlJ5iYovvZ4AaABAg,HmFgt3_ig5Y,UCzMudau5-HbpU64Q1PIjEpw,Entre un Samsung S25 plus y un vivo X100 pro??,0,0,2026-04-11 03:23:27+00:00,46,10,True
Ugyt20ZYFZebyCUIUm14AaABAg,HmFgt3_ig5Y,UCzMudau5-HbpU64Q1PIjEpw,"Hola hermano Me están cambiando un Vivo x100 pro por mi OnePlus 13 El vivo viene con 512 y 16 de ram, por mi 1+ de 256 y 12 pero batería al 100 y el vivo tiene 93",0,1,2026-04-28 06:24:19+00:00,162,38,False
Ugwrxyr-rFbnnYKEX8N4AaABAg,HmFgt3_ig5Y,UCzMudau5-HbpU64Q1PIjEpw,Yo aún lo tengo porque no lo he podido vender :),0,1,2026-08-13 03:34:40+00:00,48,11,False
UgyLFvt58RFyhkZheUV4AaABAg,HmFgt3_ig5Y,UCzMudau5-HbpU64Q1PIjEpw,me venden unos en excelentes condiciones en 10500 mx,0,1,2026-08-06 19:02:51+00:00,52,9,False
UgyZXQHhmZ_soEKYfP14AaABAg,HmFgt3_ig5Y,UCzMudau5-HbpU64Q1PIjEpw,yo lo tuve y si es demasiado bueno actualmente tengo el vivo x300 pro :),1,2,2026-04-30 01:42:24+00:00,72,15,False
UgyBSMbny7mkG1YfSXd4AaABAg,OY5wudCC4Kw,UCzMudau5-HbpU64Q1PIjEpw,Gracias por traer equipos gama altas antiguos que aún valen la pena 👊🏻🔥.,0,0,2026-05-14 02:47:40+00:00,72,13,False
UgyWJY5nFn9mas3Qo6B4AaABAg,OY5wudCC4Kw,UCzMudau5-HbpU64Q1PIjEpw,Disculpa por el precio de $440 dolares sigue siendo viable o ya no ?,0,0,2026-08-21 17:17:13+00:00,68,14,True
UgybrANtNDLdG6RWg7x4AaABAg,OY5wudCC4Kw,UCzMudau5-HbpU64Q1PIjEpw,Son mejores los gama alta de hace 3 años o 4 años a comparación de gamas media nuevos mucho más caros y con menos características que por menos se consigue con estos gama alta que se siguen llevando de calle a muchos de gama media alta actuales y que son más costosos y que no llenan porque vienen recortados limitados a comparación de un gama alta con funciones premium,0,0,2026-05-17 00:10:20+00:00,370,69,False
UgxsnKZjJ7NignsgOaV4AaABAg,dorMdymqUk4,UCcyiip8kPJNpovB-g12wV1g,Crees que usar el teléfono solo como cámara para viajes sea una buena opción?🤔🧐 Aunque la ultrawide angular no me gusta para nada en este ni en ningún móvil prefiero una action camera 😢,1,0,2023-12-11 18:17:47+00:00,185,34,True
UgyQxkkYKKHPl424XeN4AaABAg,dorMdymqUk4,UCcyiip8kPJNpovB-g12wV1g,tambien recomendacion para las notificaciones: abre ajustes de la app/permisos/todos los permisos/activen el arranque e inicio automatico y demas que sean relacionadas,6,1,2023-12-10 15:55:43+00:00,167,22,False
UgxjzTMqSg2ICDiTzvB4AaABAg,dorMdymqUk4,UCcyiip8kPJNpovB-g12wV1g,"tendrá modo profesional de video, así como log o raw, no encuentro esa info por ningún lado...",0,0,2023-12-12 17:36:40+00:00,94,17,False
UgyYECfdulfbIT7r8bF4AaABAg,dorMdymqUk4,UCcyiip8kPJNpovB-g12wV1g,como va de bateria con 5400mah ???? horas de pantalla??,0,0,2023-12-12 17:39:36+00:00,55,10,True
UgyWPfEu8rsE107L7EZ4AaABAg,dorMdymqUk4,UCcyiip8kPJNpovB-g12wV1g,Excelente recomendaciones. Una pregunta Que marca y modelo de micro usas ?,0,0,2023-12-12 23:04:33+00:00,74,12,True
UgzpgzB-5Yy6ZvuQPD54AaABAg,dorMdymqUk4,UCcyiip8kPJNpovB-g12wV1g,"Cual recomendarías, vivo x100 pro vs samsung s23 ultra vs one plus 12",1,2,2023-12-13 15:59:05+00:00,69,13,False
Ugxzkl-ifM_mrwi_GFl4AaABAg,dorMdymqUk4,UCcyiip8kPJNpovB-g12wV1g,Cuano sandra la version globlan?,0,0,2023-12-13 17:41:40+00:00,32,5,True
Ugz7mcSwz_hOOrMx8W94AaABAg,dorMdymqUk4,UCcyiip8kPJNpovB-g12wV1g,"Soy fotógrafo quero desir xiaomi 13 pro, 14, =una cámara natural muy buena, móvil muy cómodo y rápido , y mi gusta vivo, lo espera version global para tener los dos",0,0,2023-12-14 01:56:57+00:00,164,31,False
Ugw54bOEBaNcfujIfYV4AaABAg,dorMdymqUk4,UCcyiip8kPJNpovB-g12wV1g,es cierto que se cuando actualizas se pierde el idioma español ??,1,1,2023-12-15 04:47:09+00:00,65,12,True
UgydJzszXW-kU2NVO054AaABAg,dorMdymqUk4,UCcyiip8kPJNpovB-g12wV1g,"Hola Miguel. Lo acabo de recibir y te puedo decir que es una locura de camara, superando al p60 pro..... Tan solo me pasa que youtube se me queda pillado a los 15-20 segundos. Te suena?",0,1,2023-12-16 21:18:45+00:00,185,36,True
Ugza_KR6RCn3fKSAOQt4AaABAg,dorMdymqUk4,UCcyiip8kPJNpovB-g12wV1g,"Muchas gracias, si la verdad es que las room chinas con el ahorro de batería bse pasan lo sufri con el Oppo X3 PRO(me ahorraba 300€) , pero una vez averiguado funciono a las mil maravillas",1,0,2023-12-12 15:33:23+00:00,188,36,False
Ugw1oaX-AXpNwq_GufJ4AaABAg,dorMdymqUk4,UCcyiip8kPJNpovB-g12wV1g,Yo tampoco consigo que me lleguen las Notificaciones de nada salvo de whatsapp. No lo. Entiendo,0,2,2023-12-17 09:40:29+00:00,95,16,False
UgwyiPdHucWSdeTl2Td4AaABAg,dorMdymqUk4,UCcyiip8kPJNpovB-g12wV1g,Buen video Pregunta. Es muy grande la pantalla del vivo x note funcionara bien en España,0,0,2023-12-20 19:58:04+00:00,88,16,False
UgzRVTk4oVLVebcqbft4AaABAg,dorMdymqUk4,UCcyiip8kPJNpovB-g12wV1g,"El Iqoo 11 Pro que no lo hay global trae todas las bandas. Mi anterior X50 Pro, no tenia la banda 20 y 0 problemas de cobertura.",0,0,2023-12-21 17:43:24+00:00,128,27,False
UgxK3X9mSuOko8uIbuN4AaABAg,dorMdymqUk4,UCcyiip8kPJNpovB-g12wV1g,Quiero ver cuando pruebes el One plus 12 para ver si compro el One o el Vivo,2,2,2023-12-22 09:26:35+00:00,76,17,False
UgxruPp-l4OkdF19zDV4AaABAg,dorMdymqUk4,UCcyiip8kPJNpovB-g12wV1g,"A mí que no tenga android auto me mata la verdad , no habrá opción de ponérselo?",0,0,2023-12-23 13:10:20+00:00,80,17,True
Ugx1mGkrXcK5U3ULa8d4AaABAg,dorMdymqUk4,UCcyiip8kPJNpovB-g12wV1g,La cámara está al nivel del pixel 8 pro?,0,4,2023-12-23 18:45:50+00:00,40,9,True
UgzsB_ZpPkJWJyCjpal4AaABAg,dorMdymqUk4,UCcyiip8kPJNpovB-g12wV1g,No sabes cómo poner que el buscador o cundo quieras abrir links que se a solo con Google!,0,0,2023-12-23 19:44:43+00:00,89,18,False
UgxjuWteG7waE6PkcsB4AaABAg,dorMdymqUk4,UCcyiip8kPJNpovB-g12wV1g,Qué tal Miguel Muchas gracias a tu video ya tengo en mis manos mi vivo x100 Pro que llegó el día de hoy a México ya lo estoy probando contra mí s23 Ultra Y de verdad que le gana y quedé asombrado,2,6,2023-12-28 23:31:54+00:00,195,42,False
UgwkQc10pRkMQJxO8rt4AaABAg,dorMdymqUk4,UCcyiip8kPJNpovB-g12wV1g,El modelo está fantástico y el módulo de cámaras increíble,1,0,2023-12-28 23:32:15+00:00,58,10,False
UgzOyfxSaunODpYEWax4AaABAg,dorMdymqUk4,UCcyiip8kPJNpovB-g12wV1g,Para hacernos una idea... La pantalla a qué otro dispositivo se aproxima???,0,0,2023-12-17 23:08:15+00:00,75,12,True
Ugzua9RHer5RLGyKnT54AaABAg,dorMdymqUk4,UCcyiip8kPJNpovB-g12wV1g,"Voy a China en mayo y lo compraré allí, podré sacarlo en unos 600€ al cambio. Me has resuelto varias dudas, mil gracias por el contenido! Si para esa fecha ya ha salido el X100 Pro Plus será el que caiga, pero este pinta increíble también.",3,2,2023-12-12 09:09:58+00:00,239,46,False
UgxsAQjrCnegmAQHwlB4AaABAg,dorMdymqUk4,UCcyiip8kPJNpovB-g12wV1g,Ojalá salga Review del muerto -100 anti,0,0,2023-12-12 05:09:48+00:00,39,7,False
UgxVY0B5QOxGX52MUpx4AaABAg,dorMdymqUk4,UCcyiip8kPJNpovB-g12wV1g,al comprar con versión china tema garantía tienen o no? y si tienen como funcionan porque me imagino que tendrías que mandar a china no? y luego el tema de si tiene un wear funcionan bien o fallan?,1,1,2023-12-12 00:28:06+00:00,197,38,True
Ugw6o96JQw2ZFJZupLJ4AaABAg,dorMdymqUk4,UCcyiip8kPJNpovB-g12wV1g,"Pido mejor compacto pequeño del mundo hoy en día da igual precio, pd:también estoy flipando un poco con el x100 pro",0,0,2023-12-10 06:00:57+00:00,115,21,False
UgzTMw9aVMJdm-X1x8d4AaABAg,dorMdymqUk4,UCcyiip8kPJNpovB-g12wV1g,"Hay que matizar, las notificaciones es cierto que ajustandolas llegan todas y a tiempo. Pero la previsualizacion de estas en la ventana flotante no llegan en las apps tipicas de gmail, telegram o whatsapp. Solo ves la previsualizacion a partir de un segundo mensaje de un contacto distinto.",0,3,2023-12-10 09:20:39+00:00,290,48,False
UgyT1zmVjNW8UOeA4HF4AaABAg,dorMdymqUk4,UCcyiip8kPJNpovB-g12wV1g,hola crack me encantan tus vídeos y la forma q pruebas las cámaras y los smartphones q traes...vas a probar el reame gt5 pro..? ojalá lo hagas saludos desde Argentina...,1,1,2023-12-10 13:07:39+00:00,169,30,True
Ugyoh3RbFP0JWQYDdXJ4AaABAg,dorMdymqUk4,UCcyiip8kPJNpovB-g12wV1g,"Hola,estoy por comprarlo en la página web que recomiendas,sabes como funciona la garantía? Saludos",1,1,2023-12-10 14:54:43+00:00,98,14,True
UgwNLJ5ht8zcWR-ubSt4AaABAg,dorMdymqUk4,UCcyiip8kPJNpovB-g12wV1g,"yo tengo el vivo x fold 2 y vaya que vivo hace grandiosos equipos, me encanta que aun siendo rom china, son de los pocos que si añaden español, lo facil que es usarlo y su estetitca, sin bugs realmente",0,1,2023-12-10 15:52:42+00:00,201,40,False
Ugx8Lr3P1-tNLgiIM_N4AaABAg,dorMdymqUk4,UCcyiip8kPJNpovB-g12wV1g,"Una pregunta ¿cuanto te tardo en llegar, una vez que lo pediste?",0,1,2023-12-10 00:09:51+00:00,64,12,True
UgxjhHvWjZOASs6bnBB4AaABAg,dorMdymqUk4,UCcyiip8kPJNpovB-g12wV1g,"En tu opinión personal, crees que el vivo esta por encima del Xiaomi 14 pro en cuestión de cámara? O mejor dicho, si tuvieras que elegir entre Xiaomi y vivo, en general, que elegirías?",0,1,2023-12-10 16:24:02+00:00,184,34,True
UgwnVEGlCOpUtuhp8WJ4AaABAg,dorMdymqUk4,UCcyiip8kPJNpovB-g12wV1g,"Espero puedas contestar esta pregunta, honestamente , En este momento pudo comprar el Mate 60 pro o el Vivo 100 pro cual me recomiendas de estás dos maquinas",1,1,2023-12-11 00:52:57+00:00,157,28,False
UgxQiBYZAxncVoudMyV4AaABAg,dorMdymqUk4,UCcyiip8kPJNpovB-g12wV1g,Confirmado vivo x100 y Pro Versión Global este jueves 14 de diciembre.,1,0,2023-12-11 01:03:02+00:00,70,12,False
Ugx9qSq6b-rmYvuBG4p4AaABAg,dorMdymqUk4,UCcyiip8kPJNpovB-g12wV1g,"Hermano me espero a que saga la global? Lo acabo de comprar por Internet, y vi que ya saldrá la versión global en esta semana. Será prudente cancelar y esperarme? O sí vale la pena esta versión? :(",1,7,2023-12-11 06:06:44+00:00,197,38,True
Ugyd_ms4ZjGLqNrZv0l4AaABAg,dorMdymqUk4,UCcyiip8kPJNpovB-g12wV1g,"El un telefonazo en mayúscula. Creo que lo importante, como dices en el vídeo es saber si te es relevante la banda 20. Personalmente creo q si llegamos a desembolsar 800e, creo que esperaría a la versión global, aunque me tenga q esperar que caiga de precio, pero tener mas años de garantía y tener la opción de enviarlo a una tienda ""local"" (España). Si fuera menos, ok. Por último y lo más importante, felicidades por el contenido. Se te ha visto con este terminal desde el minuto 1 disfrutar, te ha sorprendido. Me parece extraordinario la transición entre lentes, fluidas sin salto o cambio, con una transición q si cabe te acompañan a ese viaje de perspectiva, léase algo como hace iPhone pero la sensación es un poco más harmonico (puede ser efecto placebo de no verlo tan frecuente).",0,1,2023-12-11 09:02:22+00:00,790,140,False
UgwzGitGwDP258SPI914AaABAg,dorMdymqUk4,UCcyiip8kPJNpovB-g12wV1g,"VIVO es una marca con poco Hype, pero que en términos globales rinde como una bestia, especialmente la cámara.",24,2,2023-12-11 16:35:29+00:00,110,19,False
UgyMiRA0alelCFahyaN4AaABAg,dorMdymqUk4,UCcyiip8kPJNpovB-g12wV1g,Tiene mejor autonomía que el iPhone 15 Pro max y que El 23 ultra?,0,1,2023-12-11 18:08:46+00:00,65,14,True
UgwuHYlKZCYNDoQhL1x4AaABAg,dorMdymqUk4,UCcyiip8kPJNpovB-g12wV1g,Perdón Miguel tu que sos entendido en el tema de móviles a la hora de vender el vivo se puede recuperar un poco el dinero invertido o dentro de los móviles Android será que tenga menos valor de reventa que otras marcas ?muchas gracias pero es una pasta lo que valen los móviles ahora un saludo,0,2,2023-12-09 23:34:20+00:00,293,56,True
UgxBh3XCXZJJoIgy2mN4AaABAg,dorMdymqUk4,UCcyiip8kPJNpovB-g12wV1g,muy buena! a mi lo que me funciona para las notis es ir a información de la aplicación y en todos los permisos activar el inicio automático y arranque (si lo tiene),0,0,2023-12-09 21:52:45+00:00,164,32,False
UgxW-cD6UJ0Wf-I3C254AaABAg,dorMdymqUk4,UCcyiip8kPJNpovB-g12wV1g,Tengo unas preguntas: Las nanoalertas ya son compatibles con apps de Google y meta? Las notificaciones occidentales ya salen en always on display en OriginOS 4?,0,0,2023-12-11 22:24:41+00:00,160,26,True
Ugx0mILhSvAyTCWJPDp4AaABAg,dorMdymqUk4,UCcyiip8kPJNpovB-g12wV1g,Que buena máquina!! ¿Y como se pone en Español?,0,1,2023-12-09 18:55:10+00:00,47,9,True
Ugz0y-hayPQCi2fxDbR4AaABAg,dorMdymqUk4,UCcyiip8kPJNpovB-g12wV1g,Alguien que me diga por qué tienda online se puede pedir un vivo o un iqoo con la versión de Fountouch OS....por que en AliExpress solo con Origin Os aparecen,0,1,2023-12-09 18:50:35+00:00,158,30,False
Ugwjdm9wNg3iCWN5j8J4AaABAg,dorMdymqUk4,UCcyiip8kPJNpovB-g12wV1g,En el AOD también te llegan las notificaciones 😂?,0,0,2023-12-09 18:29:07+00:00,49,9,True
UgyxwBN0P3BYiuqhy8B4AaABAg,dorMdymqUk4,UCcyiip8kPJNpovB-g12wV1g,Deberías hacer un vídeo de cómo quitar las funciones chinas,3,0,2023-12-29 11:39:10+00:00,59,10,False
Ugw_LVWQhpyDgiOmZ0d4AaABAg,dorMdymqUk4,UCcyiip8kPJNpovB-g12wV1g,En mi caso tengo el vivo X100 pro y la verdad que si es un tema el no contar con algunas funciones android en especifico Android Auto. Si lo ocupas no lo compres realmente,2,0,2024-01-02 00:09:16+00:00,171,34,False
Ugy4ARR0PMrl5LEUtfl4AaABAg,dorMdymqUk4,UCcyiip8kPJNpovB-g12wV1g,"Muchas gracias por este video. Me voy a pensar muy bien si comprarlo directamente a China o no más que nada por la diferencia de precio. Al fin y al cabo, lo único que no funciona es el Android Auto, cosa que no uso y el tema las notificaciones, cosa que has explicado como solucionar. El tema de Google Wallet me preocupa, pero si te ha funcionado a ti tanto para pagar como para sacar dinero pues arreglado también. Me gustaría saber donde funciona la banda B20 y donde no para saber en qué medida me podría afectar habitualmente, pero no he encontrado ninguna web, quizá por no saber bien como buscarla. Muchas gracias por este vídeo, me van a salir caras tus reviews con tanto hype😂",2,0,2024-01-02 15:32:53+00:00,686,127,False
Ugy92datAKHEniXhnF94AaABAg,dorMdymqUk4,UCcyiip8kPJNpovB-g12wV1g,A mi no me funciona Google Pay con ningún banco,0,2,2024-01-04 12:11:24+00:00,47,10,False
UgzTAWndeZw--AR7nGh4AaABAg,dorMdymqUk4,UCcyiip8kPJNpovB-g12wV1g,"Oye hermano excelente video! Una consulta, ¿cómo puedo eliminar V-Appstore? Es la única aplicación que no pude eliminar :""(",0,0,2024-03-14 20:30:57+00:00,123,19,True
Ugy7DKY1nHwva3Utt5p4AaABAg,dorMdymqUk4,UCcyiip8kPJNpovB-g12wV1g,"En la versión global tendrá el mismo problema con las notificaciones?, y entré la versión global y la versión china no habrá diferencia en las cámaras verdad?",1,1,2024-03-24 19:47:42+00:00,158,27,True
Ugww0jMBLuhd48Ikm1J4AaABAg,dorMdymqUk4,UCcyiip8kPJNpovB-g12wV1g,"Este teléfono es brutal, espero que en menos de 1 año pueda comprármelo, el desempeño de las cámaras , es una pasada, siempre veo tutoriales de teléfonos, es mi pasatiempo favorito, que pedazo de celular👌",1,0,2024-04-06 01:05:50+00:00,204,35,False
UgxIzDG6KbY9IHMM8th4AaABAg,dorMdymqUk4,UCcyiip8kPJNpovB-g12wV1g,Hola alguien me puede ayudar a quitar las noticias que estan del lado izquierdo se la pantalla principal? He buscado en todos oados y no logro quitarlas,0,0,2024-04-21 08:26:22+00:00,152,27,True
Ugw5nBKDjYdRrrf20mN4AaABAg,dorMdymqUk4,UCcyiip8kPJNpovB-g12wV1g,"Galaxy Watch 6 imposible de emparejarlo con el Vivo X100 PRO, alguna solucion?",1,1,2024-04-23 16:01:08+00:00,78,13,True
UgzZmwLtQsJtCJxCwlF4AaABAg,dorMdymqUk4,UCcyiip8kPJNpovB-g12wV1g,Hola no hay problema si lo compro por Aliexpress para usar las redes 4g en Argentina?,0,0,2024-05-10 12:01:27+00:00,85,16,True
Ugy1guRpPhuocn_8HVh4AaABAg,dorMdymqUk4,UCcyiip8kPJNpovB-g12wV1g,Argumenta no comprar ese terminal entonces no veré tu VIDIO esos títulos tan mediocres se m hacen d pésimo gusto obvio lo haces para ganar dinero monetizar xq aun mucha gente no entiende Q al tener muchas vistas y likes en tus videos t paga YouTube xq no eres honesto y lo explicas o mejor aun t buscas un trabajo correcto con sus 8 horas o 12 horas d línea a sábado como un médico en lugar dsr información engañosa,1,0,2024-05-17 08:19:37+00:00,415,80,False
Ugz_G0Zo3v_N3xt1trR4AaABAg,dorMdymqUk4,UCcyiip8kPJNpovB-g12wV1g,Excelente video!!! Tienes algún problema con conexió relojes inteligente?,0,0,2024-05-21 17:22:43+00:00,73,9,True
UgyiiI4Cv8m7ZO06vuB4AaABAg,dorMdymqUk4,UCcyiip8kPJNpovB-g12wV1g,"Estoy detras de movil, pero el tema de aduanas es lo que me preocupa.. tuviste algun problema?",0,1,2023-12-10 00:39:30+00:00,94,17,True
UgxcIOzBhftfUuVegIF4AaABAg,dorMdymqUk4,UCcyiip8kPJNpovB-g12wV1g,Hola alguien sabe si puedo tener wear os en este móvil,0,0,2024-05-25 00:26:31+00:00,54,11,False
UgzXMXYkQFIPey0FFTR4AaABAg,dorMdymqUk4,UCcyiip8kPJNpovB-g12wV1g,Han tenido problemas al usar Netflix??he visto que en ciertos modelos no se puede ver en HD,0,0,2024-06-10 05:50:56+00:00,91,17,True
Ugza1cduf50WO8CRSMB4AaABAg,dorMdymqUk4,UCcyiip8kPJNpovB-g12wV1g,"Hola una duda: Hace un par de días que me llegó el Vivo x100 pro pero no puedo activar el cajón de aplicaciones que en la versión global de mi anterior x80 pro podía hacerlo deslizando hacia arriba y aparecían mis apps instaladas y los widgets. Ahora lamentablemente tengo todas las apps en la pantalla de inicio y se ve ""sucio"", en la versión CN no he podido habilitarlo... Hay algún modo de activarlo?",0,1,2024-07-15 16:35:22+00:00,403,74,True
UgzNxtVET_-CSGO5rT94AaABAg,dorMdymqUk4,UCcyiip8kPJNpovB-g12wV1g,"la B20 es de 800 Mhz, es supuestamente la que permite hablar en 4G en lugares de baja cobertura. No te ha dado fallo de conexión al salir al campo o en ascensores y sotanos?",0,0,2024-07-18 10:46:19+00:00,173,35,True
UgwCOzHFM6Gb0JYogaN4AaABAg,dorMdymqUk4,UCcyiip8kPJNpovB-g12wV1g,¿Donde se le pueden comprar los accesorios?,0,0,2024-07-27 00:02:13+00:00,43,7,True
UgxbV1sB9wZ7GcUGBmt4AaABAg,dorMdymqUk4,UCcyiip8kPJNpovB-g12wV1g,"Pregunta, se puede descargar la play store en su tienda de aplicaciones en ese vivo?",0,0,2024-08-05 04:26:04+00:00,84,15,True
Ugxk1UlWCKz-4cYfaNx4AaABAg,dorMdymqUk4,UCcyiip8kPJNpovB-g12wV1g,"Use el link de compra que pusiste y nunca me llegó, tuve que reportar a Paypal la compra y tardaron 2 meses en regresar el dinero :/",0,1,2024-08-11 04:10:59+00:00,132,27,False
UgwpjGhMOLFYpjwhael4AaABAg,dorMdymqUk4,UCcyiip8kPJNpovB-g12wV1g,Pues en mi oppo reno tenvo android auto sin problelma y es chino,0,1,2024-09-12 16:07:38+00:00,64,13,False
Ugym6sNxE2Kqy2DNYER4AaABAg,dorMdymqUk4,UCcyiip8kPJNpovB-g12wV1g,Hola una pregunta pueden llegar notificación flotantes apagada la pantalla de un vivo x100,0,0,2025-02-03 22:35:18+00:00,90,14,False
UgzOGw30VtBf6jLaQZ14AaABAg,dorMdymqUk4,UCcyiip8kPJNpovB-g12wV1g,"Ya vivo con estas cosas con el Realme que tengo de China hace 2 años. Pero vaya que me será útil este vídeo ya que con mi pareja tenemos 2 bestias en camino de China, el OPPO Find X6 y para mi el Vivo X100 normal❤",0,0,2024-06-07 00:18:14+00:00,213,46,False
UgwkTy5AiIAFVThPBfV4AaABAg,dorMdymqUk4,UCcyiip8kPJNpovB-g12wV1g,"no me gusta , el teclado :",0,0,2024-03-02 16:14:10+00:00,26,7,False
Ugw5-320hZgP29BiEmh4AaABAg,dorMdymqUk4,UCcyiip8kPJNpovB-g12wV1g,"Buenas noches (10:59 p.m. - Lunes, 11 de marzo de 2024) Muchas gracias por está Reviews. He comprado mí primer móvil chino caro y fue la información muy influyente para la adquisición. Compré la versión china en color blanco de 16GB/512GB. Saludos, desde la República de Panamá!!!",0,0,2024-03-12 03:59:23+00:00,280,47,False
UgyQh9yrcIKXPRbZDnB4AaABAg,dorMdymqUk4,UCcyiip8kPJNpovB-g12wV1g,"Hola, alguien sabe si la versión china de este dispositivo también viene con idioma español?",2,7,2024-02-17 02:17:00+00:00,92,15,True
UgyQDi4l7-ZlupbirMd4AaABAg,dorMdymqUk4,UCcyiip8kPJNpovB-g12wV1g,Dónde puedo comprar una mica o proyector?,0,0,2024-01-05 07:55:37+00:00,41,7,True
UgxMS_b_ltwou8u1kYV4AaABAg,dorMdymqUk4,UCcyiip8kPJNpovB-g12wV1g,Tiene carga inalámbrica la versión china?,0,0,2024-01-07 07:42:23+00:00,41,6,True
Ugxm1-lV8kHcMQ1dAvZ4AaABAg,dorMdymqUk4,UCcyiip8kPJNpovB-g12wV1g,Estuve viendo el video y no encontre cuanto le dura la pila.. tendras ese dato para proporcionar?,0,0,2024-01-09 00:35:35+00:00,97,17,True
UgwH-WhbVZr7bCI4eBt4AaABAg,dorMdymqUk4,UCcyiip8kPJNpovB-g12wV1g,"Vi que quitaste la aplicacion de vivo que te aparece al deslizar la pantalla a la derecha, como le hiciste? Estoy busque y busque y no encuentro.",1,0,2024-01-10 16:21:03+00:00,145,27,True
UgwkVu9EBbt9TRosxy94AaABAg,dorMdymqUk4,UCcyiip8kPJNpovB-g12wV1g,"My answer is with google translater. I'm sorry. vídeo muy interesante. Escuché que el dispositivo llegará oficialmente a Europa, incluida Austria. Mi pregunta es si el x100pro llega a Europa, por ejemplo a Austria o España (soy de Alemania), tiene que funcionar Android Auto sin problemas o estoy viendo esto mal. Me gustaría agradecerle de antemano su respuesta. Gracias",0,0,2024-01-14 19:38:16+00:00,371,59,False
UgzXjQnQ6IAF21GV9dt4AaABAg,dorMdymqUk4,UCcyiip8kPJNpovB-g12wV1g,"Respecto lo de las notificaciones de aplicaciónes. Falta un 3er paso. Al app que quieras debes permitirle el inicio automático. Cuando apagas el celular o se reinicia algunas apps se quedan dormidas y arrancan hasta que las usas, entonces hay que cambiar esa configuración. En general he notado a VIVO bueno pero oe falta un pelín de algo, no se que es",1,2,2024-01-15 01:47:06+00:00,352,62,False
UgxN1nx_GqyOrW-vrt14AaABAg,dorMdymqUk4,UCcyiip8kPJNpovB-g12wV1g,Buenas. Si se puede poner Google feed con Nova Launcher. Por si alguien te pregunta. Un abrazo,1,0,2024-01-15 17:03:28+00:00,94,17,False
Ugwn-Lx56hW_EMQyIf54AaABAg,dorMdymqUk4,UCcyiip8kPJNpovB-g12wV1g,"Años de actulizaciones?, carga inalambrica tiene? Nits reles de brillo?",0,0,2024-03-01 19:37:26+00:00,71,10,True
Ugzrd60KB0oT1FP_F3d4AaABAg,dorMdymqUk4,UCcyiip8kPJNpovB-g12wV1g,Muy buenas Miguel. Como hiciste para sacarle el Discover de la izquierda del Launcher. Por más que miro opciónes soy incapaz de quitarlo. En la pantalla de bloqueo no veo forma que me salgan las notificaciones de WhatsApp,2,0,2024-01-18 13:38:12+00:00,221,38,False
UgzbV9CpAQ05BwWsEyZ4AaABAg,dorMdymqUk4,UCcyiip8kPJNpovB-g12wV1g,Necesito tu ayuda . Tengo el vivo x100 pro pero me di cuenta que hacía ruidos al abrir la cámara . Y si agitó el teléfono suena como si algo se moviera,0,3,2024-01-16 04:49:55+00:00,151,32,False
UgxYSl5ml5SAJoQvWjV4AaABAg,dorMdymqUk4,UCcyiip8kPJNpovB-g12wV1g,"¡Hola, amigo! Si no te molesta, por favor dime que smartphone huawei p60 pro o Vivo x 100 pro te ha gustado más en cuanto a cámaras, más concretamente macro, paisaje y arquitectura. Pido disculpas por mi español. ¡Todo lo mejor para ti y gracias por tu trabajo!",0,0,2024-01-24 14:24:31+00:00,261,48,False
UgyGfcsPt0HXpxr7VZB4AaABAg,dorMdymqUk4,UCcyiip8kPJNpovB-g12wV1g,"Aduanas? No te lo paran y le suben el precio de los impuestos? Estaría bien saberlo , Gracias !",0,0,2024-01-27 14:58:34+00:00,95,19,True
UgwwlYUhK0anJNlrsXx4AaABAg,dorMdymqUk4,UCcyiip8kPJNpovB-g12wV1g,Hola hoy llego una actualización al vivo x100 pro que habilita el 4k para vídeo selfie para que nos comentes que te parece,0,0,2024-01-28 01:00:50+00:00,122,23,False
UgweiANfwGYokWxd8v94AaABAg,dorMdymqUk4,UCcyiip8kPJNpovB-g12wV1g,"buenos dias, sabes si en la version china se podría instalar un certificado digital ????",0,0,2024-01-28 09:26:02+00:00,88,15,True
Ugw798ybANOOqI02Vl94AaABAg,dorMdymqUk4,UCcyiip8kPJNpovB-g12wV1g,Es compatible con Google maps y con Pokemon go?,0,0,2024-01-29 17:28:09+00:00,47,9,True
UgwmxYprbftxojkDNOd4AaABAg,dorMdymqUk4,UCcyiip8kPJNpovB-g12wV1g,Bueno tengo que ver este antes de hacer cualquier compra.,0,0,2024-01-31 18:42:15+00:00,57,10,False
UgzicLe1pajFzxTABfN4AaABAg,dorMdymqUk4,UCcyiip8kPJNpovB-g12wV1g,En el Vivo X100 Pro con Origin OS se le puede poner losniconos de las app circulares?,0,0,2024-02-02 14:39:31+00:00,85,17,True
Ugy8O10PgfRuFrxy7Nh4AaABAg,dorMdymqUk4,UCcyiip8kPJNpovB-g12wV1g,"Para mí es el mejor móvil así de simple, pero el marketing de Samsung y Apple es aplastante y hasta muchos youtubers se prestan para esa cochinada",0,2,2024-02-15 16:29:43+00:00,146,27,False
UgzkVnrHfNZJdsc9YKd4AaABAg,dorMdymqUk4,UCcyiip8kPJNpovB-g12wV1g,Muy buenas Miguel. Como hiciste para sacarle el Discover de la izquierda del Launcher. Por más que miro opciónes soy incapaz de quitarlo. En la pantalla de bloqueo no veo forma que me salgan las notificaciones de WhatsApp,0,0,2024-01-18 13:38:22+00:00,221,38,False
UgyeXUzNpLGQxLxcPBR4AaABAg,dorMdymqUk4,UCcyiip8kPJNpovB-g12wV1g,"Hola! me compré un Xiaomi 14 versión china con rom tambien en inglés. El problema es que si uso el whatsapp ó otras aplicaciones, no acepta grafia en español, solo inglés ó chino... Eso no ocurre con este teléfono? y que puedo hacer para solucionar ese problema con el Xiaomi?",0,3,2023-12-10 00:10:01+00:00,276,50,True
Ugw9Eno8wktZgB-kSlV4AaABAg,HJUIkkAOA9Q,UCxz7sBKlpcpyCiPwXupRymw,Ahora si te pasaste Isa esta padre pero en México ya no se vende al menos en la tienda oficial de ML ya no está disponible hace mucho,1,1,2025-12-14 15:53:37+00:00,133,28,False
UgyBq35-nxHrSLPJnUt4AaABAg,HJUIkkAOA9Q,UCxz7sBKlpcpyCiPwXupRymw,Alguien que lo tenga me podria decir si corre el codm a 120 fps,1,1,2025-12-14 15:27:44+00:00,63,14,False
UgxcnaKGub6UfGdqDrl4AaABAg,HJUIkkAOA9Q,UCxz7sBKlpcpyCiPwXupRymw,"Yo me lo compre hace poco, y tengo una buena experiencia, sobre todo en el gaming, mantiene temperaturas frescas con un buen rendimiento, tuve la suerte de conseguirlo de segunda mano a 200usd, las fotos tienen un nivel aceptable, lo recomiendo si es que buscan un buen dispositivo calidad precio para jugar.",0,0,2025-12-18 01:58:26+00:00,308,52,False
Ugzu_mAYZnUiY4zbP8N4AaABAg,HJUIkkAOA9Q,UCxz7sBKlpcpyCiPwXupRymw,Te tardate tanto que Ya ni si quiera lo tiene lo tienen disponible en muchas tiendas y yo quería una en azul😢 O alguien sabe donde se puede comprar? 😅,1,1,2025-12-14 16:04:11+00:00,150,30,True
Ugzv7g8wOyn6ekLkhHV4AaABAg,HJUIkkAOA9Q,UCxz7sBKlpcpyCiPwXupRymw,"Ya es tarde más de 1 año tarde, mentira un equipazo xd me encanta todo no me arrepiento de absolutamente nada, de los mejores equipos Android que he usado",0,0,2025-12-14 23:01:22+00:00,154,29,False
UgzEIK1cwsf0wvnwgM94AaABAg,HJUIkkAOA9Q,UCxz7sBKlpcpyCiPwXupRymw,"Lo adquirí para mi pareja hace ya un año exacto porque lo usa para el día normal como para jugar. Acá sus dudas: Es muy resistente. Soporta caidas y tiene una carcasa mas sobria que ademas de darle mucha resistencia, lo hace menos gamer pero igual de atractivo. Calienta, pero no como otros y solo si lo exijis muchisimo. La bateria es una cosa inexplicable, de verdad esta muy bien equilibrada. La camara trasera, es segun yo, infinitimanete superior a casi cualquier otro smarthphone gaming de ese rango de precios. No se como es el gt30 pero por algo debe ser que es mas barato que este. A un año les puedo decir: Gente, si quieren jugar y trabajar, elijan este.",12,3,2025-12-15 00:20:32+00:00,665,121,False
Ugz1PiEd8o8MoQcMQL14AaABAg,HJUIkkAOA9Q,UCxz7sBKlpcpyCiPwXupRymw,Yo no he tenido problemas con el calentamiento solo cuando hago Streaming y juego a calidad gráfica Maxima 🥱,0,0,2025-12-15 01:27:04+00:00,108,19,False
Ugw7pRmvQqHJXFY5SvB4AaABAg,HJUIkkAOA9Q,UCxz7sBKlpcpyCiPwXupRymw,Buenas podría decirme o orientarme en la compra de un red mágic por favor 🙏🏼,1,0,2025-12-15 01:44:52+00:00,76,15,False
UgzoO1Sa2IKBQgvvdBJ4AaABAg,HJUIkkAOA9Q,UCxz7sBKlpcpyCiPwXupRymw,Buenas podría decirme o orientarme en la compra de un red mágic por favor 🙏🏼,0,0,2025-12-15 01:44:58+00:00,76,15,False
UgwGhn91e0GiMgBx9z54AaABAg,HJUIkkAOA9Q,UCxz7sBKlpcpyCiPwXupRymw,"Ya va salir el 40 y tú vives en otro mundo,que poco profesionalismo",0,0,2025-12-15 02:06:00+00:00,67,13,False
UgxfpyLw5r8UZukprLJ4AaABAg,HJUIkkAOA9Q,UCxz7sBKlpcpyCiPwXupRymw,Isa ya saldrá el GT 30 😅😅😅 por qué tardas tanto ahora :/,0,0,2025-12-15 03:05:56+00:00,56,13,False
UgyAY4vxOKlgDc9zcUp4AaABAg,HJUIkkAOA9Q,UCxz7sBKlpcpyCiPwXupRymw,Es un buen teléfono para mi esta muy bien.Gracias por este video Isa un saludo,0,0,2025-12-15 03:47:23+00:00,78,15,False
UgwC6VcnRWLu9PpaG394AaABAg,HJUIkkAOA9Q,UCxz7sBKlpcpyCiPwXupRymw,"Llevo ya 8 meses con mi infinix GT 20 y la verdad es un teléfono muy bueno, me permite usar los mejores gráficos en mis juegos favoritos y en verdad vale muchísimo la pena❤",1,0,2025-12-15 04:19:29+00:00,172,34,False
UgxfZafoa0eO-l7mtJh4AaABAg,HJUIkkAOA9Q,UCxz7sBKlpcpyCiPwXupRymw,"Tengo el GT 20 pro por más de 10 meses, hagan sus preguntas😅",1,1,2025-12-15 04:30:04+00:00,60,13,False
Ugxov9X1TWBa4j2hoRZ4AaABAg,HJUIkkAOA9Q,UCxz7sBKlpcpyCiPwXupRymw,"Yo tengo el note 50 pro y la verdad es que no le pide nada, a un teléfono de marca reconocida gama media como Xiaomi",0,0,2025-12-15 06:35:08+00:00,116,25,False
UgyJdFI_d-I5SJnAt-94AaABAg,HJUIkkAOA9Q,UCxz7sBKlpcpyCiPwXupRymw,"Siempre te veo y ahora si te fallo Isa, como tiene carga inalámbrica claro que lo puedes cargar y escuchar audio cableado al mismo tiempo o inalambrico, y si tiene un ecosistema de audifonos y smartwatchs checa lo en tik tok o en su página web, también es un modelo interior al infinix gt 30 pro en procesador al menos eso detecte en tu vídeo incorrectamente y no trabajo para infinix ni tecno, Gracias un saludo",0,0,2025-12-15 14:27:58+00:00,412,76,False
Ugw_yahsoeLgHSyLcBd4AaABAg,HJUIkkAOA9Q,UCxz7sBKlpcpyCiPwXupRymw,Has el video del honor 400 pro,0,0,2025-12-15 16:54:11+00:00,30,7,False
UgxqfVXYDEwAHdEqzS94AaABAg,HJUIkkAOA9Q,UCxz7sBKlpcpyCiPwXupRymw,Alguien sabe dónde esta el poco f8 ultra no está en ninguna parte 😞,1,1,2025-12-15 17:54:16+00:00,67,14,False
UgzOI5yfIwz3z3wt88p4AaABAg,HJUIkkAOA9Q,UCxz7sBKlpcpyCiPwXupRymw,A la madre 9 mil pesos y yo compre el GT30 pro en 5200 pesos 😮,0,0,2025-12-16 02:02:25+00:00,62,16,False
UgyLgwfC0vEr3RQ5JOl4AaABAg,HJUIkkAOA9Q,UCxz7sBKlpcpyCiPwXupRymw,Olv 8mil? A mi me costo en 5mil en su lanzamiento 😂,0,0,2025-12-14 22:39:29+00:00,51,12,True
UgxMhtHnGmDu1Cjgg4p4AaABAg,HJUIkkAOA9Q,UCxz7sBKlpcpyCiPwXupRymw,"Desde el año pasado, lo compre, me gusta mucho, su pantalla es grande y tiene un buen sonido, no me quejo valio la pena comprarlo, no lo uso para jugar, solo para ver videos y la calidad es buena, muy recomendable.",1,0,2025-12-16 04:39:48+00:00,214,41,False
Ugy90Gv6_BlCuI6M5n94AaABAg,HJUIkkAOA9Q,UCxz7sBKlpcpyCiPwXupRymw,Cómo enciendo las luces no me aparece la opción mecha loop en la última actualización 😢,1,1,2025-12-14 22:13:27+00:00,87,16,False
UgxG85OlQ4hDFjHWDnx4AaABAg,HJUIkkAOA9Q,UCxz7sBKlpcpyCiPwXupRymw,"Disculpen que no tenga q ver con este dispositivo, pero tengo una duda, compré el s22 Ultra hace una semana y quería saber que cantidad de tiempo me debería de durar la batería aproximadamente, lo uso del 85 al 10% y me da 5 horas de pantalla activa, está bien? Lo que me preocupa es que se drena mucho cuando está apagado",0,0,2025-12-14 21:44:02+00:00,322,62,True
UgzWqPsJKqJLMOjJXhV4AaABAg,HJUIkkAOA9Q,UCxz7sBKlpcpyCiPwXupRymw,Viendolo desde mi infinix GT 20 pro. Quien más? 👇,0,0,2025-12-14 16:48:46+00:00,49,10,True
UgxreY_HzppXpMRouA54AaABAg,HJUIkkAOA9Q,UCxz7sBKlpcpyCiPwXupRymw,"Es una lastima que sabe mucho de tecnología pero no se da cuenta que el celular tiene el táctil mal optimizado y que hay muchos casos en los que de fabrica traen un táctil inservible, para mí esto es una estafa ?que marca saca un supuestamente celular gamer con táctil mal optimizado¿ Supuestamente 1500. Hz de muestreo táctil y si acaso se sienten 10, es una tremenda estafa 😡😤",1,0,2025-12-14 16:57:19+00:00,378,69,True
UgxOHSKTHf5QdA3hort4AaABAg,HJUIkkAOA9Q,UCxz7sBKlpcpyCiPwXupRymw,La minatura de ese señor da miedo 😭😭😭😭🥀🥀🥀,0,0,2025-12-14 17:10:12+00:00,41,8,False
UgzNRQ_led0nPjj41kF4AaABAg,HJUIkkAOA9Q,UCxz7sBKlpcpyCiPwXupRymw,"Sinceramente es una pena la suerte de algunas personas ya que veo que algunos han tenido problemas, pero la verdad es un teléfono muy bueno, también las opiniones dependen de las necesidades de cada usuario",0,0,2025-12-14 17:10:46+00:00,206,35,False
UgyIqsHwIgDeRf3JovJ4AaABAg,HJUIkkAOA9Q,UCxz7sBKlpcpyCiPwXupRymw,El vídeo más puntual!!!,0,0,2025-12-14 17:47:33+00:00,23,4,False
UgxEXMxUn92jtebI8H94AaABAg,HJUIkkAOA9Q,UCxz7sBKlpcpyCiPwXupRymw,Yo viendo esto después de comprar mi Infinix GT 20 PRO desde hace 1 mes,0,0,2025-12-14 17:50:24+00:00,71,15,False
UgyPtwTib-xghQkHyPl4AaABAg,HJUIkkAOA9Q,UCxz7sBKlpcpyCiPwXupRymw,Yo tengo este celular y realmente me resultó una porquería para abrir una página se dilata falla se queda en negro el táctil no responde como debe de ser las fotos y la saca muy buena pero lo demás realmente no vale la pena,0,0,2025-12-14 18:24:07+00:00,223,44,False
Ugxx8s6AiEMTtoD7bUp4AaABAg,HJUIkkAOA9Q,UCxz7sBKlpcpyCiPwXupRymw,isa era hace 1 año 💔💔💔,2,1,2025-12-14 19:18:58+00:00,22,6,False
UgzdE0NcQxiPDCRwb8t4AaABAg,HJUIkkAOA9Q,UCxz7sBKlpcpyCiPwXupRymw,Hola yo lo tengo y lo uso para todo jugar editar etc en zona con mucho calor es recomendable usar un cooler para jugar,0,0,2025-12-14 19:20:27+00:00,118,24,False
UgzPc8H0WH_hEGRdMmd4AaABAg,HJUIkkAOA9Q,UCxz7sBKlpcpyCiPwXupRymw,"Pero no entiendo porque ahora es que le hace el reviuw a ese teléfono si hace más de un año que salió y además,hacen unos meses que salió el gt 30 pro",0,1,2025-12-14 19:43:21+00:00,150,32,False
UgyoS2fiXsUGQl4X6v54AaABAg,HJUIkkAOA9Q,UCxz7sBKlpcpyCiPwXupRymw,"yo sigo encantado con mi gt20 pro, tiene muchas funciones extras interesantes que no encuentro en otras marcas.",0,0,2025-12-14 19:56:23+00:00,111,18,False
UgxIXLeNJ7lge-SOtH54AaABAg,HJUIkkAOA9Q,UCxz7sBKlpcpyCiPwXupRymw,Ya extrañaba está sección. Que bueno que ya volviste,0,0,2025-12-14 20:06:59+00:00,52,9,False
UgzzT-Q8hgFfEFp0qf94AaABAg,HJUIkkAOA9Q,UCxz7sBKlpcpyCiPwXupRymw,Llega 1 año tarde ese vídeo xd,1,0,2025-12-14 20:07:58+00:00,30,7,False
UgwBz617MnaFUt8S4ax4AaABAg,HJUIkkAOA9Q,UCxz7sBKlpcpyCiPwXupRymw,Yo tengo casi 4 meses de uso y la verdad no me quejo lo obtuve en menos de 300 dólares claro sin su kit gamer,0,0,2025-12-14 20:24:24+00:00,109,25,False
Ugyce_GlUAS8A3B4Itx4AaABAg,HJUIkkAOA9Q,UCxz7sBKlpcpyCiPwXupRymw,"Yo lo tengo, pero no corre red read redeptoon 1 de Netflix, osea no carga texturas🤔🙂‍↔️",1,0,2025-12-14 20:45:30+00:00,87,16,False
UgycvIEsVu2bC3IbSFJ4AaABAg,HJUIkkAOA9Q,UCxz7sBKlpcpyCiPwXupRymw,Tip: activar la tasa de actualización al 144 para mejor fluidez en los juegos,0,0,2025-12-14 22:00:35+00:00,77,14,False
UgyjjNBzGWtiREt5Yi94AaABAg,HJUIkkAOA9Q,UCxz7sBKlpcpyCiPwXupRymw,Bro una pregunta espero que me respondes primero megustan tus videos que Dios te bendiga La pregunta es hay alguna noticia de una salida del infinidad gt40 pro,0,0,2025-12-14 15:25:40+00:00,159,28,False
Ugxw4zs09v5eshVuQ0V4AaABAg,HJUIkkAOA9Q,UCxz7sBKlpcpyCiPwXupRymw,Lo tengo y me ha sorprendido de verdad me costó 200$ casi nuevo,0,0,2025-12-16 18:21:34+00:00,63,13,False
UgxxibYhSCKX--lC4-F4AaABAg,HJUIkkAOA9Q,UCxz7sBKlpcpyCiPwXupRymw,Viéndolo desde mi gt30pro,0,0,2025-12-17 00:07:20+00:00,25,4,False
UgxfCC5hXKnHn3Q2gr94AaABAg,HJUIkkAOA9Q,UCxz7sBKlpcpyCiPwXupRymw,Cod móvil cómo le corre ?,0,0,2026-03-27 17:41:25+00:00,25,6,True
UgxzbyXQzWhMmFMBgb94AaABAg,HJUIkkAOA9Q,UCxz7sBKlpcpyCiPwXupRymw,"Los audífonos ya vienen inalámbricos, no es importante usar con cables, la cámara selfie es de 32 mpx y saca fotos de muy buena calidad y de noche también saca fotos excelentes.",0,1,2026-04-05 23:34:13+00:00,177,32,False
UgzfA7lchnNUTW0kY7h4AaABAg,HJUIkkAOA9Q,UCxz7sBKlpcpyCiPwXupRymw,Solo una pregunta para este 2026 abra bajado de precio o noo xq está Masomenos Carito 😢😢😢😮,0,0,2026-04-07 03:21:51+00:00,90,17,False
UgxETsBMksJs2d1zzp94AaABAg,HJUIkkAOA9Q,UCxz7sBKlpcpyCiPwXupRymw,Sigue siendo mejor que mi celular incluso en las camaras frontales sigue siendo mejor,4,0,2026-04-12 12:21:01+00:00,85,14,False
Ugwbe8kcIGIEWQFCGr94AaABAg,HJUIkkAOA9Q,UCxz7sBKlpcpyCiPwXupRymw,"*Tuve el Infinix GT20 PRO y sólo me duró unos 5 meses.* *No aguanto el calor del sol indirecto y un par de caídas accidentales al piso a pesar que tenía la funda y el cristal protector de la pantalla, luego de un par de días se infla la batería y se levantó sola la tapa trasera. (Prácticamente llevarlo a que le cambien la batería, me va a costar lo mismo que uno nuevo, pero jamás vuelvo a tener un teléfono tan delicado y caro).*",0,1,2026-04-15 19:41:17+00:00,432,85,False
Ugz0UZXHSgF3kTTWsBN4AaABAg,HJUIkkAOA9Q,UCxz7sBKlpcpyCiPwXupRymw,Yo con los pros:ta bien Con los contras:a mi que me importa solo lo quiero pa jugar,0,0,2026-04-16 22:08:31+00:00,83,17,False
Ugxh64e7KA-faBsORfR4AaABAg,HJUIkkAOA9Q,UCxz7sBKlpcpyCiPwXupRymw,Ya tengo 2 años con mi infinix gt 20 y es tremendo teléfono se actualizo Android 15 y viene la 16,0,1,2026-04-28 19:27:41+00:00,97,21,False
Ugy3byy1W_MaGHEwtF54AaABAg,HJUIkkAOA9Q,UCxz7sBKlpcpyCiPwXupRymw,"hola yo me lo compre y la solucion para los audifinos le compre un adaptador tipo c para carga y audio y sobre el calentamiento el calular viene con un ventilador ya que yo compre el set completo, viene el celular, el ventilador, unos gatillos es muy bueno y a la fecha no me ha dado problemas saludos.",1,1,2026-05-04 09:25:17+00:00,302,58,False
UgyCSBPGBio9BX_wiG94AaABAg,HJUIkkAOA9Q,UCxz7sBKlpcpyCiPwXupRymw,Después de la ultima actualización dejó de funcionar súper charge. A alguien más le pasó? Y cómo se soluciona?,0,0,2026-05-05 17:23:22+00:00,110,19,True
Ugxaofk_Vkcng2m_LMx4AaABAg,HJUIkkAOA9Q,UCxz7sBKlpcpyCiPwXupRymw,Jeje yo viendo esto Con mi Gt 20 pro Color plata Me lo ven en la mano Y me dicen oye que celular tan coqueto con ese Sírculo con iluminación No lo vendes Jejejeje y nose que decir.,0,0,2026-05-29 03:43:44+00:00,180,38,False
Ugw-6u27WX3Cs_FkaIV4AaABAg,HJUIkkAOA9Q,UCxz7sBKlpcpyCiPwXupRymw,Se le infló la pila a la semana asta se despego la tapa,0,0,2026-06-26 05:03:51+00:00,55,13,False
UgzeaiCIG8V0rpMticR4AaABAg,HJUIkkAOA9Q,UCxz7sBKlpcpyCiPwXupRymw,"Lo estan vendiendo en marca vove , muy barato 🤔 sera el mismo o sera estafa",0,0,2026-06-29 02:21:10+00:00,75,16,False
UgwvLS5Q5_jrXbQMYBd4AaABAg,HJUIkkAOA9Q,UCxz7sBKlpcpyCiPwXupRymw,como puedo activar el rgb? es que no me sale la opcion,0,0,2026-07-24 07:04:40+00:00,54,12,True
UgykfRvgK6BUWDFp6OB4AaABAg,HJUIkkAOA9Q,UCxz7sBKlpcpyCiPwXupRymw,"Gracias por subir el vídeo y darme una idea mejor sobre este teléfono, así lo tendré en cuenta para mí próxima compra",0,0,2026-07-30 05:22:37+00:00,117,22,False
UgxBKOgmZm7uaANwHcV4AaABAg,HJUIkkAOA9Q,UCxz7sBKlpcpyCiPwXupRymw,"Buen análisis ISa, ya estoy pensándolo en comprarlo. Saludos desde Perú 🇵🇪",0,0,2025-12-14 16:13:43+00:00,74,12,False
Ugyvs5QkiJvnX7pWQkB4AaABAg,HJUIkkAOA9Q,UCxz7sBKlpcpyCiPwXupRymw,"El botón de apagado la verdad, es bastante frágil",0,0,2026-03-17 06:38:56+00:00,49,9,False
UgzNQSCXeyxNudf-mdR4AaABAg,HJUIkkAOA9Q,UCxz7sBKlpcpyCiPwXupRymw,Han pasado 74 años 🗣️🔥🔥🔥,0,0,2025-12-16 20:41:47+00:00,24,5,False
Ugy162q39DPUbGyJv8d4AaABAg,HJUIkkAOA9Q,UCxz7sBKlpcpyCiPwXupRymw,7hs la batería? Entonces hay que cargarlo 2 veces al dia o 3 si jugas?,1,0,2026-02-18 20:40:26+00:00,70,15,True
UgwBGgSe7jRComgpXUN4AaABAg,HJUIkkAOA9Q,UCxz7sBKlpcpyCiPwXupRymw,"Todo bien,menos que no tiene audífonos 😢",0,0,2026-02-14 00:32:49+00:00,40,7,False
Ugxg_GDaupK2Pny0Mdx4AaABAg,HJUIkkAOA9Q,UCxz7sBKlpcpyCiPwXupRymw,Yo voy a comparar el infinix GT 20 pro este año o el año q viene,0,0,2025-12-17 04:10:06+00:00,64,16,False
UgxKPP86Nd0cdzwinNJ4AaABAg,HJUIkkAOA9Q,UCxz7sBKlpcpyCiPwXupRymw,Viene unos accesorios para el calentamiento,0,0,2025-12-17 23:32:41+00:00,43,6,False
UgyZxn516xkdPqoeS2J4AaABAg,HJUIkkAOA9Q,UCxz7sBKlpcpyCiPwXupRymw,9 meses y sigo enamorado del phono,3,3,2025-12-20 15:45:59+00:00,34,7,False
Ugz6JOj2djJxGtvOxUp4AaABAg,HJUIkkAOA9Q,UCxz7sBKlpcpyCiPwXupRymw,yo uso y en pugb móvil uff 120fps,0,0,2025-12-21 16:59:32+00:00,33,8,False
UgyEx5JoAkyw6EEhCE94AaABAg,HJUIkkAOA9Q,UCxz7sBKlpcpyCiPwXupRymw,"Cuanto cuesta ahora en 2026, 250$?",0,1,2025-12-22 20:06:47+00:00,34,6,True
Ugy3NZgsOBSSwtI9HK14AaABAg,HJUIkkAOA9Q,UCxz7sBKlpcpyCiPwXupRymw,El mío se calienta demasiado y eso que solo lo uso para free y en gráficos suaves y fps altos.,1,1,2025-12-24 06:09:06+00:00,94,20,False
UgxjRvtXIQyGyeRsSY54AaABAg,HJUIkkAOA9Q,UCxz7sBKlpcpyCiPwXupRymw,"Yo cambié mi infinix hot 50 pro por el infinix gt 20 pro, tuve que dar 100 dólares, el hot me costó 100, es decir me salió por 200 dólares. Está como nuevo con caja y accesorios, qué les parece a usted, es una bestia de celulares",0,1,2026-01-12 01:56:55+00:00,229,47,False
Ugz_OYP1Ju9_13vmt5F4AaABAg,HJUIkkAOA9Q,UCxz7sBKlpcpyCiPwXupRymw,Un vídeo sobre el ínfinix GT 20 pro ase mucho ya subió antes creo q este es nuevo o rresubido,0,0,2026-01-13 21:37:55+00:00,93,20,False
UgxbsG9md8KXqDIJLtt4AaABAg,HJUIkkAOA9Q,UCxz7sBKlpcpyCiPwXupRymw,Yo lo he encontrado por casi 4 mil pesos mexicanos en el mercado libre,1,2,2026-01-14 00:47:40+00:00,70,14,False
UgyF0ql6JJfHeCu0hEt4AaABAg,HJUIkkAOA9Q,UCxz7sBKlpcpyCiPwXupRymw,Y pq no me sale en mercado libre?? 😩,0,1,2026-01-14 19:13:36+00:00,36,9,True
UgweyOh2JbqodlkyKWJ4AaABAg,HJUIkkAOA9Q,UCxz7sBKlpcpyCiPwXupRymw,Dónde lo puedo comprar?,0,0,2026-01-18 03:03:11+00:00,23,4,True
UgzwUzQqHYWK17Hw9NV4AaABAg,HJUIkkAOA9Q,UCxz7sBKlpcpyCiPwXupRymw,Poco x6 pro o el infinix gt 20 pro ? Lo quiero solo para celular secundario solo para juegos,0,0,2026-01-27 03:14:45+00:00,92,19,True
Ugybitwhjj_1fQdXms54AaABAg,HJUIkkAOA9Q,UCxz7sBKlpcpyCiPwXupRymw,2 años con el celular....nada que decir.....solo recomiendo el equipo,1,1,2026-02-01 21:52:55+00:00,69,10,False
Ugx7Ogd0QOPPUZtBqeZ4AaABAg,HJUIkkAOA9Q,UCxz7sBKlpcpyCiPwXupRymw,Amigo tengo una pregunta esque hay un celular llamado VOVE GT20 PRO se parece mucho al infinix GT 20 pro yo lo busque así en mercado libre y está muy barato crees que puedas comprar ese celular y probarlo 🙏🏻,7,1,2026-02-02 03:45:03+00:00,207,40,False
UgzhqANh6sGYmDBDfgd4AaABAg,HJUIkkAOA9Q,UCxz7sBKlpcpyCiPwXupRymw,"Para los que se preguntan... no correo Switch, WiiU ni PS3 decentemente... pero de ahi para abajo corre todo y se luce en psp a 4 veces la resolucion nativa.... saludos",0,0,2026-02-12 12:19:24+00:00,168,31,False
Ugw_R4pD7XUNrkiK2ih4AaABAg,HJUIkkAOA9Q,UCxz7sBKlpcpyCiPwXupRymw,Porfas me dicen si este celular vale la pena para comprarlo en 2026 quiero que mi celular Pueda Soportar free fire en graficos Alto fps altos y grabar porfas alguien que me diga Si realmnete vale la pena o compro Un moto edge 60 fusion 🥺,0,0,2026-02-15 22:27:17+00:00,237,46,False
Ugyj8lsXnt4LlUfTpKp4AaABAg,HJUIkkAOA9Q,UCxz7sBKlpcpyCiPwXupRymw,Yo ya espero el video del INFINIX GT 30 PRO,0,0,2025-12-14 16:43:55+00:00,43,10,False
Ugx8QAWUYKZ8lMS315t4AaABAg,HJUIkkAOA9Q,UCxz7sBKlpcpyCiPwXupRymw,Para cuando el Review del poco f8 pro mi amor,13,0,2025-12-14 15:18:29+00:00,45,10,False
UgyOosPuozOTbaIkdtZ4AaABAg,HJUIkkAOA9Q,UCxz7sBKlpcpyCiPwXupRymw,WTF recién hace del Infinix GT 20 Pro 😂😂😂,0,0,2025-12-14 15:08:23+00:00,41,9,False
UgzcBxN30sIVz5e2bJp4AaABAg,HJUIkkAOA9Q,UCxz7sBKlpcpyCiPwXupRymw,"Como puedo decirlo sin hambre, me regalas el red magic 11 pro? dijiste que no son buenas las camaras",0,0,2025-12-14 15:14:16+00:00,100,19,True
UgyQSYYcxWb9886i9E94AaABAg,HJUIkkAOA9Q,UCxz7sBKlpcpyCiPwXupRymw,"Yo compré uno para una amiga a inicios de mayo y para octubre un día simplemente ya no prendió la pantalla, murió, así que no lo recomiendo para nada.",2,2,2025-12-14 16:16:32+00:00,150,29,False
UgzlVlb7djrGqLU1DyJ4AaABAg,HJUIkkAOA9Q,UCxz7sBKlpcpyCiPwXupRymw,El diablo este video es el más puntual,0,0,2025-12-14 14:54:56+00:00,38,8,False
UgwiEzN6mqDdrEQA-9F4AaABAg,HJUIkkAOA9Q,UCxz7sBKlpcpyCiPwXupRymw,Lo tengo desde 5 meses,0,0,2025-12-14 15:03:35+00:00,22,5,False
Ugz4hdNGEgv1T1jmK9p4AaABAg,EnvHMYmhccw,UCxz7sBKlpcpyCiPwXupRymw,Si tan solo lo tendría 😢😞,0,0,2025-03-22 03:51:31+00:00,25,6,False
UgzTM3GTO4pDu9YDgN54AaABAg,EnvHMYmhccw,UCxz7sBKlpcpyCiPwXupRymw,Vengo a ver el vídeo por qué quiero comprar este equipo de segundo teléfono para no matar el teléfono principal jugando y nuevamente me encuentro a ISA hablando mal de la camara del equipo casi la mitad del vídeo tratándose nuevamente de un teléfono para nada dedicado a la fotografía. Que pasa ISA te estás desviado demaciado del enfoque real del equipo.,0,0,2025-03-31 02:11:44+00:00,355,62,False
UgxOoAbLOZ959RpnLIl4AaABAg,EnvHMYmhccw,UCxz7sBKlpcpyCiPwXupRymw,No entiendo porque nadie usar el cooler y le hace pruebas de temperatura y rendimiento con ello,0,0,2025-04-01 14:58:00+00:00,95,17,False
UgwVzx_vkDBwfMHoRId4AaABAg,EnvHMYmhccw,UCxz7sBKlpcpyCiPwXupRymw,Es que si los 120 fps de PUBG hacen un horno a cualquier dispositivo xd y más cuando hay gente real por todos lados jaja,0,0,2025-04-03 17:36:52+00:00,120,25,False
UgyYXunjWb5MUltkQHZ4AaABAg,EnvHMYmhccw,UCxz7sBKlpcpyCiPwXupRymw,Bueno pero alguien le pasa que se descargar rápido??,0,0,2025-04-04 04:01:31+00:00,52,9,True
UgyooB3TBwkPb0Lssit4AaABAg,EnvHMYmhccw,UCxz7sBKlpcpyCiPwXupRymw,Cual toma mejores fotos y c calienta menos el pocox7pro o el infinix gt20pro???,0,1,2025-04-05 05:05:20+00:00,79,14,True
Ugyl-ByzmZ9TuIU9bt14AaABAg,EnvHMYmhccw,UCxz7sBKlpcpyCiPwXupRymw,Si Aguanto ark y el de barcos me convenció para el PATH OF TITANS por favor isa prueba path of Titans 🎉,0,0,2025-04-06 00:07:40+00:00,103,22,False
UgzxEoUHjt5aFxxoPwd4AaABAg,EnvHMYmhccw,UCxz7sBKlpcpyCiPwXupRymw,"Entre el Poco X7 Pro y el Infinix GT 20 Pro , ¿ Cuál es mejor ?.",0,0,2025-04-07 04:28:14+00:00,64,17,True
UgzT8QqTxhYw8mP4ADt4AaABAg,EnvHMYmhccw,UCxz7sBKlpcpyCiPwXupRymw,"Del infinix gt 20 pro y el poco X7 pro, cual me conviene más??",0,0,2025-04-18 04:03:46+00:00,62,14,True
UgwymI_gWGR__b4Sfk54AaABAg,EnvHMYmhccw,UCxz7sBKlpcpyCiPwXupRymw,del único youtuber que veo videos de una hora,1,0,2025-04-18 13:51:08+00:00,45,9,False
UgxhtzhszSL6d6QPd494AaABAg,EnvHMYmhccw,UCxz7sBKlpcpyCiPwXupRymw,Es como un gama media pero gaming(?,0,0,2025-04-20 03:59:10+00:00,35,7,True
UgzJqmF3vhY09LzSxlZ4AaABAg,EnvHMYmhccw,UCxz7sBKlpcpyCiPwXupRymw,"Cual recomiendan mas, este o el poco x6? En diseño me gusta mas este, y segun he escuchado los poco no duran mucho",2,1,2025-04-20 05:12:13+00:00,114,23,True
UgwLFHoWZBTxXqdVUd54AaABAg,EnvHMYmhccw,UCxz7sBKlpcpyCiPwXupRymw,Una pregunta cual celular me recomiendas entre un infinix GT 20 pro vs Doogee s200 pro 256 gb ?,1,0,2025-04-24 09:28:47+00:00,95,19,True
Ugx0aQFGex4uf7AKPhZ4AaABAg,EnvHMYmhccw,UCxz7sBKlpcpyCiPwXupRymw,Ando ahorrando para el Poco x7 Pro pero al ver este GT voy a ver si me espero a que salga el GT 30 pro,0,0,2025-04-27 02:13:38+00:00,102,25,False
Ugz4y2Sdl7mBKjeYNFN4AaABAg,EnvHMYmhccw,UCxz7sBKlpcpyCiPwXupRymw,Este dispositivo tiene codigo LDAC para escuchar musica con unos audífonos de alta gama?,0,0,2025-05-02 04:26:46+00:00,88,14,True
Ugy2lGEGfQI2BBzNjBx4AaABAg,EnvHMYmhccw,UCxz7sBKlpcpyCiPwXupRymw,Lo tengo hase 5 meses es muy bueno se los recomiendo si quieres jugar sin q se caliente usa un cooler ❤💀,6,0,2025-05-04 20:15:02+00:00,104,22,False
Ugz3vwOcMqDm9GTk9Yt4AaABAg,EnvHMYmhccw,UCxz7sBKlpcpyCiPwXupRymw,Mañana me compro ese celular 😊,0,1,2025-05-11 01:49:41+00:00,30,6,False
UgyPvmlR8xjr8IuT6Ed4AaABAg,EnvHMYmhccw,UCxz7sBKlpcpyCiPwXupRymw,Recimendan este o el pova 6 ??,0,0,2025-05-17 19:03:36+00:00,30,7,True
Ugxn3cLKK1wmGRlwq-94AaABAg,EnvHMYmhccw,UCxz7sBKlpcpyCiPwXupRymw,Mi celular es el que se está trabando XD (Esta en X2) 49:55,0,0,2025-05-19 21:42:01+00:00,59,13,False
UgzwLNgLX2gaGuifEvh4AaABAg,EnvHMYmhccw,UCxz7sBKlpcpyCiPwXupRymw,9:51 qué fea canción bro.. te recomiendo algún día de queen o rock por favor .... 😂😂😂,0,0,2025-05-21 02:21:14+00:00,85,17,False
UgxfB7lg-aBPvh88Y_F4AaABAg,EnvHMYmhccw,UCxz7sBKlpcpyCiPwXupRymw,Mmm noc pero lo que viene con un refrigerante aparte que se vende para ese celular ¯⁠\⁠_⁠(⁠ツ⁠)⁠_⁠/⁠¯ eso va oara el minutos 48 aprox,0,0,2025-05-21 07:20:54+00:00,132,24,False
UgxKsNk8Az0DVHSOeCt4AaABAg,EnvHMYmhccw,UCxz7sBKlpcpyCiPwXupRymw,"Vengo viendo tanto viendo del infinix GT20 PRO y ninguno se a explicado como el, con este video no tengo ningún duda que querer este teléfono",1,0,2025-05-22 18:24:12+00:00,141,26,False
UgxL0adbMdcZl3GxyYx4AaABAg,EnvHMYmhccw,UCxz7sBKlpcpyCiPwXupRymw,"Porfin puedo decirlo, estoy viendo éste gran Review desde mi Infinix GT20 Pro. Gracias por la review siempre honesta Isa. Saludo☺",0,1,2025-05-24 00:13:49+00:00,129,21,False
UgwW34017qg-IXdTloR4AaABAg,EnvHMYmhccw,UCxz7sBKlpcpyCiPwXupRymw,"Les doy un consejo a todos a aki, nunca se compren un Mediatek son planchas y en 4 años ya se estan malogrando. Pero bueno aya ustedes.",0,0,2025-04-20 05:48:53+00:00,135,27,False
UgzM0DxakeEEoN9LbR54AaABAg,EnvHMYmhccw,UCxz7sBKlpcpyCiPwXupRymw,Viendolo desde mi infinix gt 20 pro❤🎉,1,1,2025-03-29 23:34:35+00:00,37,7,False
UgzdnS65wPQCBNAt-zF4AaABAg,EnvHMYmhccw,UCxz7sBKlpcpyCiPwXupRymw,cual es mejor el poco x7 pro o el infinix gt20,0,0,2025-03-29 19:26:45+00:00,46,11,False
UgyESPinrfHboj5kr7Z4AaABAg,EnvHMYmhccw,UCxz7sBKlpcpyCiPwXupRymw,Saludos entonces desactivo la ram virtual o lo mantengo quisiera saber que es lo mejor por favor ayuda,1,0,2025-03-22 03:29:06+00:00,102,18,False
UgywDp9BObDuQE-ci2d4AaABAg,EnvHMYmhccw,UCxz7sBKlpcpyCiPwXupRymw,"Cuál me recomiendan, este o el poco x7 pro? Me interesa solamente la parte de juegos y que no se caliente mucho.",4,1,2025-03-04 05:05:38+00:00,112,22,True
Ugy7MGe4qDY2IaFZFtx4AaABAg,EnvHMYmhccw,UCxz7sBKlpcpyCiPwXupRymw,"Estuve indeciso en si comprar este o el x7 pro y comparando me comprare el gt 20 pro, se que el x7 pro es mejor pero no noto taaaanto la diferencia y por lo menos en mi pais esta mucho mas caro el x7 pro con casi 100 dolares de diferencia, estuve buscando por horas y solo no lo consegui mas barato asi que si logras conseguir el x7 pro a buen precio compra ese",0,0,2025-03-04 05:49:56+00:00,361,75,False
Ugw845BbyDYrGjMnfr14AaABAg,EnvHMYmhccw,UCxz7sBKlpcpyCiPwXupRymw,Una pregunta ese teléfono lo podria encontrar en las tiendas de telcel ?,0,0,2025-03-05 04:57:31+00:00,72,13,True
UgxZ8or02Xa1JKeR_e54AaABAg,EnvHMYmhccw,UCxz7sBKlpcpyCiPwXupRymw,alguien me puede decir como salen las fotos?,0,0,2025-03-05 18:48:15+00:00,44,8,True
Ugzt4vNrp9ePczn0jO94AaABAg,EnvHMYmhccw,UCxz7sBKlpcpyCiPwXupRymw,Hola soy nuebo me podrias recomedar un telefono para juego y uso diario,0,0,2025-03-07 01:43:02+00:00,71,13,False
UgyV_BAHD5aacHzTHvR4AaABAg,EnvHMYmhccw,UCxz7sBKlpcpyCiPwXupRymw,Nosé si se dieron cuenta en unas de las fotos hay un plato volador o eso creo es cuando está probando la camara minuto 17:36,2,0,2025-03-08 23:44:03+00:00,124,25,False
UgwhaMAgUK6v7nyouLl4AaABAg,EnvHMYmhccw,UCxz7sBKlpcpyCiPwXupRymw,"Acá en Venezuela se puede encontrar apartir de los 310 y la verdad es un celular que vale la pena, lo único malo es su pantalla que es facil de romperse al igual que el marco que se puede dañar",0,0,2025-03-09 04:56:13+00:00,193,40,False
UgysKqng-iLkhfQHKKd4AaABAg,EnvHMYmhccw,UCxz7sBKlpcpyCiPwXupRymw,Lo tengo es una bestia,0,0,2025-03-09 21:11:14+00:00,22,5,False
Ugy54L6QsLi9oY_sF2h4AaABAg,EnvHMYmhccw,UCxz7sBKlpcpyCiPwXupRymw,"Buen video, lo que buscaba, ojala subas uno similar del poco x7 y poco x7 pro",0,0,2025-03-10 00:28:49+00:00,77,16,False
Ugwl632DUMkrEqXWqrp4AaABAg,EnvHMYmhccw,UCxz7sBKlpcpyCiPwXupRymw,"Si lo buscas en mercado libre tiene un precio similar al poco x6 pro de 12/512 y al poco x7 pro de 12/256 todos diran que mejor el x7 pro que es mas potente y si, es verdad, pero este gt 20 pro se vas gaming (por asi decirlo) cada uno tiene lo suyo pero cual sea que compres lo vas a disfrutar",0,0,2025-03-11 05:02:30+00:00,293,63,False
UgzyNsW55BfjLuVEUSp4AaABAg,EnvHMYmhccw,UCxz7sBKlpcpyCiPwXupRymw,Porque no pones en tus próximos videos Al juego Farlight 84 👀???❤❤❤❤,0,0,2025-05-24 20:05:27+00:00,68,12,True
UgwYTe9t46-9q9djCnl4AaABAg,EnvHMYmhccw,UCxz7sBKlpcpyCiPwXupRymw,Hola! Me confirmarias si puedo instalar 2 WHATSAPP BUSINESS en este dispositivo?,0,0,2025-03-11 18:49:29+00:00,80,12,True
Ugxly7nmla3c6vClI6R4AaABAg,EnvHMYmhccw,UCxz7sBKlpcpyCiPwXupRymw,"hce poco me lo compre y la interfaz est muy grandota, alguien sabe si se puede hacer mas chica?😅",0,0,2025-03-13 23:24:46+00:00,96,19,True
Ugx6Z62Wjl2YMmWSqWV4AaABAg,EnvHMYmhccw,UCxz7sBKlpcpyCiPwXupRymw,También hay uno que tiene dos terabyte o no?,1,1,2025-03-14 02:24:35+00:00,44,9,True
UgylH13nxgykeyDZeLp4AaABAg,EnvHMYmhccw,UCxz7sBKlpcpyCiPwXupRymw,Alguien sabe si es compatible con capturadoras hdmi?,0,0,2025-03-14 22:33:40+00:00,52,8,True
UgxRJ_c2oDRbLnJ2u0V4AaABAg,EnvHMYmhccw,UCxz7sBKlpcpyCiPwXupRymw,Acepto sus críticas pero es un Mobil hecho para full gaming,0,0,2025-03-15 04:34:07+00:00,59,11,False
UgxsGxv4yGKnBGozI2J4AaABAg,EnvHMYmhccw,UCxz7sBKlpcpyCiPwXupRymw,"Holaa Isa Marcial, me recomendarías este teléfono?🥺, es que no me decido entre este y el poco X6 pro",0,0,2025-03-15 18:28:57+00:00,100,19,True
Ugwn4w1pGf0Yb2hfSs54AaABAg,EnvHMYmhccw,UCxz7sBKlpcpyCiPwXupRymw,Soy fan de Samsung aunque por razones económicas tengo un Motorola y me agrada mucho ver siempre tus vídeos aca en Cuba no puedo tener otra cosa pero siempre sigo tus vídeos y más cuando lo haces con cualquier sansung,0,0,2025-03-17 00:18:41+00:00,217,40,False
UgzAKpAGjpskdqSX4ut4AaABAg,EnvHMYmhccw,UCxz7sBKlpcpyCiPwXupRymw,"Alguien sabe como eliminar almacenamiento de la carpeta Sistema? Personalmente siento que ocupa más que lo demás apartados y me parece extraño, siendo que lo tengo hace menos de 1 semana",0,0,2025-03-17 04:59:41+00:00,186,31,True
UgzpFD1upPNyF41bY5Z4AaABAg,EnvHMYmhccw,UCxz7sBKlpcpyCiPwXupRymw,Excelente video buena review la verdad que los infinix me sorprenden,0,0,2025-03-18 02:58:09+00:00,68,11,False
UgxAyGR4erQ5u0A6oZl4AaABAg,EnvHMYmhccw,UCxz7sBKlpcpyCiPwXupRymw,Cuanto les dura la bateria? Me dura menos de 1 dia a mi,0,0,2025-03-19 05:30:28+00:00,55,13,True
UgwZXEOLU6LwNE0QnWp4AaABAg,EnvHMYmhccw,UCxz7sBKlpcpyCiPwXupRymw,infinix gt 20 pro o poco x7 pro....cuál me recomiendan?,0,1,2025-03-21 20:55:16+00:00,55,10,True
Ugz460wRPmYd-t5_9k94AaABAg,EnvHMYmhccw,UCxz7sBKlpcpyCiPwXupRymw,Yo también lo voy a comprar gracias por el video fué muy informativo,0,0,2025-03-12 14:34:22+00:00,68,13,False
UgyGv8OtpziveYJJlVd4AaABAg,EnvHMYmhccw,UCxz7sBKlpcpyCiPwXupRymw,"Al fin puedo decir, yo viéndolo desde mi infinix GT 20 pro🙏",0,0,2025-05-30 21:42:00+00:00,59,12,False
UgyJ36NZQHRd33FmHft4AaABAg,EnvHMYmhccw,UCxz7sBKlpcpyCiPwXupRymw,Finalmente puedo decir que veo el video desde el mismo celular del review :3,0,0,2025-03-25 17:15:58+00:00,76,14,False
UgzE_3bBbhdN9hzwwd54AaABAg,EnvHMYmhccw,UCxz7sBKlpcpyCiPwXupRymw,Yo tengo una duda con la tasa de refresco de la pantalla. Cuando la tengo en automático y entro sl juego se suben automáticamente?,0,0,2025-06-04 08:12:46+00:00,130,24,True
Ugxvz-PmqZwOT_f_8CN4AaABAg,EnvHMYmhccw,UCxz7sBKlpcpyCiPwXupRymw,Que celular calidad precio con buena camara recomiendan?,0,0,2025-10-29 01:11:04+00:00,56,8,True
UgyAH6s-LzfaygXvg_N4AaABAg,EnvHMYmhccw,UCxz7sBKlpcpyCiPwXupRymw,Dónde lo puedo comprar?,1,0,2025-11-16 15:26:49+00:00,23,4,True
UgxGf5gNtVVfgzjwzy94AaABAg,EnvHMYmhccw,UCxz7sBKlpcpyCiPwXupRymw,Oigan me recomiendan el gt 20 pro o el gt 30 pro,2,1,2025-12-01 15:43:15+00:00,48,12,False
Ugw1CfxsJBbmnjzP-VR4AaABAg,EnvHMYmhccw,UCxz7sBKlpcpyCiPwXupRymw,Isaac cuando haces un versus de el infinix Gt 20 pro vs el infinix gt 30 pro ?,0,0,2026-01-06 23:52:37+00:00,78,18,True
UgwxOYhjdKRFNZ5zhv14AaABAg,EnvHMYmhccw,UCxz7sBKlpcpyCiPwXupRymw,Ahora está en AliExpress a menos 1600 y me lo quiero comprar solo que no tengo los quinientos(soy menor de edad y soy hombre),0,0,2026-01-08 08:21:13+00:00,125,24,False
UgyILjzZmMwLhoBBq2t4AaABAg,EnvHMYmhccw,UCxz7sBKlpcpyCiPwXupRymw,Más q un Review es una película jajajaj,0,0,2025-06-03 23:01:14+00:00,39,8,False
UgzHni2w0XJnjyBJg0Z4AaABAg,EnvHMYmhccw,UCxz7sBKlpcpyCiPwXupRymw,"Yo lo quiero para el pou ,le corre?",1,1,2026-01-13 04:00:30+00:00,35,8,True
Ugx27LoT1pdm0hYsSwR4AaABAg,EnvHMYmhccw,UCxz7sBKlpcpyCiPwXupRymw,"tengo la version de 16gb de ram, en mercado libre esta a la venta. ¿me habra estafado?",2,1,2026-02-13 18:11:44+00:00,86,17,True
UgwW5Tp97ASEmuEuNZt4AaABAg,EnvHMYmhccw,UCxz7sBKlpcpyCiPwXupRymw,Y en 2026 cuánto costará?,1,0,2026-03-30 01:26:32+00:00,25,5,True
Ugy-miC9M58zbYsgmSF4AaABAg,EnvHMYmhccw,UCxz7sBKlpcpyCiPwXupRymw,Si te das cuenta el grabar pantalla también es una carga para el procesador,1,0,2026-04-02 13:43:56+00:00,75,14,False
Ugy4zPmMT0tD6Wil_yp4AaABAg,EnvHMYmhccw,UCxz7sBKlpcpyCiPwXupRymw,Yo lo utilizaria para fotografía y videos aunque es para jugar pero yo lo utilizaria para uso personal Como llamar tomar fotos videos y otras cosas por que me gusta ese teléfono infinix,2,0,2026-04-10 18:32:22+00:00,185,33,False
Ugwmfbd-3zr89EzB8Vx4AaABAg,EnvHMYmhccw,UCxz7sBKlpcpyCiPwXupRymw,Medio pendejos esos de infinix 47:12,0,0,2026-06-05 15:09:00+00:00,36,6,False
Ugw3baQRzTSgWOw2pC14AaABAg,EnvHMYmhccw,UCxz7sBKlpcpyCiPwXupRymw,Lo he estado buscando pero solo me sale uno de la marca vove es el mismo?,0,0,2026-07-03 20:47:23+00:00,73,16,True
Ugx3zz4Y4xFkHUDE6s54AaABAg,EnvHMYmhccw,UCxz7sBKlpcpyCiPwXupRymw,La luz de atrás no gasta la batería??,0,0,2026-08-12 21:16:10+00:00,37,8,True
UgxkMHRRMy1NHBGns2p4AaABAg,EnvHMYmhccw,UCxz7sBKlpcpyCiPwXupRymw,Ah cuántos FPS va en el juego blood strike,0,0,2026-08-14 03:07:29+00:00,42,9,False
Ugwo7alc35m2AhfD-3p4AaABAg,EnvHMYmhccw,UCxz7sBKlpcpyCiPwXupRymw,Gente lo tendre para diciembre diganme si es una bestia en videojuegos,0,0,2025-10-11 21:50:25+00:00,70,12,False
Ugz92OzGYf3ByZ_S-lN4AaABAg,EnvHMYmhccw,UCxz7sBKlpcpyCiPwXupRymw,Alguien sabe cómo hacer transparente la barra de navegación de gestos?,0,0,2025-10-07 20:48:05+00:00,70,11,True
UgySvAbU_QEna1uAFB54AaABAg,EnvHMYmhccw,UCxz7sBKlpcpyCiPwXupRymw,Hola ISA Marsial me puedes dejar el link de mercado libre esque me salen muchos y en las reseñas dise que son falsos y no se cuál es el verdadero,0,0,2026-01-10 20:21:31+00:00,145,30,False
UgzbAbaiXLemPIyBQpd4AaABAg,EnvHMYmhccw,UCxz7sBKlpcpyCiPwXupRymw,"Es hermosísimo, el diseño es increíble. Pero POR QUÉ no le incluyeron el jack de 3,5mm para auriculares????? No entiendo esa manía de las empresas de hacer tremendas máquinas tan potentes pero no incluir algo tan necesario",0,0,2025-09-29 22:47:33+00:00,222,37,True
UgzwoWYcHaT5uy6p0lp4AaABAg,EnvHMYmhccw,UCxz7sBKlpcpyCiPwXupRymw,"Se ve que es atractivo para jugar, pero los materiales no lo son.",0,0,2025-10-03 22:44:30+00:00,65,13,False
Ugyf8d8eZVIynGzMFud4AaABAg,EnvHMYmhccw,UCxz7sBKlpcpyCiPwXupRymw,Que raro en otras fuentes encontre q si pueden leer tarjetas micro SD de hasta 1 tera ...,0,0,2025-06-12 20:19:05+00:00,89,18,False
Ugz3uzxSBlMPBKMlF294AaABAg,EnvHMYmhccw,UCxz7sBKlpcpyCiPwXupRymw,Es normal que baje tanto la batería de 100 bajo a 85%,0,0,2025-06-16 09:49:24+00:00,53,12,False
UgzqzQG496VlLjUGAsF4AaABAg,EnvHMYmhccw,UCxz7sBKlpcpyCiPwXupRymw,Lo recomiendan en junio de 2025???,1,0,2025-06-17 02:42:23+00:00,34,6,True
Ugz0Mdv25wz3ZfkDFsd4AaABAg,EnvHMYmhccw,UCxz7sBKlpcpyCiPwXupRymw,Tengo el infinito Gt 20 pro y es una maravilla comprenselooo❤,0,2,2025-06-18 22:56:34+00:00,61,11,False
UgwsCCIP-gUru67uIrl4AaABAg,EnvHMYmhccw,UCxz7sBKlpcpyCiPwXupRymw,Alguien me puede recomendar en donde lo puedo comprar?,0,0,2025-06-20 19:37:11+00:00,54,9,True
UgymaY87hLh6hhWkoo54AaABAg,EnvHMYmhccw,UCxz7sBKlpcpyCiPwXupRymw,Viéndolo desde mi GT 20 Pro,2,2,2025-07-09 04:07:14+00:00,27,6,False
Ugz3PWw2bmpLLuoDAdx4AaABAg,EnvHMYmhccw,UCxz7sBKlpcpyCiPwXupRymw,Bro en wualmart también distribuye,0,0,2025-07-11 22:30:34+00:00,34,5,False
UgxEP3Pr_8xYBJTEpKZ4AaABAg,EnvHMYmhccw,UCxz7sBKlpcpyCiPwXupRymw,Alguien que me diga por favor si este dispositivo se encuentra en la Republica dominicana,0,0,2025-06-08 20:14:54+00:00,89,15,False
UgwLUAflsBmHyGGgnDp4AaABAg,EnvHMYmhccw,UCxz7sBKlpcpyCiPwXupRymw,"Hola, tendrán un enlace donde pueda comprar este celular, ya que compre uno en mercado libre pero no era el original 😢",0,0,2025-07-30 01:21:37+00:00,118,22,False
Ugy4guV3zoJWr7yF7yR4AaABAg,EnvHMYmhccw,UCxz7sBKlpcpyCiPwXupRymw,Yo no lo usaria para jugar lo usaría para mi uso personal,0,0,2025-08-07 20:34:09+00:00,57,12,False
UgwxhPPe4jNllHSvNQR4AaABAg,EnvHMYmhccw,UCxz7sBKlpcpyCiPwXupRymw,"Falla de Software en el Infinix GT 20 Pro ​El Infinix GT 20 Pro presenta un problema de software notablemente molesto. Cuando la pantalla está activa y se utiliza una aplicación como WhatsApp con un chat abierto, se producen dos fallos que afectan la experiencia del usuario. ​Notificación redundante: A pesar de estar dentro de la conversación, el teléfono muestra una notificación tipo banner, como si el mensaje fuera nuevo y el usuario no estuviera en el chat. ​Ícono persistente: El ícono de nuevo mensaje permanece en la barra de notificaciones, lo que obliga al usuario a deslizar hacia abajo para marcar el mensaje como leído. Esto genera confusión, ya que el ícono sugiere constantemente la llegada de un nuevo mensaje, incluso cuando ya se está respondiendo. ​La única solución temporal es desactivar el ícono de notificación, lo que anula por completo la función de alerta y evita que el usuario reciba avisos de mensajes realmente nuevos. Aunque no es un fallo crítico, es un error de usabilidad que resulta muy frustrante en el uso diario.",0,2,2025-08-16 13:53:29+00:00,1052,176,False
UgxM5unXai6LNFOxiIl4AaABAg,EnvHMYmhccw,UCxz7sBKlpcpyCiPwXupRymw,2:57 Un celu gamer deberia tener una tapa de aluminio Almenos una parte de ella para disipacion de calor y poder permitir el Overclock :/,0,0,2025-08-21 16:49:24+00:00,137,25,False
UgxSQ_5YiTZEOAiyHjx4AaABAg,EnvHMYmhccw,UCxz7sBKlpcpyCiPwXupRymw,"Buenas ! Que me recomiendan, este dispositivo o el Oppo Find x5pro ? Actualmente tengo el Oppo pero creo que se queda en Android 15 Estoy considerando cambiarme al infinix pero tampoco se hasta cuándo actualiza . Tal vez salga perdiendo en algunas cosas",0,0,2025-08-23 06:01:03+00:00,253,44,True
Ugy0OoLrgUTz4VOfyL54AaABAg,EnvHMYmhccw,UCxz7sBKlpcpyCiPwXupRymw,Para el que lo valla a comprar en pleno 2025 no sirve para nada este celular si lo quieres para jugar busca otro porque la nueva actualización quitaron los 144mhz y colocaron solo 120hz perdí mi dinero aquí así que tú decides.,0,1,2025-09-03 00:20:42+00:00,226,42,False
UgyZ0_Y6UP7uEsA_pc54AaABAg,EnvHMYmhccw,UCxz7sBKlpcpyCiPwXupRymw,Me gusta más el poco x6 pro y el f5 pro. La ventaja del x6 pro es su almacenamiento 4.0.,0,1,2025-09-29 01:59:13+00:00,88,20,False
UgwjzDQfPegOhWGJPWd4AaABAg,EnvHMYmhccw,UCxz7sBKlpcpyCiPwXupRymw,Alguien sabe cuánto cuesta actualmente?,0,2,2025-07-29 07:11:38+00:00,39,5,True
UgzQpLn2Y0-rOrefum14AaABAg,P8I8PW9DiXE,UC7bB2twFWCiFWNOfj2Xb06g,Está muy lindo el teléfono lo único que me gustaría que mejoren es la batería,0,0,2025-02-17 20:53:14+00:00,77,15,False
UgxbLL_SMLg-QNte3GV4AaABAg,P8I8PW9DiXE,UC7bB2twFWCiFWNOfj2Xb06g,"Tiene alguna certificación como ip69, o no tienen nada",0,0,2025-02-18 16:51:35+00:00,54,9,False
UgxuNQ2Z0UcSMkogiXJ4AaABAg,P8I8PW9DiXE,UC7bB2twFWCiFWNOfj2Xb06g,Una pregunta ¿Como resiste las caidas? Es resisten a ellas,0,1,2025-02-19 06:44:32+00:00,58,10,True
UgzelgPvjvqQ_Dr6qkB4AaABAg,P8I8PW9DiXE,UC7bB2twFWCiFWNOfj2Xb06g,Hola me gustaría saber cual es mejor si el oppo 12 f o infinix GT 20 pro?,0,0,2025-02-24 05:38:41+00:00,73,17,True
Ugw2K9LHWMhfeSLUFLF4AaABAg,P8I8PW9DiXE,UC7bB2twFWCiFWNOfj2Xb06g,Como se hace para escuchar dual bluetooth ya que en todos lados lo tiene me conecta los dos pero solo conecta el audio de a uno pero no 2 en simultáneo como los Samsung,0,1,2025-02-26 15:04:55+00:00,168,34,False
UgwTQq1Gw2xMeZzKUUx4AaABAg,P8I8PW9DiXE,UC7bB2twFWCiFWNOfj2Xb06g,Yo viendo este desde mi Infinix gt 20 pro hagan sus preguntas,0,1,2025-02-27 16:03:16+00:00,61,12,False
Ugw8v3Qr6CbYBCPDFYJ4AaABAg,P8I8PW9DiXE,UC7bB2twFWCiFWNOfj2Xb06g,"Yo lo tengo desde Noviembre 2024 y súper bueno y lo que más me gusta es que llama mucho la atención de las personas por el diseño y no he tenido que utiliza el disipador de calor para nada, rinde muy bien en todo, lo recomiendo",0,0,2025-03-01 20:11:06+00:00,227,46,False
Ugx4ZadcUf_PhPzIJsB4AaABAg,P8I8PW9DiXE,UC7bB2twFWCiFWNOfj2Xb06g,Infinix note 40 o este??Actualizaciones????? Alguien sabe???,2,1,2025-03-07 14:01:01+00:00,60,7,True
UgyzCclQ00NgMm_1mgN4AaABAg,P8I8PW9DiXE,UC7bB2twFWCiFWNOfj2Xb06g,Ya está más que mencionado... Infinix y tecno ... Marcas hermanas vienen dando mucho De que hablar... Y darle una buena oportunidad de consumir... Si se adquiren con Buenos precios. si no son excelentes te dan una buena relación calidad precios por sus prestaciónes... Bastante recomendados.. Obvio depende de el uso promedio o eximente... Que les des... Procesador promedio... Carga inalámbrica.. Inalámbrica inversa... Buena pantalla sonido no excelente pero bastante bueno.. También y Ram y Rom de acorde al precio... Tarjeta micro SD. 5000 mili amperios hora en fin... A estos teléfonos casi solo les falta traer IOS instalado....jajajaja ssludos.... Espero entiendan la referencia....,0,0,2025-03-05 02:38:34+00:00,689,104,False
UgyQ7Qm3IYt8Kz_qZ0t4AaABAg,P8I8PW9DiXE,UC7bB2twFWCiFWNOfj2Xb06g,"Ya voy casi 3 años con INFINIX NOTE 12 g96 después de venir de un Galaxy s10 pro+ y la verdad me sorprendió el INFINIX jamás se me congelo la imagen o se colgó, no se calienta, es delgado, excelente camara sobre todo nocturna saca mejor que un Chaiphone 12 pro+, comprobado, es rápido, y su batería aguanta bastante y me lo compré por 150$us en mi país desde ese momento, hasta hoy me siento feliz con este teléfono, lo malo que los teléfonos de hoy no mejoraron tanto pero si me quedo en la marca, así se hace INFINIX no bajen la calidad porfavor, saludos",6,0,2025-03-06 05:27:31+00:00,556,106,False
Ugw_NcqCBvUYLfmAugR4AaABAg,P8I8PW9DiXE,UC7bB2twFWCiFWNOfj2Xb06g,Este teléfono GT 20 pro es bueno para jugar COD Mobile no se pega ni se traba que alguien me diga por favor pero que digan la verdad,1,3,2025-03-07 19:39:25+00:00,132,28,False
Ugy4vKY8TwNhc92QNiR4AaABAg,P8I8PW9DiXE,UC7bB2twFWCiFWNOfj2Xb06g,Lo único malo es que la pantalla no deja de ser una estándar ninguna compañía se atreve a hacer un SmartPhone de 7 pulgadas ya que este su pantalla es más pequeña que grande,2,1,2025-03-08 01:02:55+00:00,173,34,False
UgybhwUNnmYJTtr_pp14AaABAg,P8I8PW9DiXE,UC7bB2twFWCiFWNOfj2Xb06g,Tu tono de voz apagado me dio sueño que paso tp jajaa 😢😢,0,1,2025-03-13 22:50:44+00:00,56,13,False
UgxOz2nKlojH2cegyR14AaABAg,P8I8PW9DiXE,UC7bB2twFWCiFWNOfj2Xb06g,"Muy interesante pero yo necesito un celular 🤳🏻 para redes sociales y hacer lives en YouTube y no sé si este me va a servir. ¿Me pueden aconsejar uno de esta marca o de Oppo, Xiaomi, Tecno ecc.?",0,2,2025-03-14 18:15:52+00:00,193,38,True
UgxfmfNPrXPhdTPSJ_B4AaABAg,P8I8PW9DiXE,UC7bB2twFWCiFWNOfj2Xb06g,"Mientras no se ponga tan caliente como una roca volcánica que te queme las manos... Hahaha buen video Lider, te recomiendo jugar Harry Potter Magic Awakened la APK de NetEase",0,0,2025-03-03 06:32:39+00:00,174,30,False
UgxEaTVDZqzt-jn4dft4AaABAg,P8I8PW9DiXE,UC7bB2twFWCiFWNOfj2Xb06g,ya no corre warzone,0,0,2025-02-11 17:14:05+00:00,19,4,False
UgzjJzVYgLCaH6Z-u7x4AaABAg,P8I8PW9DiXE,UC7bB2twFWCiFWNOfj2Xb06g,En resumen lo mismo de siempre. No entiendo por qué infinix sigue sin crear un procesador gamma alta. Hombre es lo único que le hace falta y Infinix al parecer no observa eso. Han pasado mmmmm 4 años desde su primer lanzamiento? 4 años o mas sin innovar un procesador,0,0,2025-01-06 11:30:20+00:00,267,50,True
UgwPaMZ9hTDy8q2l__x4AaABAg,P8I8PW9DiXE,UC7bB2twFWCiFWNOfj2Xb06g,No me importa lo voy a comprar 🎉,2,0,2025-02-06 23:24:32+00:00,32,8,False
UgyOgr3Gh42-66KTkAN4AaABAg,P8I8PW9DiXE,UC7bB2twFWCiFWNOfj2Xb06g,El mío se calienta,0,0,2025-03-16 23:10:32+00:00,18,4,False
UgwHBfmlNPJOX5a_M9R4AaABAg,P8I8PW9DiXE,UC7bB2twFWCiFWNOfj2Xb06g,es mejor el infinix gt 20 pro o el poco f5?,0,1,2025-01-07 19:53:02+00:00,43,11,True
Ugy1DMVvVlC1VaR3prR4AaABAg,P8I8PW9DiXE,UC7bB2twFWCiFWNOfj2Xb06g,Que pedo con el link de compra 1200 el equipo,0,0,2025-01-08 15:00:25+00:00,45,10,False
UgyZr4nQC28PmVgqDrl4AaABAg,P8I8PW9DiXE,UC7bB2twFWCiFWNOfj2Xb06g,Entre el infinix y el samsung j2 prime cual es mejor?,0,0,2025-01-08 19:15:42+00:00,53,11,True
UgzzwFO_6B-0vgfohsp4AaABAg,P8I8PW9DiXE,UC7bB2twFWCiFWNOfj2Xb06g,"Hola, me recomiendan este o el NOTE 40 PRO 5G ?",0,0,2025-01-09 02:10:36+00:00,47,11,True
UgyxDdP4GwQOkdqgSTl4AaABAg,P8I8PW9DiXE,UC7bB2twFWCiFWNOfj2Xb06g,La camara es pesima,0,0,2025-01-17 00:00:43+00:00,19,4,False
UgyU8frxvDRXaZWg6jl4AaABAg,P8I8PW9DiXE,UC7bB2twFWCiFWNOfj2Xb06g,Esperando el siguiente infinix Gt de este año.,0,0,2025-01-18 01:12:54+00:00,46,8,False
UgxAD4Ns_fpiqqDLIAx4AaABAg,P8I8PW9DiXE,UC7bB2twFWCiFWNOfj2Xb06g,Yo viéndolo desde mi infinix gt 20 pro,0,0,2025-02-10 10:34:38+00:00,38,8,False
Ugzf83CGwDpdVGwtWVF4AaABAg,P8I8PW9DiXE,UC7bB2twFWCiFWNOfj2Xb06g,No hables tanto floro y di las características,0,0,2025-01-18 23:54:59+00:00,46,8,False
Ugy8nmaVYbT7-5WEgAh4AaABAg,P8I8PW9DiXE,UC7bB2twFWCiFWNOfj2Xb06g,Woo yo lo tengo y es lo máximo 😊❤❤❤,0,0,2025-01-21 05:02:05+00:00,35,9,False
Ugzs8m7x4ORqP1h7npR4AaABAg,P8I8PW9DiXE,UC7bB2twFWCiFWNOfj2Xb06g,"Lo tengo,buen teléfono,el diseño es todo,la cámara no es su fuerte,no es bueno para emular,",0,0,2025-01-22 13:39:27+00:00,91,15,False
Ugw7NX0iILdcIwHjrTh4AaABAg,P8I8PW9DiXE,UC7bB2twFWCiFWNOfj2Xb06g,Muy bien pero la versión de 8gb que tal va??? no encuentro videos que hablen de el.,0,0,2025-01-23 07:50:53+00:00,83,17,True
UgyNEwdW4sjqOlphght4AaABAg,P8I8PW9DiXE,UC7bB2twFWCiFWNOfj2Xb06g,Primer youtuber que dice la verdad sobre iPhone,0,0,2025-01-24 00:43:51+00:00,47,8,False
UgxNNxRJ3RVUX7eil5F4AaABAg,P8I8PW9DiXE,UC7bB2twFWCiFWNOfj2Xb06g,"Llevo con este celular 6 meses y nunca vi fallas, este tio del video no sabe lo q dice, yo pase de un s23 ultra , este del video es solo hater",0,0,2025-01-25 14:39:54+00:00,142,32,False
UgwfD9XuYbXfSdnNhN14AaABAg,P8I8PW9DiXE,UC7bB2twFWCiFWNOfj2Xb06g,Entre el X7 pro y el GT20 cual es mejor?,0,1,2025-01-31 02:31:21+00:00,40,10,True
UgxM3ra9Ct7Qcpn5LUF4AaABAg,P8I8PW9DiXE,UC7bB2twFWCiFWNOfj2Xb06g,Hay alguna forma de comprarlo aquí en colombia que no sea por Amazon? Una tienda física o algo así?,0,2,2025-02-02 18:04:50+00:00,99,19,True
UgwPh41_4fCLpGcY7_d4AaABAg,P8I8PW9DiXE,UC7bB2twFWCiFWNOfj2Xb06g,Los consejos del final son los mejores 😊,0,0,2025-01-20 16:57:41+00:00,40,8,False
Ugy5sgAfa6Y-7ppZH0Z4AaABAg,P8I8PW9DiXE,UC7bB2twFWCiFWNOfj2Xb06g,las actualizaciones son estables?,0,0,2025-03-19 12:57:17+00:00,33,4,True
UgxkpUPBwYOOtjPPaA54AaABAg,P8I8PW9DiXE,UC7bB2twFWCiFWNOfj2Xb06g,"TP nunca mas hablaste del gt20 pro, podrias darnos tu opinión, gracias",0,0,2025-06-09 10:36:57+00:00,70,12,False
UgyZFgLwA72zS5bBrvp4AaABAg,P8I8PW9DiXE,UC7bB2twFWCiFWNOfj2Xb06g,"Es una maravilla, todos me preguntan cuál es ❤ mi favorito",0,0,2025-03-21 04:14:47+00:00,58,11,False
UgyFW_KsmhQe9tXVy5F4AaABAg,P8I8PW9DiXE,UC7bB2twFWCiFWNOfj2Xb06g,"*No lo recomiendo. Ese teléfono celular, está muy pesado y es muy dedicado, no resiste caídas accidentales, en días de mucho sol lo usaba a brillo máximo y luego de un rato lo dejaba en mi bolsillo del pantalón, pero noté que se empezó a calentar de la batería y se desprendió el pegamento de la tapa trasera.*",0,0,2026-04-12 18:18:17+00:00,310,58,False
UgypimMqPOv1VmOTTdB4AaABAg,P8I8PW9DiXE,UC7bB2twFWCiFWNOfj2Xb06g,Es la bestia animal de los gamers,0,2,2026-01-14 00:50:56+00:00,33,7,False
UgzB6wIQDr8LY9YEM454AaABAg,P8I8PW9DiXE,UC7bB2twFWCiFWNOfj2Xb06g,Yo lo tengo hace 1 año y este último mes los video lo lee por cuadro,0,0,2026-01-07 20:08:55+00:00,68,16,False
UgyLpblz8sMKvbOMU3l4AaABAg,P8I8PW9DiXE,UC7bB2twFWCiFWNOfj2Xb06g,"Me hubiera gustado que esté celular fuera resistente a caídas y contra agua, eso lo hubiera hecho perfecto para mi",0,0,2025-12-30 17:06:43+00:00,114,20,False
Ugy8yIia5ykvkyxKBSt4AaABAg,P8I8PW9DiXE,UC7bB2twFWCiFWNOfj2Xb06g,Vale la pena comprárselo a finales de este 2025 y todo el 2026,1,1,2025-12-29 23:24:06+00:00,62,13,False
Ugy2pip52IOapdOyoW54AaABAg,P8I8PW9DiXE,UC7bB2twFWCiFWNOfj2Xb06g,Bueno lo voy a comprar 🎉,0,0,2025-11-05 22:58:23+00:00,24,6,False
Ugyr-gOqodqbwKref854AaABAg,P8I8PW9DiXE,UC7bB2twFWCiFWNOfj2Xb06g,Oye que me recomiendas comprar en este telefonp y el nubia neo gt 3 pero tanto como para jugar y navegar rn redes sociales,0,1,2025-10-17 17:15:54+00:00,122,24,False
UgyhlAmmswvOyLtuDqp4AaABAg,P8I8PW9DiXE,UC7bB2twFWCiFWNOfj2Xb06g,Yo tengo 9 meses de tenerlo y no tengo ninguna queja y es anti agua,0,0,2025-10-02 13:59:14+00:00,67,15,False
UgwPiPO_grvSkeQOTTB4AaABAg,P8I8PW9DiXE,UC7bB2twFWCiFWNOfj2Xb06g,Haz un vídeo de smartphones con buenos procesadores y baratos,0,0,2025-08-27 00:18:11+00:00,61,10,False
UgyZvppIn4sChyelZSt4AaABAg,P8I8PW9DiXE,UC7bB2twFWCiFWNOfj2Xb06g,"Tengo este celular y me ha decepcionado mucho ya que la batería es muy mala ,con 4 horas de pantalla encendida se descarga al 20 por ciento,quien mas le pasa eso",0,3,2025-08-06 12:38:25+00:00,161,31,False
UgzxcO93emHjZOpgVg94AaABAg,P8I8PW9DiXE,UC7bB2twFWCiFWNOfj2Xb06g,Tío TP podes hablar más de este modelo o de hermano mayor el gt30pro. Me gusta pero no se que tal esta marca,0,0,2025-08-03 22:55:54+00:00,108,23,False
Ugyqv6EmbxflYPATVhR4AaABAg,P8I8PW9DiXE,UC7bB2twFWCiFWNOfj2Xb06g,"Que Tal Bro! Me gusta el contenido de tu canal y me gustaría que me sacarás de duda, hay un teléfono de la marca VoVe GT 20 Pro que es exactamente igual en apariencia la diferencia es marca impresa en el carcas. Quiciera que pudieras hacer una comparacion Exhaustiva de ambos teléfonos! Te agradezco y Te felicito por tus videos. Saludos desde La Paz, México 🇲🇽 Espero tu Respuesta! 1:23",1,0,2025-07-22 09:44:34+00:00,387,70,False
UgzVBnNyC0cM1e5RV4l4AaABAg,P8I8PW9DiXE,UC7bB2twFWCiFWNOfj2Xb06g,vamooo con esa intro jaja abrazo desde Argentina.,0,0,2025-07-11 19:55:01+00:00,49,8,False
UgxUHutODz1SMCoz-wB4AaABAg,P8I8PW9DiXE,UC7bB2twFWCiFWNOfj2Xb06g,La verdad que poca confianza me da tu review cuando pones videos de muestra a 30fps,0,0,2025-06-25 18:03:07+00:00,83,16,False
UgyFdY2Y5KJRcDKVfxJ4AaABAg,P8I8PW9DiXE,UC7bB2twFWCiFWNOfj2Xb06g,Cual es mejor ese o el infinix note 50 pro???,0,0,2025-06-13 07:46:53+00:00,45,10,True
UgzVz87LNxMYndxR0714AaABAg,P8I8PW9DiXE,UC7bB2twFWCiFWNOfj2Xb06g,Yo lo cargo a las 4 de la tarde en 38% dos veces al día ?? Y la duración,0,2,2026-06-13 23:18:38+00:00,72,19,True
UgyGhvM1yicHiMvXkip4AaABAg,P8I8PW9DiXE,UC7bB2twFWCiFWNOfj2Xb06g,Se pueden jugar todos kos juegos con gtaficos altos o solo algunos?,0,1,2025-06-11 08:22:11+00:00,67,12,True
UgxxSuQM5IECUYyP0GR4AaABAg,P8I8PW9DiXE,UC7bB2twFWCiFWNOfj2Xb06g,tenia tiempo sin ver un video de este pana y definitivamente se escucha muy apagado la polemica le apago su caracteristica voz,0,0,2025-06-10 21:14:57+00:00,126,22,False
Ugz4ocGd-U6w7lo9s194AaABAg,P8I8PW9DiXE,UC7bB2twFWCiFWNOfj2Xb06g,"Alguien a pasado de samsung a este infinix? Quiero cambiarme ya que el s24 calienta mucho la bateria y se descarha rapido! Quiero pasarme a linea gaming ya que juego mucho COD, efootbol etc.",0,3,2025-06-09 15:31:36+00:00,190,34,True
UgxABHnkbc8PDAkKWnl4AaABAg,P8I8PW9DiXE,UC7bB2twFWCiFWNOfj2Xb06g,Que quiere decir cuando dicen que tiene actualización de Android por hasta 2 años? Que después de los 2 años no se actualiza más o que da hasta Android 16,3,1,2025-03-21 22:33:43+00:00,154,30,True
UgwAfSOQBRuEf-upCtF4AaABAg,P8I8PW9DiXE,UC7bB2twFWCiFWNOfj2Xb06g,Tiene estabilización de imágen grabando video?,0,0,2025-03-23 22:00:00+00:00,46,6,True
UgyvmrBiqpaCPVGS52Z4AaABAg,P8I8PW9DiXE,UC7bB2twFWCiFWNOfj2Xb06g,"Me pregunto que tan bien o mal optimizado estará para emuladores, yo tengo el pova 5 y no puede con 3ds o switch cuando el galaxy a15 si puede y tiene igual procesador, este si hará la diferencia?",2,0,2025-03-25 04:23:59+00:00,196,38,True
UgzTqOx7-4JeZ8KuVBV4AaABAg,P8I8PW9DiXE,UC7bB2twFWCiFWNOfj2Xb06g,Esa madre parece una PC gaming todo lo corre a 120 ps todo en ultra juegos super pesados me impresionó su poder pero para jugarlo necesitas su ventilador esa cosa es poderosa con sus dos chips es una PC gaming,0,0,2025-04-09 03:53:00+00:00,209,40,False
UgwhPT4W5vhsecoZt2d4AaABAg,P8I8PW9DiXE,UC7bB2twFWCiFWNOfj2Xb06g,"Excelente celular, no tengo quejas❤",0,0,2025-04-23 14:48:53+00:00,35,5,False
UgxO2AUrnbCrAaCSwIJ4AaABAg,P8I8PW9DiXE,UC7bB2twFWCiFWNOfj2Xb06g,"Recomienden audífonos buenos para este cel, de preferencia que no sean inalámbricos",0,0,2025-04-30 03:18:50+00:00,83,12,False
UgylH19awqxM5CepbKp4AaABAg,P8I8PW9DiXE,UC7bB2twFWCiFWNOfj2Xb06g,Q tal la cámara?,0,1,2025-05-04 21:12:36+00:00,16,4,True
UgxYgQ0Zmnvf-WMtBM94AaABAg,P8I8PW9DiXE,UC7bB2twFWCiFWNOfj2Xb06g,Lo acabo de empezar a ver en mi infinix GT 20 pro,0,0,2025-03-19 13:38:30+00:00,49,12,False
UgyjdWaZcablKreBrvJ4AaABAg,P8I8PW9DiXE,UC7bB2twFWCiFWNOfj2Xb06g,El único infinix malo que existe es el que yo tengo,0,0,2025-05-06 15:33:16+00:00,51,11,False
UgzDN433WfaWcclc09R4AaABAg,P8I8PW9DiXE,UC7bB2twFWCiFWNOfj2Xb06g,Alguien me explica por qué mi GT 20 no me va fluido en los juegos?,0,1,2025-05-17 05:21:17+00:00,66,15,True
UgzHzlKaYs9_elqPKPV4AaABAg,P8I8PW9DiXE,UC7bB2twFWCiFWNOfj2Xb06g,Hace 1 dia lo tengo es malisimo la bateria no me duro nada,0,0,2025-05-23 03:19:51+00:00,58,13,False
Ugw1AIumAggpIvGztFx4AaABAg,P8I8PW9DiXE,UC7bB2twFWCiFWNOfj2Xb06g,En pocas palabras un one plus 12 r de segunda mano y ganaste 👍.,0,0,2025-05-23 11:17:37+00:00,63,14,False
Ugzbqh7xXIpG1dPlNpN4AaABAg,P8I8PW9DiXE,UC7bB2twFWCiFWNOfj2Xb06g,"Pues espero me funcione puesto que tenía un galaxy s23 Ultra que acabo de perder, ese teléfono se calentaba por jugar CarXstreet con gráficos altos y sin limitador de fps, Aunque el Call of Duty lo corrís sin problemas con gráficos a tope pero no soy fan de esos juegos igual no conozco genshin impact pero pues me convenció aunque no mucho lo del término de la cámara porque sí lo uso para tomar fotos, de coches comunmente 😁",0,3,2025-05-27 16:55:58+00:00,426,79,False
Ugy6dr8DFfPRJVuzRE54AaABAg,P8I8PW9DiXE,UC7bB2twFWCiFWNOfj2Xb06g,No tiene Para micro sd verdad,1,0,2025-05-31 14:36:14+00:00,29,6,False
UgwVN9EGl0aHDmknI5p4AaABAg,P8I8PW9DiXE,UC7bB2twFWCiFWNOfj2Xb06g,"Bro, lo tengo ya 1 año. Incluso con los diseños posteriores de otras marcas (y de la misma marca) ha Sido superior en todo sentido. Realicé comparaciones en todos los apartados, hasta hace 2 meses y eso me da la capacidad para hacer este comentario.",0,0,2025-06-03 11:49:47+00:00,249,45,False
Ugwebfju439TTY3kDbR4AaABAg,P8I8PW9DiXE,UC7bB2twFWCiFWNOfj2Xb06g,"Cualquier cosa con luces: ""Gamer"". Semáforos: ""Gamers"".",0,0,2025-06-05 18:28:13+00:00,55,7,False
Ugzv-lU5wjxNlQ5Uzzt4AaABAg,P8I8PW9DiXE,UC7bB2twFWCiFWNOfj2Xb06g,Una pregunta lejala el Minecraft con shaders potentes? Y tabie para el mod depokemon para Minecraft,0,0,2025-05-16 21:11:35+00:00,99,16,True
Ugxzy9aMD0dX5a6sit94AaABAg,P8I8PW9DiXE,UC7bB2twFWCiFWNOfj2Xb06g,En nivel Gamer le rompe la dona al que sea además ofrece 24 GB de RAM y 144hz 😎 tiene dos chips uno para la pantalla y otro que es el procesador Mediatek Dimensity 8200,0,1,2024-12-31 05:19:25+00:00,168,35,False
Ugy9oWrhj0mdNNUGZbB4AaABAg,P8I8PW9DiXE,UC7bB2twFWCiFWNOfj2Xb06g,"Un telefono gaming debe tener gatillos para que realmente sea diferente y realmente enfocado al gaming, en lugar de ponerle tanta lucesita seria mil veces mejor dos gatillos",2,1,2024-12-31 02:22:30+00:00,173,28,False
Ugyo69m2iAmYoWvjJ8t4AaABAg,gL-yTeEkSfk,UCXDNBVviAp_P9beRcE6bk4Q,Donde se puede comprar uno de eso soy de argentina 😢,0,5,2025-02-22 04:00:26+00:00,52,11,False
UgycYwOyCxV6Ohj8jLt4AaABAg,gL-yTeEkSfk,UCXDNBVviAp_P9beRcE6bk4Q,"Hola quiero comprar ese móvil pero no sé, si es confiable comprarlo por eBay o que aplicacion es confiable",0,2,2025-05-02 15:58:17+00:00,106,19,False
UgxGhZVG4kz-Vg_grDJ4AaABAg,gL-yTeEkSfk,UCXDNBVviAp_P9beRcE6bk4Q,Me costo 1600 pero ni bien salio y es muy bueno. Lo malo que no hay carcasas disponibles en el mercado. Solo pedirlo mercado extranjero,2,2,2025-05-05 02:11:27+00:00,135,25,False
Ugzj97-BhkO3bqzMri54AaABAg,gL-yTeEkSfk,UCXDNBVviAp_P9beRcE6bk4Q,"No mueve warzon , dice jjajaja yo lo tengo y si lo mueve y muy bien",0,0,2025-05-07 16:36:15+00:00,67,16,False
UgzRRuKHRmt-vllXGol4AaABAg,gL-yTeEkSfk,UCXDNBVviAp_P9beRcE6bk4Q,en donde conectan el ventilador ????,0,0,2025-05-09 07:00:30+00:00,36,6,True
UgwhG7VYfjkPlYNdBnx4AaABAg,gL-yTeEkSfk,UCXDNBVviAp_P9beRcE6bk4Q,"Hola saludos, una pregunta que adaptador el puedo comprar ya que me gusta utilizar audífonos de cable Jack 3.5",0,1,2025-05-16 19:06:40+00:00,110,19,False
UgyaI50YvXog79X1LRp4AaABAg,gL-yTeEkSfk,UCXDNBVviAp_P9beRcE6bk4Q,Buenas compre el celular hace unos días y todo era normal y hoy empezó con problemas de que se escucha despacio sers problema del teléfonos o algún bug?,0,2,2025-05-18 09:02:38+00:00,152,28,True
Ugx-pnOguIFufnTyKIh4AaABAg,gL-yTeEkSfk,UCXDNBVviAp_P9beRcE6bk4Q,Donde lo puedo comprar con el kit completo,2,0,2025-05-20 03:06:44+00:00,42,8,False
Ugz2DQj2gmp1HtmFmWN4AaABAg,gL-yTeEkSfk,UCXDNBVviAp_P9beRcE6bk4Q,"me gusta que cuando estas en pantalla completa jugando o viendo videos (pantalla en horizontal), si te llegan mensajes, el mensaje te aparece en una animación en la parte superior, asi los puedes leer sin salirte de lo que estes haciendo estoy encantado con este teléfono por todas las funciones tan geniales que tiene",1,1,2025-06-02 15:37:02+00:00,318,54,False
UgxpYSDlZaIRx1bPGP54AaABAg,gL-yTeEkSfk,UCXDNBVviAp_P9beRcE6bk4Q,Viendolo desde mi infinix gt 20 pro 😊,13,2,2025-06-05 20:07:30+00:00,37,8,False
UgywU00tACH5AN6Qh2V4AaABAg,gL-yTeEkSfk,UCXDNBVviAp_P9beRcE6bk4Q,"Excelente análisis, sabes si cuenta con carga inalámbrica?",0,1,2025-06-05 21:35:46+00:00,58,8,True
Ugw1xHblaj6DQjfbsMZ4AaABAg,gL-yTeEkSfk,UCXDNBVviAp_P9beRcE6bk4Q,Alguien me ayuda? me conviene este o el note 50 pro??,1,0,2025-06-07 23:34:58+00:00,53,11,True
UgzWVckmjxWmcyXWuKZ4AaABAg,gL-yTeEkSfk,UCXDNBVviAp_P9beRcE6bk4Q,yo lo compre a 1150 soles :v y el kit esaba 1300,0,0,2025-06-19 01:57:18+00:00,48,12,False
UgzqN3-ryS0z_Dk9lsx4AaABAg,gL-yTeEkSfk,UCXDNBVviAp_P9beRcE6bk4Q,Re incómodos los que lo ven por el 20gt pro cuando ya salió el 30gt pro.,0,1,2025-07-18 23:19:45+00:00,72,16,False
UgxZwpXWNw91lLee3bl4AaABAg,gL-yTeEkSfk,UCXDNBVviAp_P9beRcE6bk4Q,Está equivocado... Si corre el warzone..... A mí me va sin problemas,0,1,2025-07-22 06:14:43+00:00,68,12,False
UgyDYj6DMKKg4UoWg054AaABAg,gL-yTeEkSfk,UCXDNBVviAp_P9beRcE6bk4Q,Ami me parece un buen teléfono no me a desepcionado 🎉❤ y sobre las cámaras no es lo esencial para mí,2,0,2025-10-25 23:40:12+00:00,100,21,False
Ugyxe3DhBeztzBl20tt4AaABAg,gL-yTeEkSfk,UCXDNBVviAp_P9beRcE6bk4Q,Se podría decir que infinix gr30 pro es mejor en todo q. Este teléfono?,0,0,2025-11-18 15:15:47+00:00,71,14,True
UgzAmoxDBy2zBT09jQR4AaABAg,gL-yTeEkSfk,UCXDNBVviAp_P9beRcE6bk4Q,El sonido se configura para que suene con mas claridad con un buen reproductor con equilizador cómo el poweramp,0,0,2025-12-08 18:08:18+00:00,111,19,False
Ugw_PdBGoALfUKWeMw54AaABAg,gL-yTeEkSfk,UCXDNBVviAp_P9beRcE6bk4Q,Jugarlo con farlaig 84 lo calienta a 45grados,0,0,2026-07-08 01:39:21+00:00,45,8,False
UgxtchD1-HI_r7-3myp4AaABAg,gL-yTeEkSfk,UCXDNBVviAp_P9beRcE6bk4Q,Mano para cuando el unboxin del poco x7 pro?y sus pruebas.,1,1,2025-02-21 19:15:49+00:00,58,11,True
UgytuBnGbwaDEycgP_Z4AaABAg,gL-yTeEkSfk,UCXDNBVviAp_P9beRcE6bk4Q,El teléfono está chato para cod y es fluidos esta randow,0,0,2025-05-02 00:32:02+00:00,56,11,False
UgwVd_9a6n4lYWvwpst4AaABAg,gL-yTeEkSfk,UCXDNBVviAp_P9beRcE6bk4Q,Qué tan bueno es y resistente en caídas de un metro digamos de un escritorio?,0,0,2025-05-01 21:42:42+00:00,77,15,True
UgzD_XPYdiS-cFEg9Zx4AaABAg,gL-yTeEkSfk,UCXDNBVviAp_P9beRcE6bk4Q,"*No lo recomiendo. Ese teléfono celular, está muy pesado y es muy dedicado, no resiste caídas accidentales, en días de mucho sol lo usaba a brillo máximo y luego de un rato lo dejaba en mi bolsillo del pantalón, pero noté que se empezó a calentar de la batería y se desprendió el pegamento de la tapa trasera, luego se apagaba solo y note que la batería ya estaba inflada.*",0,0,2026-04-12 18:37:31+00:00,373,70,False
Ugx6tZCbAs-_CYFADS14AaABAg,gL-yTeEkSfk,UCXDNBVviAp_P9beRcE6bk4Q,yo solo voy a jugar el league of legends wild rift y fifa y por hay también algún emulador de ps2,1,1,2025-04-25 00:14:01+00:00,97,21,False
Ugz9hyL215CCBYt9syR4AaABAg,gL-yTeEkSfk,UCXDNBVviAp_P9beRcE6bk4Q,Viendo el vídeo desde mi infinix 20 pro,6,2,2025-02-22 21:13:50+00:00,39,8,False
Ugxx4JdPYxZrxKEgiyx4AaABAg,gL-yTeEkSfk,UCXDNBVviAp_P9beRcE6bk4Q,Por qué lo gatillo magnéticos no funcionan en el infinix gt 20,0,2,2025-05-01 00:37:19+00:00,62,12,False
Ugx-7oXTFxygjp_svkt4AaABAg,gL-yTeEkSfk,UCXDNBVviAp_P9beRcE6bk4Q,Cual es el precio del infinix,1,2,2025-02-23 03:59:45+00:00,29,6,False
Ugyd2Uj5TW7EU_bmiEt4AaABAg,gL-yTeEkSfk,UCXDNBVviAp_P9beRcE6bk4Q,Viendo el video desde mi celular Samsung Galaxy S25 ultra. Una buena opción para tener un celular adicional como el infinix gt20 pro 👍,3,2,2025-02-23 18:00:34+00:00,134,24,False
UgzI_p6rZsqVjwm7pml4AaABAg,gL-yTeEkSfk,UCXDNBVviAp_P9beRcE6bk4Q,"6.78"" ya es 6.8"" directamente",0,0,2025-02-23 21:56:16+00:00,29,5,False
UgwCV-vUE2ONHteAzzR4AaABAg,gL-yTeEkSfk,UCXDNBVviAp_P9beRcE6bk4Q,Gracias jajaja no sabia si comprarlo,1,1,2025-02-23 22:17:10+00:00,36,6,False
Ugx2tUz9CenliNtz4H94AaABAg,gL-yTeEkSfk,UCXDNBVviAp_P9beRcE6bk4Q,"Ya lo puedo encontrar en 1180 soles, sin su combo",4,4,2025-02-24 04:18:05+00:00,49,10,False
UgxwtAHylOhb_V_f5fN4AaABAg,gL-yTeEkSfk,UCXDNBVviAp_P9beRcE6bk4Q,"Meses esperando está review, de lujo!",2,1,2025-02-26 07:10:33+00:00,37,6,False
UgyTx2IZSuA-_uId2I14AaABAg,gL-yTeEkSfk,UCXDNBVviAp_P9beRcE6bk4Q,Quisiera saber si ese equipo trae errores en su software ?,1,3,2025-02-28 02:53:42+00:00,58,11,True
UgxYXnwNFkSaxMuIo914AaABAg,gL-yTeEkSfk,UCXDNBVviAp_P9beRcE6bk4Q,"Ya 2 semanas usando el infinix GT 20 Pro. Por el precio quede conforme y feliz!. Dando el cambio de un samsung G. a11(jaja) a este gt es una maquina, ya que equipos como samsung y motorola x el mismo precio te ofrecen equipos incompletos. Punto en contra come la bateria pero no al punto de que llegue a 0, obviamente dependiendo el uso, igual te dura 16hs, lo bueno se carga rapido. El Celular se calienta demasiado cuando la temperatura ambiente es mayor a 30° igual le pasa a la mayoria de celus, depende graficas de los juegos y el tiempo que pasas ""viciando"". A veces los pongo en el freezer 1 minuto y listo jajajaja Tiene muchísimas funciones que traen equipos mas caros y otras normales que traen la mayoria. Camara diria que bastante bien con muchas opciones, x lo menos al lado de equipos samsung y motorolas por el mismo o similar precio. De ahí en mas, en mi opinion por el precio le da pelea a algunos modelos de iphone y otras marcas. Y despues estetica 1000% todo el mundo te mira el celular xq llama demasiado la atención sale muy fuera de lo comun, es unico y hermoso. Lo compre en arg cba capital x market place a 365usd sin el kit. En mercado libre esta mas caro (increiblemente)",15,3,2025-02-23 02:09:49+00:00,1198,224,False
Ugz902ZYy5ao5yLBbXx4AaABAg,gL-yTeEkSfk,UCXDNBVviAp_P9beRcE6bk4Q,"Justo estoy buscando opciones de celulares, en lo que llevo visto el infinix gt 20 me esta llamando mucho la atención, en especial por el diseño, probablemente termine comprando este modelo, ya que no me afectan demasiado sus carencias que tiene.",3,0,2025-03-19 06:00:28+00:00,246,41,False
UgzuebHAsTlQ9e7RsBt4AaABAg,gL-yTeEkSfk,UCXDNBVviAp_P9beRcE6bk4Q,Quiero comprarlo y nose si ese o ahorro mas por el poco x7 pro,1,2,2025-03-28 06:50:29+00:00,62,14,False
UgxaHee9TjHvdWqonsh4AaABAg,gL-yTeEkSfk,UCXDNBVviAp_P9beRcE6bk4Q,Yo lo vi a un precio de 990 solo el celular 👁️👄👁️👍🏻,0,0,2025-03-31 00:34:29+00:00,51,12,False
UgyglWyHojlnjbhvsEd4AaABAg,gL-yTeEkSfk,UCXDNBVviAp_P9beRcE6bk4Q,Es muy bueno el Gt 20 pro,0,0,2025-04-04 12:47:44+00:00,25,7,False
Ugx3HIjLcBMUOzJ6Gdx4AaABAg,gL-yTeEkSfk,UCXDNBVviAp_P9beRcE6bk4Q,Donde encuentras la versión con todo el kit porque no lo encontré ni en la página oficial :(,0,1,2025-04-04 19:21:02+00:00,92,18,False
UgzkOkcGOAiXN0rYYJ14AaABAg,gL-yTeEkSfk,UCXDNBVviAp_P9beRcE6bk4Q,"En un mes lo tengo, actualmente tengo el redmi note 14 pro y el Samsung s20 fe 5g Pero quieroo probar esa marca infinic",0,2,2025-04-09 13:37:03+00:00,119,24,False
UgyKsc8MVK9MKOfHp9d4AaABAg,gL-yTeEkSfk,UCXDNBVviAp_P9beRcE6bk4Q,Ya sacaron una actualización para warzone móvil ya se puede jugar warzoy,3,1,2025-04-13 03:03:51+00:00,72,12,False
UgygAMryuDMYFdu5h4N4AaABAg,gL-yTeEkSfk,UCXDNBVviAp_P9beRcE6bk4Q,"Hola , entre el infinix zero 40 5g y el gt 20 pro con cual te quedarías, cual es mejor??",0,0,2025-04-17 03:25:26+00:00,88,20,True
UgyCWwnUqx2Pk1HEAr94AaABAg,gL-yTeEkSfk,UCXDNBVviAp_P9beRcE6bk4Q,Necesito uno de esos😊. Quiero hacer contenido de Call of Duty Mobile,0,0,2025-04-15 17:09:57+00:00,68,12,False
Ugx0696Nr737oIZ5RsJ4AaABAg,gL-yTeEkSfk,UCXDNBVviAp_P9beRcE6bk4Q,"Excelente equipo, 1120 so, pero fue casi cuando recién llego. Mejor que esos pocos sobrevalorados que explotan. Lo compré en Compupalace, ya ha subido su cache y dudo que alguien lo encuentre a ese precio actualmente.",3,1,2025-03-15 19:58:25+00:00,217,36,False
UgxvWyhnlVnrZ92RWCx4AaABAg,c3Ggr_LjnAw,UCxz7sBKlpcpyCiPwXupRymw,Que teléfono recomiendas para grabar pantalla,0,0,2024-10-17 13:07:35+00:00,45,6,False
Ugz8_p_SmzWx1DjlG6J4AaABAg,c3Ggr_LjnAw,UCxz7sBKlpcpyCiPwXupRymw,Está bien feo las fotos,0,0,2024-10-19 00:39:53+00:00,23,5,False
UgyKmX13qIMDnfgtm3B4AaABAg,c3Ggr_LjnAw,UCxz7sBKlpcpyCiPwXupRymw,Huawei Magic 6 pro solo el que no ha tenido un mate no sabrá que eso es un huawei,0,3,2024-11-05 03:54:29+00:00,81,19,False
Ugw_V0eRvCwo1KmKAE94AaABAg,c3Ggr_LjnAw,UCxz7sBKlpcpyCiPwXupRymw,Me gustan mucho tus vídeos porque eres muy honesto y explícito. Gracias por brindarnos contenido tan genial y así mismo detallado. Saludos estimado Isa,0,0,2024-10-21 20:39:33+00:00,151,24,False
UgzmKMgzX3lkFfZFStd4AaABAg,c3Ggr_LjnAw,UCxz7sBKlpcpyCiPwXupRymw,Tendra la funcion MHL?,0,0,2024-10-30 00:58:36+00:00,22,4,True
Ugw5Ez43mHPPbezodGd4AaABAg,c3Ggr_LjnAw,UCxz7sBKlpcpyCiPwXupRymw,Yo lo tengo y se me solucionó el detalle de calentamiento con unaa actualización que me llegó.. ❤🎉,3,2,2024-10-21 07:18:24+00:00,98,18,False
UgzlgPqjBsCxy6tWTVZ4AaABAg,c3Ggr_LjnAw,UCxz7sBKlpcpyCiPwXupRymw,Bueno pa mi la camara no es algo que muy necesario...,0,0,2024-10-17 02:55:41+00:00,53,11,False
UgxkMsNpfQAxb_tnMC54AaABAg,c3Ggr_LjnAw,UCxz7sBKlpcpyCiPwXupRymw,"Solo no me gustó el control de calidad, mi cámara venía con pequeños rayones y para el precio que tiene se me hace una falta grande",0,0,2024-09-26 15:53:23+00:00,131,26,False
UgwL3ER8-gSCt6YvLtl4AaABAg,c3Ggr_LjnAw,UCxz7sBKlpcpyCiPwXupRymw,"Mi realme GT2 Pro tiene integrada en su cámara un scanner muy parecido, permitiendo identificar el documento, agregar páginas, etc 😊",6,2,2024-10-03 15:40:55+00:00,132,21,False
UgxIpP_poeJ-SJecxhR4AaABAg,c3Ggr_LjnAw,UCxz7sBKlpcpyCiPwXupRymw,@Isa Marcial a mi se me cayo mi honor magic 6 pro y se astillo la pantalla no se 😢si en realidad tiene la protección mas buena del mercado me da hasta no se que sentie esos arañazos la verdad me decepcionó mucho que la primer caida y se hizo miel...,2,4,2024-09-27 08:51:04+00:00,249,51,False
UgyoHjH75ZzMhlFesUV4AaABAg,c3Ggr_LjnAw,UCxz7sBKlpcpyCiPwXupRymw,"Lo pude conseguir en $950 en CR e incluía el Honor watch GS3 y audífonos inhalámbricos, está muy excelente el teléfono por su precio, qué mal que esté tan caro en México.",1,1,2024-09-24 18:10:54+00:00,170,32,False
Ugw512mee-_2PdoEt554AaABAg,c3Ggr_LjnAw,UCxz7sBKlpcpyCiPwXupRymw,Yo lo tengo muy buen teléfono $1000 dólares pero vale la pena es de 1tb y 16 de ram,0,0,2024-09-19 08:33:40+00:00,83,19,False
UgxBY-HZluUwhyNawIB4AaABAg,c3Ggr_LjnAw,UCxz7sBKlpcpyCiPwXupRymw,"Buenas tardes, vengo de un realme gt 2 pro pero la pantalla le salió rallas y se dejó de ver y estoy interesada en en este honor Magic6 pro pero yo vivo en Cuba y esta parte del mundo es súper complicado con todo y para Yo tenerlo mis familiares me lo tienen que mandar desde los estados unidos de américa y como es chino el dispositivo me cuesta trabajo en cual escoger por las versiones global una es bvl-n49 y bvl-n94 quisiera saber cuál de estas es la más completa y que traiga los servicios de Google de fabrica mas el cargador en la caja ya que una vez que me l9 envíen aquí no hay vuelta atrás,un saludo desde Cuba 🇨🇺 y espero respuesta porfa.",0,1,2024-09-14 20:36:32+00:00,650,127,False
UgwqQrtohG_X_jJF4Jp4AaABAg,c3Ggr_LjnAw,UCxz7sBKlpcpyCiPwXupRymw,"Tengo este móvil desde hace 3 meses, hagan sus preguntas",2,3,2024-09-14 16:00:42+00:00,56,10,False
UgxYa2O9BY4YbxI_wCN4AaABAg,c3Ggr_LjnAw,UCxz7sBKlpcpyCiPwXupRymw,Lo unico que no me gusta es su pantalla curva 😢,2,0,2024-09-14 01:24:53+00:00,47,11,False
Ugx-maGSxFlKY5KJtRh4AaABAg,c3Ggr_LjnAw,UCxz7sBKlpcpyCiPwXupRymw,"Use iPhone durante años, pero justo ayer compre este móvil, venía con una tableta de regalo, me siento algo torpe con Android pero espero me vaya superar bien con el cambio",13,2,2024-11-13 16:32:13+00:00,172,31,False
UgzqUXpOTKsPeV9A56N4AaABAg,c3Ggr_LjnAw,UCxz7sBKlpcpyCiPwXupRymw,Tengo una duda.. Con que powerbamk lo puedo usar ya compre 2 y lo carga muy lento.. Y se calienta bastante.,0,0,2024-09-12 02:33:07+00:00,107,21,False
Ugz5uKr7qynKJBy98sh4AaABAg,c3Ggr_LjnAw,UCxz7sBKlpcpyCiPwXupRymw,"Isa... Estoy por comprarme un cel. Pero quiero saber la diferencia entre el magic 6 lite el 6 pro. Tendras alguna pagina para ver las comparaciones??? Gracias por los videos, son muy informativos 👍👍👍",0,1,2024-10-09 02:57:38+00:00,199,34,True
Ugyu7Acc04kMaI9PzrZ4AaABAg,c3Ggr_LjnAw,UCxz7sBKlpcpyCiPwXupRymw,Acabo de comprarlo y la verdad me parece buena opción. Estuve viendo otras opciones y no me convencen. Lo saqué el telcel y pago 700 cada mes por 24 meses. Ya con todo y plan son 1300 y me incluye una tablet,0,1,2024-11-19 18:38:07+00:00,207,42,False
UgxpsKUosVGFQFXYwTV4AaABAg,c3Ggr_LjnAw,UCxz7sBKlpcpyCiPwXupRymw,"Mi honor magic 6 pro, parece una sonaja al agitarlo de las cámaras, me han dicho que es normal que por el estabilizador, será que sea cierto? O tendrá algún daño",0,1,2025-02-24 13:35:20+00:00,161,31,True
UgyPS-tvQ-lShZYBB2x4AaABAg,c3Ggr_LjnAw,UCxz7sBKlpcpyCiPwXupRymw,"En ese caso, mejor optaría por el honor 200?",0,2,2024-11-29 02:59:13+00:00,44,9,True
UgxL98xkjdt5QFW720x4AaABAg,c3Ggr_LjnAw,UCxz7sBKlpcpyCiPwXupRymw,A qué mi Isa pues dile a DX o Mark lo de la camara por qué ellos que son los EXPERTOS lo ponen en 2 o Lugar de las mejores cámaras 😂😂,1,0,2024-09-09 04:27:47+00:00,133,32,False
UgzrwQafh8SU4w6zT9V4AaABAg,c3Ggr_LjnAw,UCxz7sBKlpcpyCiPwXupRymw,El honor 200 pro o el honor magic 6 pro ?,1,4,2025-12-19 05:51:32+00:00,41,11,True
UgwHd5ApIX0Aheoo9Z94AaABAg,c3Ggr_LjnAw,UCxz7sBKlpcpyCiPwXupRymw,Yo viendo desde mi Honor Mágic 6 pro en versión cuero vegano es un dispositivo premium,7,2,2025-10-05 01:26:28+00:00,86,16,False
UgzikRr28nn6YtG3NOF4AaABAg,c3Ggr_LjnAw,UCxz7sBKlpcpyCiPwXupRymw,Tengo el honor magic 5 pro valdría la pena cambiarlo por el 6 pro?,0,1,2025-08-16 00:43:18+00:00,66,14,True
UgxBQOVuR9yEOOCpSM54AaABAg,c3Ggr_LjnAw,UCxz7sBKlpcpyCiPwXupRymw,Me. Conviene comprarlo usado a 621 dolares?,0,2,2025-08-03 05:30:19+00:00,43,7,True
UgyGfIixSPNJKcqbCm94AaABAg,c3Ggr_LjnAw,UCxz7sBKlpcpyCiPwXupRymw,"Disculpa, pero qué tal el audio?",0,0,2025-07-20 19:24:39+00:00,32,6,True
Ugy7kMTX561VFkDTzyV4AaABAg,c3Ggr_LjnAw,UCxz7sBKlpcpyCiPwXupRymw,Y que dispositivos moviles de gama media alta tienen esa cualidad de 4k 120fps? Dinos porfa,0,0,2025-06-10 18:52:00+00:00,91,16,True
UgyPLGRBD0_dQfCm2N54AaABAg,c3Ggr_LjnAw,UCxz7sBKlpcpyCiPwXupRymw,Chocos que opinan sera este mejor que el infinix note 50 pro 5g,0,0,2025-05-23 14:04:37+00:00,63,13,False
UgzWCREwIgRV8L2PYXt4AaABAg,c3Ggr_LjnAw,UCxz7sBKlpcpyCiPwXupRymw,"Pura 70 pro o Magic 6 Pro, cual es mejor opción",0,0,2025-04-11 17:09:27+00:00,47,11,False
UgxLJ-aB1nCeCsh2Xm54AaABAg,c3Ggr_LjnAw,UCxz7sBKlpcpyCiPwXupRymw,"Pues hace unas fotos de cojones, mi encanta, si quieren ver las fotos que puede lograr hacer este móvil @fotosdelmundo_cdg",0,0,2025-03-17 19:49:37+00:00,122,20,False
UgwB1Zcib0mo1h7vAFN4AaABAg,c3Ggr_LjnAw,UCxz7sBKlpcpyCiPwXupRymw,Algo elevado por dios como siempre los panas de México son ricos acá en Venezuela ese móvil cuesta 900$ saludos desde Venezuela ❤,0,0,2025-03-01 20:48:33+00:00,129,23,False
UgxTAFnY4_iRC0uGk1d4AaABAg,c3Ggr_LjnAw,UCxz7sBKlpcpyCiPwXupRymw,En comparacion con el 14t pro cual es mejor inversion?,0,0,2025-02-08 20:53:23+00:00,54,10,True
UgzsUZuIV3IyOIzfzb54AaABAg,c3Ggr_LjnAw,UCxz7sBKlpcpyCiPwXupRymw,"Hola, la cámara de 1x hasta 2.5x no enfoca objetos alejados, es como un blur en el fondo o en general. A alguien mas le pasa?",0,0,2025-02-07 07:20:29+00:00,125,26,True
UgwQXQiKAb8tjAHrj9t4AaABAg,c3Ggr_LjnAw,UCxz7sBKlpcpyCiPwXupRymw,Acabo de comprar uno por 8 mil pesos mexicanos,0,1,2025-01-17 04:29:51+00:00,46,9,False
UgxIHPO3CC0CU9k7wnh4AaABAg,c3Ggr_LjnAw,UCxz7sBKlpcpyCiPwXupRymw,"Duda ISA, entre el S24 ultra y este Honor Magic 6 pro, por cual te decidirias?",1,0,2025-01-04 02:05:27+00:00,78,16,True
UgwjYjbMpbuO_m8vv3B4AaABAg,c3Ggr_LjnAw,UCxz7sBKlpcpyCiPwXupRymw,Hola amigo soy de santiago de chile como lo puedo comprar en línea ? Espero tu respuesta porfa,0,0,2025-01-01 18:14:09+00:00,94,18,True
Ugy7AfN2-348z9Ye6cZ4AaABAg,c3Ggr_LjnAw,UCxz7sBKlpcpyCiPwXupRymw,No entiendo porqué dicen que la camara no es tan buena y en DXOMARK dice que es 1er o 2do puesto en el ranking. alguien me puede explicar?,1,1,2024-12-19 19:11:36+00:00,138,28,True
UgxgwibAQFJ818vEyJR4AaABAg,c3Ggr_LjnAw,UCxz7sBKlpcpyCiPwXupRymw,"@isa marcial : la pregunta del millon este dispositivo enciende la.pantalla cuando llega mensaje whatsap ,facebook,o cualquier notificaciones ,etc ?? me pareces que lo android ya no notifica con pantalla ? es problema en general o solo es mi cell?",0,0,2024-11-21 04:27:34+00:00,247,40,True
UgxBUNiTuVW40t8A5I14AaABAg,c3Ggr_LjnAw,UCxz7sBKlpcpyCiPwXupRymw,Que juego es el que juega en el min 7.40,0,1,2024-09-07 23:06:03+00:00,40,10,False
UgxcCgx1blcu2eP-jHd4AaABAg,c3Ggr_LjnAw,UCxz7sBKlpcpyCiPwXupRymw,"Te equivicas al decir algo sobre el precio de los telefonos , en mexico los precios son un robo algo wue no se porque sucede",0,1,2024-08-21 00:32:24+00:00,124,25,False
Ugy8Wz9tGIhGVM02bh94AaABAg,c3Ggr_LjnAw,UCxz7sBKlpcpyCiPwXupRymw,Dónde se consigue el Honor en Colombia?,0,1,2024-09-05 22:34:59+00:00,39,7,True
UgzRXMWuAIhiBNSLbfl4AaABAg,c3Ggr_LjnAw,UCxz7sBKlpcpyCiPwXupRymw,Que juego era ese del soldado con el ogro,0,1,2024-08-20 22:29:14+00:00,41,9,False
UgxQajOSC2cAfuuCqXZ4AaABAg,c3Ggr_LjnAw,UCxz7sBKlpcpyCiPwXupRymw,Isa mi hermano una consulta entre el Honor mágic 6 pro vs el Xiaomi 14 ultra en tema fotográfico cual recomiendas. Ahora acá en Lima - Perú el Honor está aprox 1350 dolares y el Xiaomi esta aprox 1450... Un abrazo y saludos Perú,0,1,2024-08-20 18:17:38+00:00,228,44,False
Ugys-5PfStEpo_iJY4R4AaABAg,c3Ggr_LjnAw,UCxz7sBKlpcpyCiPwXupRymw,Yo solo me gusto por su desempeño y su bateria y el juego que ase con el procesador solo por eso lo compraré,0,0,2024-08-20 16:50:10+00:00,108,23,False
Ugx58Fh7Ug1a41bJGZl4AaABAg,c3Ggr_LjnAw,UCxz7sBKlpcpyCiPwXupRymw,Cuesta más que el Samsung s 23 ultra no lo compraría el Samsung es mucho mejor que el honor magic 6 pro,0,0,2024-08-20 15:12:54+00:00,103,22,False
Ugz0r0lKRMPLe2KuPw14AaABAg,c3Ggr_LjnAw,UCxz7sBKlpcpyCiPwXupRymw,Puro marketing... Las cámaras son de gama media en realidad y lo ponen como gama alta. El Magic 5 pro era un poco mejor,3,2,2024-08-20 14:50:51+00:00,119,24,False
Ugw4X03c2Wi3YE8mFWB4AaABAg,c3Ggr_LjnAw,UCxz7sBKlpcpyCiPwXupRymw,Por 640 dólares vale la pena? También puedo compra el OnePlus 12 por el mismo precio pero no me decido aun,2,1,2024-08-20 14:25:55+00:00,106,21,True
UgxL6mOrWl5my73dqj94AaABAg,c3Ggr_LjnAw,UCxz7sBKlpcpyCiPwXupRymw,Demasiado caro. Con ese precio mejor un S24 ultra.,1,0,2024-08-20 14:23:45+00:00,50,9,False
Ugzo9--kGQTIeGpXwJd4AaABAg,c3Ggr_LjnAw,UCxz7sBKlpcpyCiPwXupRymw,"Lo compré en 17700 en la página de honor con los descuentos que ofrecen y viene con con un reloj, una tableta y un cargador extra de regalo",0,1,2024-08-20 08:09:38+00:00,139,28,False
UgwGT90wuPPwl6Fap8d4AaABAg,c3Ggr_LjnAw,UCxz7sBKlpcpyCiPwXupRymw,Cuando el Previuw del tecno camon 30 premier 5g completo,0,0,2024-08-19 22:01:51+00:00,56,10,False
Ugx838s3oSHFcHF-dph4AaABAg,c3Ggr_LjnAw,UCxz7sBKlpcpyCiPwXupRymw,Yo diria un vs !!!!! Haber quien gana jajaja ahi se ven los de verdad 🎉🎉🎉🎉🎉🎉🎉,1,0,2024-08-19 21:59:57+00:00,77,16,False
UgyHEBuHRsJ6VHF8yjl4AaABAg,c3Ggr_LjnAw,UCxz7sBKlpcpyCiPwXupRymw,Puros malos temas en camara Pero ami no me importa solo quiero algo bueno para juegos,0,1,2024-08-19 20:17:11+00:00,85,16,False
UgzQGQCbcu-TzeRfxtB4AaABAg,c3Ggr_LjnAw,UCxz7sBKlpcpyCiPwXupRymw,Necesitamos un video de no te compres el Mi 14 ultra sin ver este video,4,1,2024-08-19 19:48:03+00:00,71,15,False
UgxXQ58NPsX1x-DYl_p4AaABAg,c3Ggr_LjnAw,UCxz7sBKlpcpyCiPwXupRymw,Todos los dispositivos son buenos depende lo que buscas: - Honor: Videojuegos - Samsung: Ecosistema - Huawei: Fotografía - OnePlus: Equilibrio (un poquito de todo) - Apple: Ecosistema (algunos creen que da status social)😅,69,5,2024-08-19 19:33:51+00:00,221,34,False
Ugxk-bJeVf3ObcgcDxN4AaABAg,c3Ggr_LjnAw,UCxz7sBKlpcpyCiPwXupRymw,"Yo lo compre en 23,999 y me regalaron una tablet audífonos y reloj.. Ya solo me falta la laptop para tener todo el ecosistema.. Muy buen celular el mejor que eh probado hasta la fecha",10,5,2024-08-19 19:11:55+00:00,183,35,False
UgwNiTHxg_9vhfMxnud4AaABAg,c3Ggr_LjnAw,UCxz7sBKlpcpyCiPwXupRymw,Una pregunta. Alguien me la puede responder? Los celulares de alta gama tienen edites de fotos nativos con más funciones que los de gama baja? Me refiero que si son como las aplicaciónes de Photoshop o picarts. Que tienen funciones como quitar fondos. Y cosas así. S,0,1,2024-08-19 18:43:58+00:00,266,47,True
Ugzh5Z9aaWtYeoEIsvl4AaABAg,c3Ggr_LjnAw,UCxz7sBKlpcpyCiPwXupRymw,y cual me compro ? priorizo camara gama alta (actualmente tengo un s22 ultra),1,8,2024-08-19 18:38:23+00:00,77,14,True
UgznlbI7UGVmw7SolzV4AaABAg,c3Ggr_LjnAw,UCxz7sBKlpcpyCiPwXupRymw,"Vengo del Huawei Mate 20 Pro y ahora con el Honor Magic 6 Pro es como un muy buen aire fresco, Las camaras se les saca probecho siempre y cuando sepas usarlas y la duracion de la bateria mas la alta resistencia que tiene en general del dispositivo sencillamente me Encanta.Ahora con el Snapdragon 8Gen3 ya puedo poner en practica mi propip LLM de forma local en el dispositivo aunque Honor dijo que llegaría una funcionalidad similar aún no llega.Me salió en 1100$ con el Honor Watch GS 3 y el cargador de 100W.",42,8,2024-08-19 16:50:56+00:00,511,94,False
Ugw8sLLVjvqs5TD0Nyt4AaABAg,c3Ggr_LjnAw,UCxz7sBKlpcpyCiPwXupRymw,Yo lo desprecie por el s24 ultra pero si me gusta es lindo ese teléfono todo se mueve como la mantequilla..claro teniendo presupuesto lo compraría para hacerle compañía al S24 ultra,0,0,2024-08-20 22:31:39+00:00,181,31,False
Ugw8UHpKl7vt8EiVtoV4AaABAg,c3Ggr_LjnAw,UCxz7sBKlpcpyCiPwXupRymw,"Vengo de un Huawei mate 20 qué tuve por 5 años mis respetos por ese móvil, ya con el honor magic 6 pro no extraño el el software ya que es lo mismo con algunos cambios además de las mejoras en hardware que se nota por mucho. En Uruguay lo conseguí por 1200 con el reloj de regalo.",32,4,2024-08-20 23:29:19+00:00,280,58,False
UgwJq755QdF2ENWGmHR4AaABAg,c3Ggr_LjnAw,UCxz7sBKlpcpyCiPwXupRymw,"Yo tengo 1 año con este cell, y sigo enamorado, primera ves que no quiero cambiarlo a los 12 meses, por que sigue estando cada vez mejor con las actualizaciones, creo lo cambiare hasta el 2026, por el magic8, y eso que venía de Samsung pura serie Note",2,1,2025-12-25 20:31:21+00:00,251,48,False
UgyD_V8yxr1OLtptpLt4AaABAg,c3Ggr_LjnAw,UCxz7sBKlpcpyCiPwXupRymw,Hola isa cómo estás tienes que hacer un unboxing y Review del moto G04,0,0,2024-08-21 02:48:58+00:00,70,14,False
Ugx6dh8fU3VrbZamK2x4AaABAg,c3Ggr_LjnAw,UCxz7sBKlpcpyCiPwXupRymw,Entre este y el Xiaomi 14 ultra cuál prefieren?,0,1,2024-09-03 20:39:56+00:00,47,9,True
UgyoDdZtI7eZNoC_eut4AaABAg,c3Ggr_LjnAw,UCxz7sBKlpcpyCiPwXupRymw,Sufre sobrecalentamiento en exteriores que baja mucho el brillo de la pantalla?,1,2,2024-09-03 06:27:01+00:00,79,12,True
UgxzVDifFcyBGsDFUvJ4AaABAg,c3Ggr_LjnAw,UCxz7sBKlpcpyCiPwXupRymw,"yo lo tengo y me sorprendio pero para muy mal la calidad de audio en grabaciones de video o grabadora con los microfonos del disposito. Para su posociomamiento de gama , es absolutamente Decepcionante. Hasta la fecha la respuesta de la marca, aqui en España, penosa. No lo recomiendo porque te arruinara mas de algun video y el servicio Postventa nefasto.",3,1,2024-09-01 17:05:22+00:00,355,61,False
UgyfueBe9mYGys23yhB4AaABAg,c3Ggr_LjnAw,UCxz7sBKlpcpyCiPwXupRymw,"Que es mejor, el OP12 o el honor Magic 6 pro?",2,1,2024-09-01 09:03:45+00:00,45,11,True
Ugzisia__lvbVBtYFnV4AaABAg,c3Ggr_LjnAw,UCxz7sBKlpcpyCiPwXupRymw,"Gente, este o el one plus 12? solo cuesta usd 95 mas el honor",0,0,2024-08-30 19:17:34+00:00,61,14,True
UgysfavWM0a8-XjTy9J4AaABAg,c3Ggr_LjnAw,UCxz7sBKlpcpyCiPwXupRymw,"Lo que me gusto… características que sobrepasan un gama alta 😱, lo que no me gusto… buscado el más mínimo detalle a fotografías de otro nivel 🤣🤣🤣… creo q el honor se los lleva a todos este año 😎… Saludos.",2,0,2024-08-29 01:04:24+00:00,204,40,False
UgzYfwSYr31LY5iqW8B4AaABAg,c3Ggr_LjnAw,UCxz7sBKlpcpyCiPwXupRymw,"Ofrece reconocimiento facial en 3D, algo muy poco visto en los android",1,0,2024-08-28 16:55:55+00:00,70,12,False
UgwONrQ_EiR09XwMnBh4AaABAg,c3Ggr_LjnAw,UCxz7sBKlpcpyCiPwXupRymw,Me encanta el teléfono pero las 3 cosas que no me gustan: Se calienta más que el honor 50 qué tenía. Es muy pesado(tengo el de cristal oscuro) Las cámaras se empañan en los cambios bruscos de temperatura.,4,4,2024-08-28 14:47:58+00:00,204,38,False
UgzVM26FNZKLn682Pzd4AaABAg,c3Ggr_LjnAw,UCxz7sBKlpcpyCiPwXupRymw,gente que recomiendan mas...este equipo o el s23 ultra de 256?,0,2,2024-09-06 01:09:45+00:00,62,11,True
Ugy7q-qWiXHZ2WXw6sV4AaABAg,c3Ggr_LjnAw,UCxz7sBKlpcpyCiPwXupRymw,En Ecuador está en 900 dólares. Es recomendable a ese precio??,2,1,2024-08-28 02:21:42+00:00,62,11,True
Ugxhpm5CVF7YPoncMLN4AaABAg,c3Ggr_LjnAw,UCxz7sBKlpcpyCiPwXupRymw,"Muy buen video. Estoy queriendo migrar de mi Realme 12 Pro Plus 5G a otro smartphone que me dé mejores resultados en fotografía y video (debe ser un salto grande en calidad que lo justifique), brillo de pantalla en exteriores, mayor rendimiento, pero quiero gastar aprox u$s 800 (de hecho consigo este Honor Magig 6 Pro en AliExpress en u$s 748). Me recomendarías este smartphone? o cual?",0,0,2024-08-25 23:07:26+00:00,388,67,True
UgzH-0xRCZsju0lpWIp4AaABAg,c3Ggr_LjnAw,UCxz7sBKlpcpyCiPwXupRymw,Tienen suerte los que si cuentan con dinero para comprarlo Yo me conformo con verlo de lejos,0,0,2024-08-25 17:39:52+00:00,92,17,False
Ugxp7oEni4Z_pIGOOiF4AaABAg,c3Ggr_LjnAw,UCxz7sBKlpcpyCiPwXupRymw,"Considerando cómo ha crecido Honor y que le ha puesto guerra a monstruos como Samsung y Apple,tiene mis respetos, espero comprarlo muy pronto 😊",0,0,2024-08-25 02:06:28+00:00,143,24,False
Ugx3ZSYNnYQRDzXoE5V4AaABAg,c3Ggr_LjnAw,UCxz7sBKlpcpyCiPwXupRymw,"Oye, Isa, me hackearon el S23 plus. ¿Dónde está esa seguridad de la que tanto presume Samsung?",0,2,2024-08-24 04:11:10+00:00,94,17,True
UgxXwR3y2LrI8-hFXJh4AaABAg,c3Ggr_LjnAw,UCxz7sBKlpcpyCiPwXupRymw,"Está un poco caro, se entiende porque es alta gama y después de ver este video es un teléfono que vale la pena, exelente video.",7,0,2024-08-22 23:58:04+00:00,127,25,False
Ugw6TfNRlXWoab-uhf54AaABAg,c3Ggr_LjnAw,UCxz7sBKlpcpyCiPwXupRymw,Hola y saludos. Aquí en Colombia ese honor llega a vale igual o más caro que el redmagic 9 pro,0,0,2024-08-21 12:11:09+00:00,94,20,False
UgxdxmU8hfVuky3F9514AaABAg,c3Ggr_LjnAw,UCxz7sBKlpcpyCiPwXupRymw,Este o el s24 ultra?,0,2,2024-08-21 04:57:56+00:00,20,5,True
UgwOk3rOrotgF27iXvV4AaABAg,c3Ggr_LjnAw,UCxz7sBKlpcpyCiPwXupRymw,"Lo de la camara tiene sentido, solo porque otros celulares llenen los celulares en videos muy pesados no quiere decir que sea malo más bien bien pensado",9,0,2024-08-21 04:48:15+00:00,152,27,False
UgxI2h0150Jdv-gfnBt4AaABAg,c3Ggr_LjnAw,UCxz7sBKlpcpyCiPwXupRymw,Uy parece que me arrepiento de la compra,0,0,2024-08-28 01:05:28+00:00,40,8,False
Ugw1Ymq_w7T-FtbO7md4AaABAg,c3Ggr_LjnAw,UCxz7sBKlpcpyCiPwXupRymw,Andate a la mier...ese teléfono ya es para millonarios 😧😧😧,0,0,2026-02-18 06:06:08+00:00,58,10,False
UgzB_1VYi7tQXDCkdAl4AaABAg,c3Ggr_LjnAw,UCxz7sBKlpcpyCiPwXupRymw,"Desde España ha comprado el global en aliexpress me ha salido por 550 €, el Samsung 24 ultra o el Xiaomi 14 ultra qué son algunos de sus competidores cuestan el doble en tienda, este vídeo es absurdo porque en su rango de precios no existe otro igual, si quieres una cámara mejor cómprate el iPhone 16 o el Xiaomi 14 ultra pero vas a pagar el doble o más en cualquiera de ellos, por eso digo que este vídeo es absurdo",0,0,2024-11-23 09:59:15+00:00,417,82,False
UgybqaAI2rA9HORNdAF4AaABAg,c3Ggr_LjnAw,UCxz7sBKlpcpyCiPwXupRymw,Lo acabo de comprar sin detalles en 6mil pesos,3,0,2026-07-14 07:00:09+00:00,46,9,False
UgwAeBId79_c27WFYiN4AaABAg,c3Ggr_LjnAw,UCxz7sBKlpcpyCiPwXupRymw,"Me lo acaban de regalar porque perdí mi CEL, definitivamente soy muy afortunada.",0,0,2026-04-30 18:29:05+00:00,80,13,False
UgzVH6tNUBhYP9gzKJx4AaABAg,5iA6F4Rr7y8,UCFOSg71CRAJ58IPuV_-jMbw,"En topes de game los resultado de la camara son muy superiores por alguna razon, buen video chicos",0,0,2024-10-13 10:46:47+00:00,98,18,False
UgwEKLZ2yrrpfbhw6C54AaABAg,5iA6F4Rr7y8,UCFOSg71CRAJ58IPuV_-jMbw,Tu mujer es más cansona,0,0,2024-10-13 20:37:45+00:00,23,5,False
UgzK1J9pmmILFIpD8lR4AaABAg,5iA6F4Rr7y8,UCFOSg71CRAJ58IPuV_-jMbw,"ANA grabando con iphone ? De razón sus videos los veo siempre pixeleados y con filtros, ve agrada como comentan sobre celulares y la gracia con la que lo dicen, son buenos uds lo hacen excelente.",0,0,2024-10-16 17:48:40+00:00,195,36,True
UgyUk5FK1UXNmlG-N2R4AaABAg,5iA6F4Rr7y8,UCFOSg71CRAJ58IPuV_-jMbw,Tengo un 5 pro sera que lo cambio por el 6 pro?,0,0,2024-10-17 14:47:08+00:00,47,12,True
UgxSeCJQzVEjjHW1dLB4AaABAg,5iA6F4Rr7y8,UCFOSg71CRAJ58IPuV_-jMbw,par de payasos con sus actuaciones baratas de maltrato a un telefono,0,0,2024-10-20 20:51:19+00:00,68,12,False
UgyEyZCKvo30CP2_JIl4AaABAg,5iA6F4Rr7y8,UCFOSg71CRAJ58IPuV_-jMbw,"Lo tengo, medio me gustas, algunas apps se buggean (la cámara), no se a que se deba, ¿puede que sea porque tengo instalado Nova Launcher?",0,0,2024-10-22 21:11:23+00:00,137,25,True
Ugy0Pg_gkrf8IdAcrT54AaABAg,5iA6F4Rr7y8,UCFOSg71CRAJ58IPuV_-jMbw,"14:58 pruebenlo con una broca o fresa de carburo de tungsteno, es lo único aparte de la arena que ha podido rayar mi móvil",2,0,2024-10-23 05:19:25+00:00,122,24,False
UgxgfU697pgFBcjsGdd4AaABAg,5iA6F4Rr7y8,UCFOSg71CRAJ58IPuV_-jMbw,"Insisto, one plus es magnífico pero en verdad, quien sabe de tecnología sabe que el sistema operativo de Apple es demasiado simplificado y puro de usar",0,0,2024-10-23 06:00:03+00:00,151,26,False
UgxgyjD0A1BjBAg6g2l4AaABAg,5iA6F4Rr7y8,UCFOSg71CRAJ58IPuV_-jMbw,Tu fuera t.v tu cosa teléfono Cuéllar mayor,0,0,2024-10-23 13:11:09+00:00,43,8,False
UgyCEPt_s77a7sqKQad4AaABAg,5iA6F4Rr7y8,UCFOSg71CRAJ58IPuV_-jMbw,Al honor le faltaba una actualizacion de Software que llego después y mejoró muchisimo las cámaras,0,0,2024-10-23 19:59:03+00:00,98,16,False
UgwpIXgzTpEgnxpZtHB4AaABAg,5iA6F4Rr7y8,UCFOSg71CRAJ58IPuV_-jMbw,Hola es necesario ponerle protector de pantalla al honor? Gracias,0,0,2024-10-25 22:00:58+00:00,65,10,True
Ugw5yBXGnmDSFCHktKt4AaABAg,5iA6F4Rr7y8,UCFOSg71CRAJ58IPuV_-jMbw,Celular HONOR X8a Mágicos un producto pésimo que demora tiempo exagerado para ingresar.,0,0,2024-10-28 08:00:33+00:00,87,13,False
UgzU1A55qejUohaeK7N4AaABAg,5iA6F4Rr7y8,UCFOSg71CRAJ58IPuV_-jMbw,Hola hace unos días compre el teléfono y venia con cargador cable y estuche de goma. Pero no aceptaba ningún otro cargador para la carga máxima siempre duraba 1 hora. Use el de xiaomi de 180w y la misma velocidad supongo que a 20w o menos. Mi pregunta con la carga inalambrica es igual? Y hay alguno de 66w solo logre ver de 15w,0,0,2024-10-30 00:04:31+00:00,328,64,True
UgxsTOPFlC1aIVLeGXN4AaABAg,5iA6F4Rr7y8,UCFOSg71CRAJ58IPuV_-jMbw,M acabo de comprar un honor magic 6 pro,0,2,2024-11-01 02:27:41+00:00,39,9,False
UgwYqXO5Ar2iYPnJpz54AaABAg,5iA6F4Rr7y8,UCFOSg71CRAJ58IPuV_-jMbw,Los felicito chicos son los mejores,0,0,2024-11-02 23:32:39+00:00,35,6,False
UgxWKrLlzcvsOQrAw7d4AaABAg,5iA6F4Rr7y8,UCFOSg71CRAJ58IPuV_-jMbw,Tengo entendido que honor usar GPU turbo y mejora mucho el rendimiento del Smarthphone.,0,0,2024-11-07 23:50:51+00:00,87,14,False
UgwKb7SUl51yBNULZ7d4AaABAg,5iA6F4Rr7y8,UCFOSg71CRAJ58IPuV_-jMbw,😮 que raro que no trajo la cabeza ( cargador de 100 w),0,0,2024-11-09 22:06:21+00:00,54,13,False
UgxvTeL9pJFoTbCxipt4AaABAg,5iA6F4Rr7y8,UCFOSg71CRAJ58IPuV_-jMbw,Se le olvido el precio el honor 6 es mas barato que el Samsung.,0,0,2024-11-11 19:30:27+00:00,63,14,False
Ugy9QgOid3MiX8fQB654AaABAg,5iA6F4Rr7y8,UCFOSg71CRAJ58IPuV_-jMbw,El sistema de honor se me hace mas facil de entender que el de un samsung,0,0,2024-11-13 12:50:33+00:00,73,16,False
UgzB7IESCdApVgoV6G54AaABAg,5iA6F4Rr7y8,UCFOSg71CRAJ58IPuV_-jMbw,Muchos dirian iphone pero el iphone es una de los celulares mas fragiles que he visto ya deberian colocarle mejor glass a sus teléfonos mas que nada a los promax,0,0,2024-11-13 12:51:52+00:00,161,30,False
UgwqI7o6_1waZGiobc94AaABAg,5iA6F4Rr7y8,UCFOSg71CRAJ58IPuV_-jMbw,Cual es mejor el honor v3 plegable o este honor magic 6 pro?,1,0,2024-11-15 14:49:37+00:00,60,13,True
Ugweg7XOUo8VJ3h6Lnx4AaABAg,5iA6F4Rr7y8,UCFOSg71CRAJ58IPuV_-jMbw,que monda de video esta parejita es como especial,0,0,2024-11-18 14:24:14+00:00,49,9,False
Ugx0M-YrjPjsUlTFLLJ4AaABAg,5iA6F4Rr7y8,UCFOSg71CRAJ58IPuV_-jMbw,Porque se ve tan blanco grabando con el iPhone ?,0,0,2024-10-12 03:59:38+00:00,48,10,True
Ugz12n93MJaAit2idJB4AaABAg,5iA6F4Rr7y8,UCFOSg71CRAJ58IPuV_-jMbw,el mejor representante de tecnología en español...,0,0,2024-10-11 02:56:06+00:00,50,7,False
UgwvOt-jGpbGwXWMu2F4AaABAg,5iA6F4Rr7y8,UCFOSg71CRAJ58IPuV_-jMbw,"Honor?....Es un oror !!!!😮 Estás marcas tipo Honor, P(OPPO) , Xiaomi etc... que nunca inventaron algo....solo copiar ideas..marcas sin tradición...Nunca compro marcas chinas",0,1,2024-10-10 05:13:15+00:00,173,23,True
UgwZ3XBZ0CVps0TKWVd4AaABAg,5iA6F4Rr7y8,UCFOSg71CRAJ58IPuV_-jMbw,Sony si tu estás honor ocupará tu lugar.,1,0,2024-10-10 03:53:25+00:00,40,8,False
UgzyrBVZqgCoUON7Mdx4AaABAg,5iA6F4Rr7y8,UCFOSg71CRAJ58IPuV_-jMbw,El honor el mejor y más resistente y único del mercado,0,0,2025-04-02 05:29:06+00:00,54,11,False
UgwJwIJSjm6ib-gchfd4AaABAg,5iA6F4Rr7y8,UCFOSg71CRAJ58IPuV_-jMbw,Yo viendo desde mi honor magic 6 pro.,0,0,2025-03-31 05:29:29+00:00,37,8,False
UgzHivUpt9X-R1rfG4l4AaABAg,5iA6F4Rr7y8,UCFOSg71CRAJ58IPuV_-jMbw,Mirándolo desde mi one plus open,0,0,2025-03-22 04:13:47+00:00,32,6,False
Ugxh65QWZNEW754hYbd4AaABAg,5iA6F4Rr7y8,UCFOSg71CRAJ58IPuV_-jMbw,Porfa puedes sacar reviuw del honor Magic 7 pro 🙏🙏🙏🙏,1,0,2025-03-13 12:41:07+00:00,52,10,False
Ugz51bugSLkxhtsk3yx4AaABAg,5iA6F4Rr7y8,UCFOSg71CRAJ58IPuV_-jMbw,"genial ese aparato, pero los pobres con hijas buscamos algo mas economicos",0,0,2025-03-06 23:54:51+00:00,74,12,False
Ugw8nRjqrJUflOsw4Ux4AaABAg,5iA6F4Rr7y8,UCFOSg71CRAJ58IPuV_-jMbw,Por favor una pregunta funcionaria en México,0,0,2025-03-03 19:19:31+00:00,44,7,False
UgyN3JqwnlecJe2T6114AaABAg,5iA6F4Rr7y8,UCFOSg71CRAJ58IPuV_-jMbw,es buenisimo el hm6pro pero el es muy fanboy de samsung,1,0,2025-02-25 17:43:25+00:00,55,11,False
UgzRBd0rzziRPLH-iEl4AaABAg,5iA6F4Rr7y8,UCFOSg71CRAJ58IPuV_-jMbw,"Soy de Venezuela y soy fan de ustedes, por la situación económica de aquí tengo un Huawei mate se con pantalla rota si buscan un fan que realmente lo necesite.... Ese soy yo 😅",3,0,2025-02-23 23:36:52+00:00,175,34,False
UgyTzpCL8bZAiXiH5Jl4AaABAg,5iA6F4Rr7y8,UCFOSg71CRAJ58IPuV_-jMbw,Los dos están 🙆🙆🙆🙆🙏😁👏👏👏👏👏👌👍 impresionantes.,1,0,2025-02-17 23:52:06+00:00,43,5,False
Ugz07kUlW6Y0Q8cFSQ54AaABAg,5iA6F4Rr7y8,UCFOSg71CRAJ58IPuV_-jMbw,Me gustó el honor,0,0,2025-02-16 01:58:23+00:00,17,4,False
UgystjJ8nsQ5gmReKxd4AaABAg,5iA6F4Rr7y8,UCFOSg71CRAJ58IPuV_-jMbw,Compartan reseña del honor 200 🤪🤪,0,0,2024-11-20 04:17:11+00:00,33,6,False
UgyxEhsjPCU8xPuPPPd4AaABAg,5iA6F4Rr7y8,UCFOSg71CRAJ58IPuV_-jMbw,"chulada de review, me sirve muchisimo este canal, felicidades",0,0,2025-02-13 04:02:08+00:00,61,9,False
UgzQ5jlXhkmtyHixd_54AaABAg,5iA6F4Rr7y8,UCFOSg71CRAJ58IPuV_-jMbw,Las pantallas curvas hacen ver mas elegante y premium los dispositivos 100% curva lastima cada vez se ven menos nada como aquellos tiempos de samsung con el s7 edge❤😢,0,0,2025-01-23 06:13:31+00:00,166,29,False
UgzF_c-OFneUO_BsN0Z4AaABAg,5iA6F4Rr7y8,UCFOSg71CRAJ58IPuV_-jMbw,Por fin viendo el video desde mi honor maguc 6 pro,0,0,2025-01-17 02:29:09+00:00,50,11,False
Ugx2Ty3UEEnXImsFfTN4AaABAg,5iA6F4Rr7y8,UCFOSg71CRAJ58IPuV_-jMbw,Ami me encanta ese móvil pero imposible de comprarlo 🥲,0,0,2025-01-16 04:36:46+00:00,54,10,False
UgycVb1wkw0qn2bfkx54AaABAg,5iA6F4Rr7y8,UCFOSg71CRAJ58IPuV_-jMbw,Te llegaron las canas Martín 😂😂,0,0,2025-01-14 11:43:47+00:00,31,6,False
UgwO-ySMloXgI4VosZt4AaABAg,5iA6F4Rr7y8,UCFOSg71CRAJ58IPuV_-jMbw,El módulo de la camara se me hace feo pero el celular es una joya,0,0,2025-01-06 17:41:58+00:00,65,15,False
UgxWjNc0f92PyzFXZdR4AaABAg,5iA6F4Rr7y8,UCFOSg71CRAJ58IPuV_-jMbw,Me gusto mucho ese Honor 6 pro.,0,0,2025-01-03 19:49:11+00:00,31,7,False
UgyaPrzABS6qgGM2SbV4AaABAg,5iA6F4Rr7y8,UCFOSg71CRAJ58IPuV_-jMbw,Pero sí incluye cargador en la caja🤓☝🏻,0,0,2025-01-03 07:06:34+00:00,38,7,False
UgxOt3CkQCfBciyAXyZ4AaABAg,5iA6F4Rr7y8,UCFOSg71CRAJ58IPuV_-jMbw,"mi viejo lo compro en chile, viene incluido funda transparente y cargador de 100W, el cargador es una guasada de pesado! y a diferencia de todos los demas que tienen bateria de ion-litio este tiene carbono-silicio y otra cosa....el s24 en camara no se le acerca ni a los talones al magic 6 pro, en todos los puntos la camara del honor es mil veces mejor que la del s24 ultra",0,2,2024-12-25 21:13:33+00:00,374,71,False
Ugy38gRE9lPXicZgBLZ4AaABAg,5iA6F4Rr7y8,UCFOSg71CRAJ58IPuV_-jMbw,Interesante ese celular el s24 es bueno pero es un mastodonte,0,0,2024-12-25 20:36:11+00:00,61,11,False
UgzEnkovtyuN54G-QbZ4AaABAg,5iA6F4Rr7y8,UCFOSg71CRAJ58IPuV_-jMbw,Duración de carga qtal alguien por ahí q sepa,0,0,2024-10-10 00:28:02+00:00,45,9,False
Ugyh9F_s0TUUIqv-fAd4AaABAg,5iA6F4Rr7y8,UCFOSg71CRAJ58IPuV_-jMbw,"El honor mágic 6 pro q compré venia con cargador de de 100 w, traia smartwatch y auriculares",0,0,2025-02-09 00:42:08+00:00,92,18,False
Ugxv0aoCBkEOPzcNZ7R4AaABAg,5iA6F4Rr7y8,UCFOSg71CRAJ58IPuV_-jMbw,El like con mas gay es comentario,0,0,2024-11-20 20:56:02+00:00,33,7,False
UgzGOheHnBwlhTCE92d4AaABAg,5iA6F4Rr7y8,UCFOSg71CRAJ58IPuV_-jMbw,Me parece injusto que en lugar de valorar la cualidad de tener un cargador incluido pretendan valorizar los telefonos con un supuesto cargador generico🤦🏽‍♂️🤦🏽‍♂️,0,0,2024-11-09 21:09:53+00:00,161,24,False
Ugw16zmYU6CQY63IV9x4AaABAg,5iA6F4Rr7y8,UCFOSg71CRAJ58IPuV_-jMbw,Naaaaa a ustedes le pagan los de Samsung es lógico a cualquier teléfono van a decir que será mejor,0,0,2024-11-24 18:29:37+00:00,98,19,False
Ugxf3kQTXSOkjyoH2ip4AaABAg,5iA6F4Rr7y8,UCFOSg71CRAJ58IPuV_-jMbw,"Prefiero pantallas rectas. Las curvas es imposible usarlas sin carcasa, sobre todo cuando la parte trasera es resbalosa, ya que de pronto toco algún borde y activo cosas que no quiero.",0,0,2025-05-29 16:05:16+00:00,184,31,False
UgyspVfPs04nhi-kdbd4AaABAg,5iA6F4Rr7y8,UCFOSg71CRAJ58IPuV_-jMbw,Ese Samsung debe ser el viejo ya 😅,0,0,2025-06-24 03:19:02+00:00,34,8,False
UgwRM4K0y4SVdq4yeot4AaABAg,5iA6F4Rr7y8,UCFOSg71CRAJ58IPuV_-jMbw,"Me ENCANTAN LAS PANTALLAS PLANAS, no veo la necesidad de esas curvas en pantalla, en mi opinión atrofian el agarre",0,0,2025-06-29 18:12:53+00:00,114,20,False
UgwFjSyx18n1JSk08tp4AaABAg,5iA6F4Rr7y8,UCFOSg71CRAJ58IPuV_-jMbw,de pantallas curba y me gustaria ganarme un celu que no tengo y sueño con uno como ese 🥲🥲🥲,0,0,2025-07-04 22:17:46+00:00,90,19,False
Ugz1Kc6bdcxlt9MoBG14AaABAg,5iA6F4Rr7y8,UCFOSg71CRAJ58IPuV_-jMbw,ya suscrito y active la campanita,0,0,2025-07-04 22:18:22+00:00,33,6,False
UgzZxKEpGO7T2-5UKNZ4AaABAg,5iA6F4Rr7y8,UCFOSg71CRAJ58IPuV_-jMbw,No tienen que dejar presionado ahí la burbuja para activar la carga rápida? Donde compraron ese cargador de 100w con el medidor en la punta,0,0,2025-07-06 03:08:48+00:00,139,25,True
UgzHsKhtOZFcaH4HBHF4AaABAg,5iA6F4Rr7y8,UCFOSg71CRAJ58IPuV_-jMbw,tengo el honor magic 6 pro y es excelente en todo,0,0,2025-10-17 20:26:14+00:00,49,11,False
Ugzz5Dy9PnFoSyrrgPF4AaABAg,5iA6F4Rr7y8,UCFOSg71CRAJ58IPuV_-jMbw,Esa es la version global o china?,0,0,2025-10-18 01:33:39+00:00,33,7,True
Ugxilf_LaIM2bOMGndB4AaABAg,5iA6F4Rr7y8,UCFOSg71CRAJ58IPuV_-jMbw,Alguien me dice sé si puede comprar de verdad el cargador de AliExpress y alguno compatible jejeje . Porque el original cuesta 70 euros jajaja,0,0,2025-10-20 19:34:41+00:00,142,25,False
UgzG92hcKBtLR4Kskr54AaABAg,5iA6F4Rr7y8,UCFOSg71CRAJ58IPuV_-jMbw,El cargador que usan cuáles porfavor ❤❤❤❤,0,0,2025-10-20 19:37:33+00:00,41,7,False
UgwwnQK_lWyhmtZYWaZ4AaABAg,5iA6F4Rr7y8,UCFOSg71CRAJ58IPuV_-jMbw,Más arrugada que mi abuela,0,0,2024-11-21 01:23:56+00:00,26,5,False
UgwapINXlCzj700qJnB4AaABAg,5iA6F4Rr7y8,UCFOSg71CRAJ58IPuV_-jMbw,"Saludos y bendiciones ta bueno el onor si me lo compro,,, saludos y bendiciones desde Honduras",0,0,2025-11-25 23:11:01+00:00,94,16,False
UgweV1gKprdAYMgoyTZ4AaABAg,5iA6F4Rr7y8,UCFOSg71CRAJ58IPuV_-jMbw,"Cómo se nota que eres fan de Samsung , hagan foto fuera del estudio , ese formato aburre",0,0,2026-01-03 04:17:42+00:00,88,18,False
Ugw1JXfRGN3AaRVnzi14AaABAg,5iA6F4Rr7y8,UCFOSg71CRAJ58IPuV_-jMbw,"Hay que aceptarlo Martín el honor y el futuro Motorola los mejores teléfonos que el ""panela"" Samsung",0,0,2026-02-24 17:59:42+00:00,100,17,False
UgyDVGe2FyXjjeR2Lwl4AaABAg,5iA6F4Rr7y8,UCFOSg71CRAJ58IPuV_-jMbw,Estos dos tienen el mejor canal de tecnología de youtube,0,0,2026-05-23 04:09:39+00:00,56,10,False
UgzPZiR9AfZM5T3EzMd4AaABAg,5iA6F4Rr7y8,UCFOSg71CRAJ58IPuV_-jMbw,yo viendo desde un honor mágic 6 pro,0,0,2026-06-22 00:00:21+00:00,36,8,False
Ugycg06NEQtwi33nTX14AaABAg,5iA6F4Rr7y8,UCFOSg71CRAJ58IPuV_-jMbw,Pantalla curvo es mejor ❤,0,0,2026-06-27 15:26:03+00:00,25,5,False
UgwO049a7qSwyJi9JZR4AaABAg,5iA6F4Rr7y8,UCFOSg71CRAJ58IPuV_-jMbw,Son los mejores haciendo reviews son únicos ❤❤❤,0,0,2025-05-27 08:48:40+00:00,47,8,False
UgxYeT-VH8VX60jBKMt4AaABAg,5iA6F4Rr7y8,UCFOSg71CRAJ58IPuV_-jMbw,Ya salió el 7 Hubieran hablado de el,0,0,2025-05-14 03:51:06+00:00,36,8,False
Ugy4QFGsKe9srQGJurt4AaABAg,5iA6F4Rr7y8,UCFOSg71CRAJ58IPuV_-jMbw,"Por su mágic 6 pro no trae cargador? El mío si trajo el cable, el cargador de 100 wats y un cover de silicona! Por que pasa?",0,0,2025-11-01 01:44:58+00:00,124,27,True
UgyZQElmSbaum3wxh7t4AaABAg,5iA6F4Rr7y8,UCFOSg71CRAJ58IPuV_-jMbw,Yo he probado y tenido durante semanas el S24 ultra y el xiaomi 14 ultra y a día de hoy llevo un honor Magic 6 Pro y la cámara como el teléfono me gusta más que los otros 2,0,0,2025-04-14 18:58:08+00:00,172,39,False
UgylDrkLITaSxQriwhR4AaABAg,5iA6F4Rr7y8,UCFOSg71CRAJ58IPuV_-jMbw,S24 y el s23 ultra malísimos dan problemas de pantallas rayas verdes y más y eso que sin golpes es votar el dinero,0,0,2025-04-04 20:06:25+00:00,114,23,False
Ugzdi7vHFXC5Dk2OoGx4AaABAg,5iA6F4Rr7y8,UCFOSg71CRAJ58IPuV_-jMbw,"y yo con mi celular esperando 4 a 7 segundos para abrir un libro pdf. todo es estafa y marketing. y tengo mas avanzado celular de 2024. y sigue lento en abrir pdf y copiar archivos y abrir galeria es lento , asqueros* lento en 12GB Ram 1 TERABYTE ROM",1,0,2024-11-26 20:47:03+00:00,250,50,False
UgxRrLqXDGFTHfaQ3T14AaABAg,5iA6F4Rr7y8,UCFOSg71CRAJ58IPuV_-jMbw,"Así es, estos chavales son otros nivel para hacer verdad deos 🎉",0,0,2024-12-07 18:42:27+00:00,63,12,False
UgzVzU2yoodJyG7hzBp4AaABAg,5iA6F4Rr7y8,UCFOSg71CRAJ58IPuV_-jMbw,Yo ando esperando a que baje de los 600 para pillar uno tengo el 5 lite y quitando camaras y audio es una maravilla,0,0,2024-12-19 08:22:44+00:00,115,24,False
UgwTxsVd1Fwc74UkA314AaABAg,5iA6F4Rr7y8,UCFOSg71CRAJ58IPuV_-jMbw,por favor saca un video con las duras pruebas de honor magic 7 pro,0,0,2025-05-03 21:10:01+00:00,66,14,False
Ugximi_5E8QpuVw5DdV4AaABAg,yu1mePyKQTA,UCxz7sBKlpcpyCiPwXupRymw,"Por fin, viendo el videito desde el mío propio",3,2,2024-07-04 01:52:35+00:00,46,9,False
UgyxnYI9riNBAaKNJjh4AaABAg,yu1mePyKQTA,UCxz7sBKlpcpyCiPwXupRymw,La mejor camara del mundo destrozado por el poderoso isa marcial,0,0,2024-07-01 05:54:16+00:00,64,11,False
Ugw3BpX3FmeaS60qlEh4AaABAg,yu1mePyKQTA,UCxz7sBKlpcpyCiPwXupRymw,Dónde descargar el drenador de batería que usas?,0,0,2024-07-01 05:19:28+00:00,48,8,True
UgzjTqKOj2XmOMONktl4AaABAg,yu1mePyKQTA,UCxz7sBKlpcpyCiPwXupRymw,"Pero hablo del ultra, no del pro",1,0,2024-08-22 07:04:37+00:00,32,7,False
Ugyb2VrQU4Ph-b1FQVh4AaABAg,yu1mePyKQTA,UCxz7sBKlpcpyCiPwXupRymw,Viendo desde mi poderoso indestructible full todoterreno huawei p 10 plus,0,0,2024-08-27 20:09:15+00:00,73,11,False
UgwCqV1kry9Ir7CEkk54AaABAg,yu1mePyKQTA,UCxz7sBKlpcpyCiPwXupRymw,"por usd 95 de diferencia, este o el one plus 12?",0,1,2024-09-02 00:35:25+00:00,48,11,True
UgwMu0cPIl5kp-7kgTR4AaABAg,yu1mePyKQTA,UCxz7sBKlpcpyCiPwXupRymw,Viendolo desde mi Magic 6 pro ❤,0,0,2024-09-04 04:05:22+00:00,31,7,False
Ugwi9ihNqBmuwt0gXzN4AaABAg,yu1mePyKQTA,UCxz7sBKlpcpyCiPwXupRymw,"Gracias Isa ,hoy me compre el Honor Magic 6 PRO . 😎",0,0,2024-09-11 12:53:17+00:00,51,12,False
Ugyp_Opg4aaVKB0KYeN4AaABAg,yu1mePyKQTA,UCxz7sBKlpcpyCiPwXupRymw,Gracias por tus videos Isa Marcial siempre eres un tipo serio y objetivo en tus review.,0,0,2024-09-11 22:12:35+00:00,87,16,False
Ugyasb05rH8ZYc8OqK14AaABAg,yu1mePyKQTA,UCxz7sBKlpcpyCiPwXupRymw,Tiene este equipo traductor de idiomas simultáneo? Gracias,0,0,2024-09-12 03:04:03+00:00,58,8,True
Ugwtm78SiXVpim9cCAB4AaABAg,yu1mePyKQTA,UCxz7sBKlpcpyCiPwXupRymw,"Para los que se va a comprar un samsung les informo que para jugar los modelos con procesador exynos no sirven para jugar, les irá fatal sin importar el modelo ya sea un galaxy ""S"" o ""A"". Tienen que buscar las versiones con snapdragon si o si y lo digo por experiencia tengo un A53 y probé un S22 Ultra y el resultado es el mismo. Los modelos con exynos para jugar no son. El s22 ultra con snapdragon también lo probé y ese si pasa sin problemas. De nada",1,0,2024-09-16 02:57:39+00:00,454,90,False
Ugy_qlWf1XB_U53bRCF4AaABAg,yu1mePyKQTA,UCxz7sBKlpcpyCiPwXupRymw,"Mi conclusion es que el sistema de cámaras no hace ""honor"" al precio, tan caro pero el desempeño es igual que uno de precio inferior",0,0,2024-09-16 15:34:27+00:00,132,25,False
UgyPTIVxlWFCiQAbpXh4AaABAg,yu1mePyKQTA,UCxz7sBKlpcpyCiPwXupRymw,"Estoy satisfecho con mi honor magic 6 pro , la batería dura bastante 😊",0,0,2024-09-17 10:36:44+00:00,70,14,False
UgziNdcilNLCVvfXqQB4AaABAg,yu1mePyKQTA,UCxz7sBKlpcpyCiPwXupRymw,"Mira honestamente estoy adicto a los videos, estoy impactado por la dedicación que le da a cada video que hace 100/10 ❤",0,0,2024-09-22 21:40:41+00:00,119,22,False
Ugx-nhKxd1dKo9bOY_N4AaABAg,yu1mePyKQTA,UCxz7sBKlpcpyCiPwXupRymw,Deficiente presentación y falso. La aplicación IA no viene con el equipo,0,0,2024-09-28 13:01:23+00:00,72,12,False
UgypRu9zYzweH6plrpN4AaABAg,yu1mePyKQTA,UCxz7sBKlpcpyCiPwXupRymw,Como reconozco entre la versión global y la version china???,0,0,2024-09-29 05:12:22+00:00,60,10,True
UgyitCbztSNzZPR9IYh4AaABAg,yu1mePyKQTA,UCxz7sBKlpcpyCiPwXupRymw,En la parte 1:06:40 dejaste de costado el celular y se le corrio la camara frontal. Pierde credibilidad el video así. Lástima,0,0,2024-09-30 11:48:45+00:00,125,22,False
UgyHmefLeoh_G9ogAkd4AaABAg,yu1mePyKQTA,UCxz7sBKlpcpyCiPwXupRymw,Cuantas esim puedo tener instaladas?,0,0,2024-10-16 18:40:20+00:00,36,5,True
UgybSm07nioDHwQGbOR4AaABAg,yu1mePyKQTA,UCxz7sBKlpcpyCiPwXupRymw,"Me llega mañana estoy emocionado, siempre viendo videos del mejor ISA, un saludo desde cdmx",0,0,2024-09-07 05:04:59+00:00,91,15,False
UgxF5qLnA4UvMKnWQhR4AaABAg,yu1mePyKQTA,UCxz7sBKlpcpyCiPwXupRymw,"En cámaras, cual recomiendas Google Pixel 8 Pro o El Honor magic 6 pro? , Tomando en cuenta cámara frontal y trasera principal. (no tanto el zoom ya que no lo uso )",0,0,2024-07-04 22:06:35+00:00,164,33,True
UgzSOuAxHmWC_hjY3b54AaABAg,yu1mePyKQTA,UCxz7sBKlpcpyCiPwXupRymw,pero si tiene botón para un acceso rápido en la cámara.!,0,0,2024-07-05 22:21:56+00:00,56,11,False
UgwPy7NHj3M-Z65zM7J4AaABAg,yu1mePyKQTA,UCxz7sBKlpcpyCiPwXupRymw,Isa vendemelo ese cel 😅,0,0,2024-07-05 18:38:34+00:00,23,5,False
UgwuAXysZoO5euaOnZF4AaABAg,yu1mePyKQTA,UCxz7sBKlpcpyCiPwXupRymw,"Por fin, viéndolo desde mi Honor Magic 6 Pro😊",6,3,2024-07-21 01:27:56+00:00,45,9,False
UgxOSqb4dBi5s8czQd14AaABAg,yu1mePyKQTA,UCxz7sBKlpcpyCiPwXupRymw,"Nadie reseña como Isa, pero esto ya es una película 😆",0,1,2024-07-22 04:00:32+00:00,53,11,False
UgxrjAE9Hc_PWpKrvI94AaABAg,yu1mePyKQTA,UCxz7sBKlpcpyCiPwXupRymw,Hola qué tal Isa tengo una pregunta para ti y quiero que me saques de una duda tengo un honor Magic 6pro y desde que lo compré el dispositivo se calienta eso es normal tengo apenas con el dispositivo 4 días y pudieras hacer un vídeo de ese tema gracias,0,0,2024-07-23 19:38:52+00:00,252,50,False
UgwyAdLWu-_zWZaEZRV4AaABAg,yu1mePyKQTA,UCxz7sBKlpcpyCiPwXupRymw,Onde se puede comprar uno deste? País e oficina?,0,0,2024-07-30 21:15:08+00:00,48,9,True
UgyAVniFthuJBctn9Vh4AaABAg,yu1mePyKQTA,UCxz7sBKlpcpyCiPwXupRymw,Y que DAC tiene incorporado para usar con audífonos. Los parlantes no son muy útiles para utilizar en ambientes compartidos.,0,0,2024-07-31 15:25:53+00:00,124,20,False
Ugx_Ly_jQdTiaKthRJp4AaABAg,yu1mePyKQTA,UCxz7sBKlpcpyCiPwXupRymw,El análisis más detallado y completo que he encontrado de este móvil. Enhorabuena por tu trabajo!! 👍🏻👍🏻,11,0,2024-08-02 23:54:37+00:00,103,17,False
Ugw7KrWpsL9GiXd1nCF4AaABAg,yu1mePyKQTA,UCxz7sBKlpcpyCiPwXupRymw,el cel es una verdadera maquina🐋,0,0,2024-08-03 15:41:07+00:00,32,6,False
UgwhsibzwRvvLX_py3J4AaABAg,yu1mePyKQTA,UCxz7sBKlpcpyCiPwXupRymw,Isa si crees que me voy a aventar un video de una hora con 18 min... Estas en todo lo correcto,0,1,2024-08-04 04:39:54+00:00,94,21,False
UgxwtGPX-Vcg3gG_Bk54AaABAg,yu1mePyKQTA,UCxz7sBKlpcpyCiPwXupRymw,"Isa, Gracias por más un increíble video. ¿crees que 800 euros es un buen precio por este móvil? Me lo compré por este precio, pero es una lástima que no traiga cargador en la caja aquí en España. Un saludo Isa!",0,0,2024-08-05 09:48:55+00:00,210,41,True
UgxKmZe1S6bMRt-8dUt4AaABAg,yu1mePyKQTA,UCxz7sBKlpcpyCiPwXupRymw,solo por este video me comprare ese Honor 🥳🥳🥳🥳🥳,0,0,2024-10-20 23:02:03+00:00,47,9,False
UgwIMp6GHOBl7xWmEg94AaABAg,yu1mePyKQTA,UCxz7sBKlpcpyCiPwXupRymw,En las canteras!! extro mis tierras!! saludos bro,1,0,2024-07-13 20:13:28+00:00,49,8,False
Ugw3GPbstn98xuwCrel4AaABAg,yu1mePyKQTA,UCxz7sBKlpcpyCiPwXupRymw,La pantalla se raya con facilidad?,0,0,2024-08-07 17:03:29+00:00,34,6,True
UgxwLLxXunw1hp3DIjF4AaABAg,yu1mePyKQTA,UCxz7sBKlpcpyCiPwXupRymw,Bandita información de las tiendas que la estan vendiendo en México esque la neta solo la evisto por linea y no se comorar por ese medio 😢 me interesa pero no se si ya hay en tienda física,0,2,2024-08-09 07:20:59+00:00,188,38,False
Ugy7DhcQAF7EPImJ98R4AaABAg,yu1mePyKQTA,UCxz7sBKlpcpyCiPwXupRymw,"No me aparece el apartado de administrador de juegos, a alguien mas le ha pasado?",0,0,2024-08-10 12:20:49+00:00,81,15,True
Ugy6OYtgbUaLPn8Attt4AaABAg,yu1mePyKQTA,UCxz7sBKlpcpyCiPwXupRymw,"Tengo el s24 ultra y este honor magic 6 pro , la verdad el s24 ultra me gusta muchísimo más para videos y fotos . Pero en edición el honor te permite editar las fotos como los dioses.",1,0,2024-08-20 17:54:21+00:00,183,38,False
UgyUWrd3CYYD6CJh0jJ4AaABAg,yu1mePyKQTA,UCxz7sBKlpcpyCiPwXupRymw,"tengo un poco x3 pro y estoy pensando en el honor, pero lo q busco es q pueda contestar las llamadas de wsp a traves de audifonos bluetooth o del smartwatch ya que el poco no tengo esta opcion y por temas de trabajo me es util, si alguien me puede ayudar se lo agradecere",1,0,2024-07-11 22:49:09+00:00,271,55,False
Ugxg10HN8-wHS0rK3bR4AaABAg,yu1mePyKQTA,UCxz7sBKlpcpyCiPwXupRymw,Estoy muy contento con mi honor magic6pro 🤩 venía del Huawei mate 20 lite,3,0,2024-07-09 03:45:49+00:00,73,14,False
UgwA_147CvYbuyk2ss94AaABAg,yu1mePyKQTA,UCxz7sBKlpcpyCiPwXupRymw,"Entre el Honor Magic 6 Pro y el S23 Ultra con cual se quedan?😅 Ese Honor se ve fantástico, resistente y cuenta con el Snapdragon 8 Gen 3",3,4,2024-07-08 03:37:32+00:00,136,28,True
UgygWHtJmRnZRSdOLEp4AaABAg,yu1mePyKQTA,UCxz7sBKlpcpyCiPwXupRymw,Cuando el celular está caliente dentro del lente se ve empañado fui a cambiarlo donde lo compre y me dieron otro qué me hace lo mismo,6,0,2024-07-07 05:20:18+00:00,133,26,False
Ugw0pAanpAHQPuP_tER4AaABAg,yu1mePyKQTA,UCxz7sBKlpcpyCiPwXupRymw,"Tal vez no supieron sacar fotos porque yo no he notado que las selfies sean malas, el zoom de la cámara trasera arriba de 50 aumentos ahí si suele bajar mucho la calidad",2,0,2024-07-05 08:39:47+00:00,169,33,False
UgxWYhqDgYlJfQBBEZt4AaABAg,yu1mePyKQTA,UCxz7sBKlpcpyCiPwXupRymw,"En teoría es mejor este Honor que el Xiaomi 14t Pro, pero viendo el video me quedé con dudas. A estas alturas, noviembre 2024, cuál sería más recomendable?",0,0,2024-10-28 16:55:47+00:00,155,28,True
UgwkZx2FZvXT6T0fl-N4AaABAg,yu1mePyKQTA,UCxz7sBKlpcpyCiPwXupRymw,"Yo soy fan de la camara y sistema de samsung 23 y 24 pero como soy una lumbre para los telefonos y me refiero a caidas,creo que me sirve mas este telefono, por mas gama alta que sean los samsung , para mi pues seria este telefono el mas recistente 😂",2,0,2024-06-26 05:58:26+00:00,249,51,False
Ugya2HsiaNDJnXL5H2l4AaABAg,yu1mePyKQTA,UCxz7sBKlpcpyCiPwXupRymw,Lo amo mi honor magic 6pro me encanta hace 15 días lo tengo y es increíble,0,1,2024-11-12 04:51:27+00:00,74,16,False
Ugy14k-1DSYGkw_ISM94AaABAg,yu1mePyKQTA,UCxz7sBKlpcpyCiPwXupRymw,Pero se puede agregar el calendario. Yo lo hice,0,0,2024-06-02 06:07:21+00:00,47,9,False
UgyusDemKmwIZDJOVPZ4AaABAg,yu1mePyKQTA,UCxz7sBKlpcpyCiPwXupRymw,No hay jack de auriculares?😢,0,1,2024-06-03 06:57:45+00:00,28,5,True
Ugzn348DlWibGMYNF7d4AaABAg,yu1mePyKQTA,UCxz7sBKlpcpyCiPwXupRymw,"Buenas desde España. Buen video como todos, pero creo que tu unidad estaba mal o sin actualizar. Porque las fotos que muestran no es que no se parezcan, es que no tienen nada que ver. Te creo, pero me cuesta creer que las fotos que has mostrado sean del hm6pro. Las fotos las hace mucho mejor, con mucho detalle y nitidez, y los detalles que comentas en el video no se acercan a la realidad. Desconozco porque , pero tenía que decirlo. Me ha pasado en algún vídeo más, donde hablando de cámaras las imágenes que muestras no son apegadas a la realidad. No quisiera pensar que tengas algún interés en promocionar alguna marca o perjudicarla. Sólo se que hace mejores fotos de las que has mencionado. Saludos",4,2,2024-06-03 21:25:45+00:00,705,128,False
UgzdwDjLfthcIuV58f94AaABAg,yu1mePyKQTA,UCxz7sBKlpcpyCiPwXupRymw,Jaja 😂 mano yo veo una película media hora y m aburro y a este señor lo puedo ver todo el día y no m canso jaja 😂,0,0,2024-06-04 13:38:08+00:00,113,28,False
UgwAiHp9v6E2aeCTN4x4AaABAg,yu1mePyKQTA,UCxz7sBKlpcpyCiPwXupRymw,"ISA espero la próxima edición de honor magic 6 pro . Ya se cometa del honor 200 y 200 pro el tiempo dirá la verdad esperamos tus videos , saludos desde Buenos Aires Argentina",0,0,2024-06-04 23:06:12+00:00,174,34,False
Ugz9NJdSSYRDGZfayZB4AaABAg,yu1mePyKQTA,UCxz7sBKlpcpyCiPwXupRymw,Todo muy bien pero cuando coloco Nova Launcher el gesto de multitarea no funciona,0,0,2024-06-05 23:10:41+00:00,81,14,False
UgyZ59NQTwUxhaKu53F4AaABAg,yu1mePyKQTA,UCxz7sBKlpcpyCiPwXupRymw,Hola que tal buen video entre Motorola edge 50 ultra va honor magic 6 pro cuál es mejor,0,0,2024-06-30 04:12:10+00:00,87,18,False
Ugypq7L62V4dY_F8_EJ4AaABAg,yu1mePyKQTA,UCxz7sBKlpcpyCiPwXupRymw,"Saludos ISA ,✌️.. No tiene la función de contestar llamada solo pegado tu teléfono a tu oído ?",0,2,2024-06-06 06:57:44+00:00,94,18,True
UgwswiJ3dv5hDeOmcNd4AaABAg,yu1mePyKQTA,UCxz7sBKlpcpyCiPwXupRymw,"Isa te puedo cambiar mi honor magic 6 pro, es que yo quería el verde con dorado pero solo tenían el negr0. 😢",0,0,2024-06-01 20:26:33+00:00,108,23,False
UgxENyEpjmVaFidktLF4AaABAg,yu1mePyKQTA,UCxz7sBKlpcpyCiPwXupRymw,Me encanta este Huawei ❤,0,0,2024-06-08 03:58:08+00:00,24,5,False
UgzsojNsPlh3cLUuoNt4AaABAg,yu1mePyKQTA,UCxz7sBKlpcpyCiPwXupRymw,Isa de pido que hagas una batalla del honor magic 6 pro con el s24 ultra,0,0,2024-06-12 22:46:56+00:00,72,16,False
UgzUxG6SL-KkocwxKj54AaABAg,yu1mePyKQTA,UCxz7sBKlpcpyCiPwXupRymw,Todo será mejor con sus Actualizaciónes no podemos decir que es Muy mal Dispositivo 👁,0,0,2024-06-12 23:11:55+00:00,85,15,False
UgyAjvWrja3BiBC0t-J4AaABAg,yu1mePyKQTA,UCxz7sBKlpcpyCiPwXupRymw,Tengo la versión china y no se habilita el portal magic con las aplicaciones de face what insta maps etc sabes cómo lo puedo modificar o instalar??,0,1,2024-06-14 01:21:51+00:00,147,27,True
Ugz0Yzl6V3E0YuBEdF14AaABAg,yu1mePyKQTA,UCxz7sBKlpcpyCiPwXupRymw,"ISA, cuál dispositivo consideras con el mejor Zoom X?",0,0,2024-06-15 13:07:01+00:00,53,9,True
UgyW02eWESU-oKac6gB4AaABAg,yu1mePyKQTA,UCxz7sBKlpcpyCiPwXupRymw,Queremos batalla de ese cel con un s24 ultra,0,0,2024-06-20 06:27:05+00:00,44,9,False
Ugy0_w-E8nh35DS-IHN4AaABAg,yu1mePyKQTA,UCxz7sBKlpcpyCiPwXupRymw,Isa voy por este celular gracias a Ti,0,0,2024-06-21 13:51:41+00:00,37,8,False
UgzvYxkucjTS6d5JW8h4AaABAg,yu1mePyKQTA,UCxz7sBKlpcpyCiPwXupRymw,"Al fin lo puedo decir, viéndolo desde mi honor magic 6 pro 😊",2,0,2024-06-23 14:19:26+00:00,60,13,False
Ugz7My3OfhZ-RpRSACt4AaABAg,yu1mePyKQTA,UCxz7sBKlpcpyCiPwXupRymw,"Yo soy fan de la camara y sistema de samsung 23 y 24 pero como soy una lumbre para los telefonos y me refiero a caidas,creo que me sirve mas este telefono, por mas gama alta que sean los samsung , para mi pues seria este telefono el mas recistente 😂",1,0,2024-06-26 05:58:26+00:00,249,51,False
UgyjwTicqUtH24LPr6F4AaABAg,yu1mePyKQTA,UCxz7sBKlpcpyCiPwXupRymw,Tengo el LG v60 thing 5g y es mucho mejor que ese teléfono jajaja el mio llega a grabar en 8k y su sonido uf es otro rollo,0,0,2024-06-08 12:36:53+00:00,122,28,False
UgznFmUNLOARX8lCNw54AaABAg,yu1mePyKQTA,UCxz7sBKlpcpyCiPwXupRymw,"Una maravilla de rewiew, gracias 🎉🎉",2,0,2024-06-01 01:16:23+00:00,35,6,False
UgyVhjvDGzEUDWRUbAF4AaABAg,yu1mePyKQTA,UCxz7sBKlpcpyCiPwXupRymw,Para cuando el del Honor Magic V2? ❤,0,0,2024-05-31 15:35:48+00:00,36,8,True
UgwkCiZYYnNyDcHWlTF4AaABAg,yu1mePyKQTA,UCxz7sBKlpcpyCiPwXupRymw,¿En donde lo puedo comprar?,0,0,2024-05-31 01:53:58+00:00,27,5,True
UgyRmvGOrc_8rRdXdgB4AaABAg,yu1mePyKQTA,UCxz7sBKlpcpyCiPwXupRymw,Alguien sabe como escanear los documentos de la cámara? No me aparece la opcion😢,0,0,2024-11-20 06:03:20+00:00,80,14,True
UgyRVLbtIyyYu72rgGp4AaABAg,yu1mePyKQTA,UCxz7sBKlpcpyCiPwXupRymw,Es correcto siempre que voy a adquirir un equipo veo sus videos 👌🏻👍🏻 de el buen Isa Marcial,0,0,2024-11-27 20:59:24+00:00,91,18,False
Ugzbm4SYkkjPxVbpBzR4AaABAg,yu1mePyKQTA,UCxz7sBKlpcpyCiPwXupRymw,"He visto varias revie sobre este teléfono y el tema de las fotografías y video lo pintan muy bien incluso lo comparan con gama alta, viendo tu vídeo me dejas confuso, no entiendo porqué algunos pintan las fotos bien y otros al revés",2,0,2024-11-28 21:09:33+00:00,232,43,False
UgxW6LGL-D4iwWKdMZJ4AaABAg,yu1mePyKQTA,UCxz7sBKlpcpyCiPwXupRymw,El reconocimiento facial sirve para hacer pagos y para la banca virtual?,0,0,2024-12-22 20:42:44+00:00,72,12,True
UgybJoDvwuijhItQOgt4AaABAg,yu1mePyKQTA,UCxz7sBKlpcpyCiPwXupRymw,y dicen que es mejor que un s24 ultra mmm,0,0,2024-12-25 04:15:08+00:00,41,10,False
Ugzj8jeZ1A8BFs1KCkt4AaABAg,yu1mePyKQTA,UCxz7sBKlpcpyCiPwXupRymw,Viéndolo desde mi honor mágic 6 Pro😅,0,0,2024-12-30 05:44:40+00:00,36,7,False
Ugx4We-h3TpqogCaEax4AaABAg,yu1mePyKQTA,UCxz7sBKlpcpyCiPwXupRymw,"Ahora sí, viéndolo desde mi Honor Mágic 6 pro",0,0,2025-01-11 16:05:02+00:00,45,9,False
UgzOewkTjsBLOzcAIAV4AaABAg,yu1mePyKQTA,UCxz7sBKlpcpyCiPwXupRymw,Alguien sabe si en la camara trae la función de grabación video dual?,0,0,2025-01-13 00:13:00+00:00,69,13,True
Ugxh5AM7QFTNmkg6lqp4AaABAg,yu1mePyKQTA,UCxz7sBKlpcpyCiPwXupRymw,La verdad creo que le faltan muchas funciones y tiene ciertas limitaciones lo cual debería hacer que no fuera un dispositivo flash ship pero está muy bien,0,1,2025-02-15 15:06:29+00:00,154,27,False
UgwLhiUcRpJOZy7EVhR4AaABAg,yu1mePyKQTA,UCxz7sBKlpcpyCiPwXupRymw,Oye @Isa Marcial pero fijate que poniendo el modo escritorio estaba viendo que no hay forma de navegar en internet en ese modo no aparece la app de google chrome o algun navegador que no hay en el sistema.,0,0,2025-02-19 04:54:01+00:00,205,39,False
Ugw6Ew8010TlhEHs_G14AaABAg,yu1mePyKQTA,UCxz7sBKlpcpyCiPwXupRymw,"En Marzo 2025 y con actualizaciones en Android 15 y MagicOS 9 varias cuestiones mencionadas en este gran video ya fueron corregidas, sobretodo en el apartado fotográfico.",6,0,2025-03-22 13:48:39+00:00,170,27,False
Ugw5nAapiVt7Kbd88dx4AaABAg,yu1mePyKQTA,UCxz7sBKlpcpyCiPwXupRymw,"que review mas completa , felicitaciones !",1,0,2025-04-25 14:14:18+00:00,42,7,False
Ugymt1Jg1L_ZTp9J2kZ4AaABAg,yu1mePyKQTA,UCxz7sBKlpcpyCiPwXupRymw,Alguien sabe si ya se soluciono el problema de desenfoque? 🥺,0,0,2025-05-03 17:32:47+00:00,60,11,True
UgxEOPH34m058wfaCb94AaABAg,yu1mePyKQTA,UCxz7sBKlpcpyCiPwXupRymw,"El primer dispositivo que utilizó la píldora en la pantalla fué huawei, con el P40 pro.",0,1,2025-08-16 10:56:35+00:00,87,16,False
UgxQTWXubAWeb21-x5B4AaABAg,yu1mePyKQTA,UCxz7sBKlpcpyCiPwXupRymw,Pues entonces ese celular aquí en México temporada de calor que es casi todo el año no funcionará nada entonces,0,0,2025-10-26 05:37:58+00:00,111,20,False
UgxGu23OjISt6qWkrYJ4AaABAg,yu1mePyKQTA,UCxz7sBKlpcpyCiPwXupRymw,"Finalmente llegó el día en que puedo decir que tengo un mobil de gama alta, más vale sea bueno jaja. Por cierto, luego de comprarlo, ví que el precio bajó 50 dolares. XD. Tengo suerte pero no tanta :)",0,2,2026-05-22 17:08:08+00:00,200,39,False
Ugxu64GeeVt7IVd-gfR4AaABAg,yu1mePyKQTA,UCxz7sBKlpcpyCiPwXupRymw,"Hola! Consulta, acá en Costa Rica ese celular ronda los $1500 hay en ese precio algún otro celular con mejor cámara que esa? A mi me gusta tomar fotos a aves, etc y a veces necesito un zoom algo bueno y que las fotos o vídeos se vean bien, entonces me gustaría saber si hay una mejor opción, para valorar primero. Gracias, saludos",0,1,2024-05-27 13:16:59+00:00,330,63,True
UgzVWw0LLWYOACwAZHJ4AaABAg,yu1mePyKQTA,UCxz7sBKlpcpyCiPwXupRymw,"un gama alta con camara de gama media baja, casi lo compro, por el precio que cuesta paso de este smarphone.",0,2,2024-05-30 14:07:48+00:00,108,21,False
UgwKaQQZKswiHH7fThN4AaABAg,yu1mePyKQTA,UCxz7sBKlpcpyCiPwXupRymw,Alguien sabe si los nuevos moviles honor como este son compatibles con huawei share?,1,0,2024-05-30 16:34:31+00:00,84,14,True
UgwxxPvFHWUVUvO2Myt4AaABAg,yu1mePyKQTA,UCxz7sBKlpcpyCiPwXupRymw,IM PE SIO NAN TE!!!!... El mejor video de todo YouTube sobre este celular!!.... Shapo x eso... Y yo esperando los últimos días para poder disfrutar de mi MAGIC 6 PRO... Y voy a tener q ver varias veces este video para poder aprovechar los tips!! 😉.... De nuevo mis felicitaciones!! 👏👏👏,0,0,2024-11-10 00:00:37+00:00,285,52,False
Ugz12SyBZPm0zHsRdqV4AaABAg,yu1mePyKQTA,UCxz7sBKlpcpyCiPwXupRymw,"Saludos brot , felicitaciones por tan buen canal . Podrías hacer un VS contra el Redmi Note 13 Pro Plus !!!!!",0,0,2024-06-29 16:48:19+00:00,109,21,False
UgzJzH-5PMmS2Q1dcGl4AaABAg,DbQQe_KvQNc,UCok_yhjwg4WSx3s_2Yh8ZjQ,"Lejos de esas ""chorreadas"" funcionalidad..... Para los que ya queremos dejar el tren de la manzana y de L galaxy.... ONEPLUS 12 u HONOR",0,0,2024-03-17 21:27:40+00:00,135,24,False
UgyosnMfXOp5WKgnwWR4AaABAg,DbQQe_KvQNc,UCok_yhjwg4WSx3s_2Yh8ZjQ,Eñ iPhone 13 pro max,0,0,2026-02-22 21:23:34+00:00,20,5,False
Ugzt60YGu-_NduxyR6p4AaABAg,DbQQe_KvQNc,UCok_yhjwg4WSx3s_2Yh8ZjQ,Bueno pues se ha puesto 1° de momento en DXOMARK. Telefonazo,0,0,2024-03-21 11:40:44+00:00,60,11,False
UgzXeTct1GO97biFte14AaABAg,DbQQe_KvQNc,UCok_yhjwg4WSx3s_2Yh8ZjQ,"Buenas, alguien me podria decir si este movil lleva muchas aplicaciones preinstaladas?",0,0,2024-03-21 17:17:49+00:00,86,12,True
UgwmIdxBrtS-0XQcgl94AaABAg,DbQQe_KvQNc,UCok_yhjwg4WSx3s_2Yh8ZjQ,Parece un iqoo 12 de atrás xD,0,0,2024-03-22 01:50:32+00:00,29,7,False
Ugy75PALoqSa71c3ieF4AaABAg,DbQQe_KvQNc,UCok_yhjwg4WSx3s_2Yh8ZjQ,Cuál es el Android con la pantalla más grande? Me interesa para jugar con un gamepad lo más parecido a una consola portátil,0,0,2024-03-23 02:29:55+00:00,123,23,True
Ugz8ZFD97F2xZPUEWQF4AaABAg,DbQQe_KvQNc,UCok_yhjwg4WSx3s_2Yh8ZjQ,"Honor debe sentarse en rendimiento para juegos , en buenos tiempos de entrenamiento y no mamadas .",0,0,2024-03-23 04:48:49+00:00,98,17,False
UgxYzijjWId8AKylWgp4AaABAg,DbQQe_KvQNc,UCok_yhjwg4WSx3s_2Yh8ZjQ,¡Gran video! Si tuvieras que elegir entre S24U y HM6P ¿cuál elegirías? En términos de cámara y software.,0,0,2024-03-27 13:16:10+00:00,104,18,True
Ugwhocp1cu1k5TaxaUV4AaABAg,DbQQe_KvQNc,UCok_yhjwg4WSx3s_2Yh8ZjQ,Tuve el 10 y fue el mejor movil que he tenido nunca en comparacion,0,0,2024-03-29 21:12:20+00:00,66,14,False
UgztJPSylkk5D2vdlGN4AaABAg,DbQQe_KvQNc,UCok_yhjwg4WSx3s_2Yh8ZjQ,"Tengo un honor magic 5 pro, vale la pena cambiarme a este 6 pro?",2,0,2024-03-30 02:56:49+00:00,64,14,True
UgyJSd8pgWS2Orq3zZF4AaABAg,DbQQe_KvQNc,UCok_yhjwg4WSx3s_2Yh8ZjQ,"El problema son las actualizaciones, solo dan 4 años y Samsung te da 7 años; ahora es necesario buscar teléfonos con bastante tiempo en actualizaciones más aún siendo gama alta y el precio que cuesta.",6,3,2024-03-30 15:48:18+00:00,200,35,False
UgzeyfNK0UDsFY12FqB4AaABAg,DbQQe_KvQNc,UCok_yhjwg4WSx3s_2Yh8ZjQ,"¿Que tal el Honor en temas de durabilidad, como pantalla y componentes? Yo tengo un Samsung hace 3 años y sigue dando de sí sin problemas, no quisiera comprar el Honor y que después de un año se muera. Igual tengo dudas sobre las actualizaciones en temas de seguridad y sistema operativo ya que Samsung en eso es muy bueno. Gracias.",0,0,2024-04-02 04:35:09+00:00,332,61,True
UgxN7xTM72uNpFg1W0h4AaABAg,DbQQe_KvQNc,UCok_yhjwg4WSx3s_2Yh8ZjQ,"Que celular me recomendarian, un Huawei P60 pro o el Honor Magic 6 pro? dejando aún lado los servicios de Google",0,0,2024-04-02 22:54:58+00:00,112,21,True
UgySG6iIha1Y3dOp6yB4AaABAg,DbQQe_KvQNc,UCok_yhjwg4WSx3s_2Yh8ZjQ,"Hola!!! Tengo un presupuesto que se adecúa a este teléfono, pero tengo dudas entre este, el one plus 12, el vivo100 pro y alguno más. Que me recomendáis?? Vengo de un iPhone y desde hace 5 años no tengo android así que estoy algo perdido, si me echáis una mano… muchas gracias!!!!",0,0,2024-04-06 23:26:22+00:00,280,52,True
UgwHcc8NPQC9y6yyRYx4AaABAg,DbQQe_KvQNc,UCok_yhjwg4WSx3s_2Yh8ZjQ,Perdón pero es muy feo para mi el diseño,0,0,2024-04-10 22:16:32+00:00,40,9,False
UgyMIUZ53s3E5OcdKrp4AaABAg,DbQQe_KvQNc,UCok_yhjwg4WSx3s_2Yh8ZjQ,"No se ve lo que estáis enseñando ,Las letras no deja ver nada Yo tengo ese teléfono hace 25 días, es fantástico!!!",0,0,2024-04-12 21:54:50+00:00,114,22,False
UgzGl0qCJHWah_2W66V4AaABAg,DbQQe_KvQNc,UCok_yhjwg4WSx3s_2Yh8ZjQ,Tengo el honor magic 5 pro y me parece una pasada de teléfono me encanta y estoy viendo si me compro el 6pro de verdad que son dos teléfonos hermosos y super buenos,6,0,2024-04-14 01:22:24+00:00,164,33,False
UgxNRf--0AV3SaWJkuh4AaABAg,DbQQe_KvQNc,UCok_yhjwg4WSx3s_2Yh8ZjQ,El Vivo X100 Pro Ultra será superior a este... en teoría.,0,0,2024-04-17 07:46:22+00:00,57,11,False
UgxUlxIFNgsmo-__aT14AaABAg,DbQQe_KvQNc,UCok_yhjwg4WSx3s_2Yh8ZjQ,"Una sugerencia :No se por que esta canal el audio es más baja que los demás canal , por favor suben un poco de potencia de audio por fa",2,0,2024-04-20 01:19:00+00:00,135,29,False
Ugz6TvGHRqxjeX4y2NF4AaABAg,DbQQe_KvQNc,UCok_yhjwg4WSx3s_2Yh8ZjQ,Magic 6 Pro el nuevo 👑 Rey 👑 Primer lugar Camara Primer lugar Selfie Primer lugar en Pantalla Primer lugar en batería Y como otro dato adicional 3 lugar en audio Es un teléfono que llegó a romper madres a las marcas más comerciales,0,1,2024-03-21 04:26:12+00:00,231,44,False
Ugyni4ir4bL48kUj-JJ4AaABAg,DbQQe_KvQNc,UCok_yhjwg4WSx3s_2Yh8ZjQ,"Perdón pero con la IA de la One UI 6.1 de Samsung, el resto lo miran de lejos. No es solo hardware también la experiencia y con la IA Samsung hoy para mí les está ganando a todos",0,0,2024-04-20 23:22:59+00:00,178,38,False
UgxeBV9g8i8jRDKN_4V4AaABAg,DbQQe_KvQNc,UCok_yhjwg4WSx3s_2Yh8ZjQ,"La comparativas de camaras las deben hacer contra p60 pro, mate 60pro de huawei",1,0,2024-03-20 13:48:39+00:00,79,14,False
UgxDpBkQBk3O07ixPIR4AaABAg,DbQQe_KvQNc,UCok_yhjwg4WSx3s_2Yh8ZjQ,"Ser objetivos, el teleobjetivo se usa??? O solo lo quieren para tomar fotos a la luna??? De ahí en más... Creo es más entretenido el MICROSCOPIO del realme gt2 pro",0,0,2024-03-17 21:35:53+00:00,163,30,True
UgxWYRoD8x-cDlXdz5R4AaABAg,DbQQe_KvQNc,UCok_yhjwg4WSx3s_2Yh8ZjQ,"no me pueden gustar las pantallas curvas a estas alturas, vengo con la familia S de Samsung desde el mítico s8 y es molesto el tema de los reflejos y de los toques fantasmas. Se ven elegantes los teléfonos pero aparte de eso, la curva no sirve para nada.",0,0,2024-03-07 21:05:11+00:00,254,49,False
UgzLrAyumZvnLk7zeDJ4AaABAg,DbQQe_KvQNc,UCok_yhjwg4WSx3s_2Yh8ZjQ,Yo viendo este contenido desde honor magic 6 pro el único que hay puerto rico avía 2 y el mío se quedó aquí 💪🏼💪🏼💪🏼💪🏼💪🏼✍🏼✍🏼✍🏼,0,0,2026-07-04 03:15:15+00:00,124,24,False
UgzZCtPrQvMRMbs_JCV4AaABAg,DbQQe_KvQNc,UCok_yhjwg4WSx3s_2Yh8ZjQ,Se ve muy bonito,0,0,2024-03-08 00:17:34+00:00,16,4,False
Ugz4lSW_1KWKlKXZmJh4AaABAg,DbQQe_KvQNc,UCok_yhjwg4WSx3s_2Yh8ZjQ,"Yo tengo el honor magic 4 pro y de momento no lo cambio por nada!!! 😂😂 Soy 100% honor, esperemos que no le hagan lo mismo que a Huawei😅 😅",0,0,2024-03-08 14:50:53+00:00,137,30,False
UgyJ0cLHZwNTTtCzSqN4AaABAg,DbQQe_KvQNc,UCok_yhjwg4WSx3s_2Yh8ZjQ,"Realmente creéis que las cámaras son tan buenas? Vengo de un Samsung s23 ultra, el cual he tenido que devolver con problemas con el pwm y estaba barajando la posibilidad de comprar este. Me encantaba todo lo del Samsung y busco un terminal similar, con una buena cámara y con un buen pwm y no sé si este realmente tiene una cámara tan similar como para gastarme ese dinero, ¿Vosotros qué pensáis?",0,2,2024-03-09 13:04:33+00:00,396,72,True
UgzVio-GdNIyI7zpQZ54AaABAg,DbQQe_KvQNc,UCok_yhjwg4WSx3s_2Yh8ZjQ,"Una pregunta:el 100pro, llegara a España? gracias",0,0,2024-03-09 14:02:55+00:00,49,7,True
UgwNP1tnkU8yDKmQ_ut4AaABAg,DbQQe_KvQNc,UCok_yhjwg4WSx3s_2Yh8ZjQ,"Gran móvil, lo espero con ancia en México, saludos desde acá 👋🏻",1,0,2024-03-10 15:48:08+00:00,63,12,False
UgygMf4vvzTxno32fnh4AaABAg,DbQQe_KvQNc,UCok_yhjwg4WSx3s_2Yh8ZjQ,"Hola, sus comentarios son bastante interesantes, me gustaría que hiciese comparativa entre el Honor 100 Pro y el Honor Magic 6 Pro y por cual se decantarian, ya que soy fan de Huawei y diría que Honor es su marca blanca en Europa. Estaré atenta a vuestro comentarios. Un saludo 😘",0,0,2024-03-11 00:31:11+00:00,279,51,False
UgyURqeDHgv9EC8vQL54AaABAg,DbQQe_KvQNc,UCok_yhjwg4WSx3s_2Yh8ZjQ,Y dxomark en selfie lo pone en el 1er lugar... Raro... Raro,0,0,2024-03-11 03:00:43+00:00,59,12,False
Ugye1h7WBvYKA4o113N4AaABAg,DbQQe_KvQNc,UCok_yhjwg4WSx3s_2Yh8ZjQ,Aquí costa rica llego la tienda oficial de honor y se está vendiendo mucho le están metiendo mucha publicidad,0,0,2024-03-11 04:21:33+00:00,109,19,False
Ugx6EdSe_AiOTgMQmoR4AaABAg,DbQQe_KvQNc,UCok_yhjwg4WSx3s_2Yh8ZjQ,Lo que odio de honor es que solo sacan pantallas curvas... Siempre quiero poner un buen cristal templado que dure y no esas chapuzas que venden que se despega con poner una funda,0,0,2024-03-14 23:50:55+00:00,178,33,False
UgygfQMNpX6_jWoQNxJ4AaABAg,DbQQe_KvQNc,UCok_yhjwg4WSx3s_2Yh8ZjQ,Quiero ver la comparativa en todo entre Honor Magic6 Pro vs Samsung Galaxy S24 Ultra.,21,0,2024-03-15 04:54:10+00:00,85,15,False
UgzjcLgDEiCY0DCjCxp4AaABAg,DbQQe_KvQNc,UCok_yhjwg4WSx3s_2Yh8ZjQ,Vs iphone yaaaaaa porfavor 🙏 este celular podria hacer que me valla de ios sin problemas,0,0,2024-03-15 16:24:56+00:00,88,16,False
Ugw1Tby08wWvdeKBdMF4AaABAg,DbQQe_KvQNc,UCok_yhjwg4WSx3s_2Yh8ZjQ,Sugiero compararlo con honor 90 pro. Desde Uruguay saludos.,0,0,2024-03-17 12:17:46+00:00,59,9,False
UgzgwNQ8O_wceSAS_Qh4AaABAg,DbQQe_KvQNc,UCok_yhjwg4WSx3s_2Yh8ZjQ,"El mejor celular, excelentes cámaras (trasera y frontal), batería que dura 3 dias uso normal, te cuida los ojos, la pantalla es demasiado, pero demasiado resistente, espero que llegue rápido a Ecuador.",0,0,2024-03-17 16:06:39+00:00,201,32,False
Ugx4L3AyE8sVpyxf5894AaABAg,DbQQe_KvQNc,UCok_yhjwg4WSx3s_2Yh8ZjQ,Me encanta ese celular... Pero por un lado no llega a LATAM y por otro no tengo billuyo para comprarlo 😅,0,0,2024-03-17 19:33:30+00:00,104,21,False
UgzNndisTIPJZYR_xXJ4AaABAg,DbQQe_KvQNc,UCok_yhjwg4WSx3s_2Yh8ZjQ,"Si, la batería que no se que.... Pero las aplicaciones y los juegos son más demandantes, la pila se acaba o se acaba.... Así sobren MP en fotos, si la procesada no sale pues.... No lo se rick se me hace MUY CARO",0,0,2024-03-17 21:31:42+00:00,211,43,False
Ugx7KPTvzh0W0XWEXHp4AaABAg,DbQQe_KvQNc,UCok_yhjwg4WSx3s_2Yh8ZjQ,"¿Qué pasó con ""el árabe"" ése, el chulo?",0,0,2024-03-18 00:59:45+00:00,39,8,True
UgxULwI64zzMG_n4NW54AaABAg,DbQQe_KvQNc,UCok_yhjwg4WSx3s_2Yh8ZjQ,Espero me pueda apoyar pienso en comprar el Honor Magic 6 Pro pero vengo de un huawei P60 y en los huawei al grabar pantalla y jugar se bugue y la sensibilidad cambia y como honor viene de huawei queria saber si esta el mismo problema gracias 😊,0,0,2024-04-21 15:21:42+00:00,244,48,False
Ugw6GLoU48e6J4l6kgd4AaABAg,DbQQe_KvQNc,UCok_yhjwg4WSx3s_2Yh8ZjQ,"Hasta ahora,, el mejor teléfono 📱 del mundo 🌏 una verdadera obra de tecnología ⚙",1,0,2024-03-07 21:43:37+00:00,80,15,False
Ugx-J5neYP9AiqC8WiB4AaABAg,DbQQe_KvQNc,UCok_yhjwg4WSx3s_2Yh8ZjQ,"Buen pepino, pero me quedo con mi xiaomi 14 ultra",0,0,2024-04-24 18:34:36+00:00,49,10,False
UgzgDoCXOBKVxxEge294AaABAg,DbQQe_KvQNc,UCok_yhjwg4WSx3s_2Yh8ZjQ,el Magic 6 pro ahora está en 809€ ¿merece la pena? El S24 ultra ha bajado hasta 1049€ ¿cual es vuestra recomendacion entre ambos terminales? ¿alguna otra recomendacion?,0,0,2024-09-21 11:07:06+00:00,168,28,True
UgyxY7MXCUdbKSBlrLx4AaABAg,DbQQe_KvQNc,UCok_yhjwg4WSx3s_2Yh8ZjQ,No apto para pobretones por cierto 😂😂,0,0,2024-09-30 00:59:39+00:00,37,7,False
UgytcUrX8ndeETf6vpJ4AaABAg,DbQQe_KvQNc,UCok_yhjwg4WSx3s_2Yh8ZjQ,Me gustaría ver una comparativa entre el honor magic 6 pro y el xiaomi 14T pro. Cuál tiene mejor camera?,0,0,2024-10-05 13:39:28+00:00,104,20,True
Ugwui3fopVjHTdfs7qh4AaABAg,DbQQe_KvQNc,UCok_yhjwg4WSx3s_2Yh8ZjQ,Tiene servicios de google o hereda problemas como Huawei?,0,1,2024-10-06 06:40:26+00:00,57,9,True
UgwR8RJbsIGTcOKfrqZ4AaABAg,DbQQe_KvQNc,UCok_yhjwg4WSx3s_2Yh8ZjQ,Cual es mejor el Honor Magic 6 pro o el Google Pixel 9?,0,0,2024-10-09 05:39:35+00:00,55,13,True
UgwQ1TQiiA4p8kiek-V4AaABAg,DbQQe_KvQNc,UCok_yhjwg4WSx3s_2Yh8ZjQ,"Al fin puedo decir, viendolo desde el Magic 6 Pro",1,0,2024-10-10 16:50:28+00:00,49,10,False
UgwW_GQZUfsodMWThf94AaABAg,DbQQe_KvQNc,UCok_yhjwg4WSx3s_2Yh8ZjQ,Que cargador recomiendan que se pueda conseguir en Colombia?,0,0,2024-10-30 20:07:21+00:00,60,9,True
UgymNfkk6RzBOCTFC9N4AaABAg,DbQQe_KvQNc,UCok_yhjwg4WSx3s_2Yh8ZjQ,El mejor análisis de los que os he seguido en las últimas semanas.,0,0,2024-11-10 23:45:54+00:00,66,13,False
UgyqklEZG9Vq7-vuWd94AaABAg,DbQQe_KvQNc,UCok_yhjwg4WSx3s_2Yh8ZjQ,Desde donde descargais los servicios de Google?,0,1,2024-11-11 08:34:51+00:00,47,7,True
Ugx9frT5D7tshQIUbe14AaABAg,DbQQe_KvQNc,UCok_yhjwg4WSx3s_2Yh8ZjQ,Hola buenas y como es de resistente?,0,1,2024-12-18 23:47:15+00:00,36,7,True
Ugw_-sAvG5893qZGbzF4AaABAg,DbQQe_KvQNc,UCok_yhjwg4WSx3s_2Yh8ZjQ,Que tan diferente es su reconocimiento facial vs el face id de apple????,0,1,2024-12-30 22:14:25+00:00,72,13,True
UgyCbXf38ev2wnQWG2l4AaABAg,DbQQe_KvQNc,UCok_yhjwg4WSx3s_2Yh8ZjQ,Como se llama ese juego en el que tiran la granada ???,0,1,2025-03-07 05:04:27+00:00,54,12,True
Ugyossrtl0IpEUwdRFV4AaABAg,DbQQe_KvQNc,UCok_yhjwg4WSx3s_2Yh8ZjQ,que opinan de comprarlo ahora en 2025?,0,2,2025-06-05 01:33:06+00:00,38,7,True
Ugy7unPJSYH0vDpFcjd4AaABAg,DbQQe_KvQNc,UCok_yhjwg4WSx3s_2Yh8ZjQ,Estaba pensando comprarme un s24 ultra pero este celular esta muy lindo! Me atrae mucho la memoria la potencia y la bateria ya que lo uso para el trabajo y mucho más para la facultad! Gracias chicos por el analisis ❤ saludos desde 🇦🇷,0,0,2025-07-19 07:33:38+00:00,233,44,False
UgzaTapNZXwXQ-xSIut4AaABAg,DbQQe_KvQNc,UCok_yhjwg4WSx3s_2Yh8ZjQ,Vale la pena todavia comprar un honor de estos pasado un año o cual recomiendad,0,0,2025-08-19 08:55:40+00:00,79,15,False
UgwTc55z8Fuhtd9TpIp4AaABAg,DbQQe_KvQNc,UCok_yhjwg4WSx3s_2Yh8ZjQ,A día de hoy Entre un honor magic 6 pro o un oneplus 12 por el mismo precio Por cual tiran?,0,0,2026-02-04 14:17:54+00:00,91,21,True
UgwBsEV7PYeW72vfor14AaABAg,DbQQe_KvQNc,UCok_yhjwg4WSx3s_2Yh8ZjQ,En México si llego con él cargador pero de 100W,0,0,2024-04-22 03:34:46+00:00,47,10,False
UgwPS59C-_TwniCp0Tx4AaABAg,DbQQe_KvQNc,UCok_yhjwg4WSx3s_2Yh8ZjQ,"Viendo este video en mi Honor Magic 6 Pro. Una bestialidad de equipo, un pepinazo esta sumamente balanceado. Lo extraño es que a mi me incluye un cargador y es de 100 watts cosa extraña pero lo trae con una funda, los mejor de lo mejor. En el momento de comprar un celular antes tengo que ver sus videos por que no tengo quejas... Ustedes han sido la página que siempre miro sin lugar a dudas todo lo que he comprado a lo largo de estos años han sido gracias a ustedes. El profesionalismo en ustedes bñes de lo mejor y para mi ustedes tienen el sello de recomendado 💯 @topes de gama por su excelente dedicación y esfuerzo en todos sus videos. Saludos desde Panamá.",5,0,2024-09-03 17:23:15+00:00,664,126,False
UgzR-YSiYFhglqSc1vl4AaABAg,DbQQe_KvQNc,UCok_yhjwg4WSx3s_2Yh8ZjQ,"Yo. Aquí feliz con mi honor mágic 6 pro de color negro, la verdad es una maquina",1,0,2024-08-31 13:52:00+00:00,80,17,False
UgwcOs3JXIOMPCwZBKl4AaABAg,DbQQe_KvQNc,UCok_yhjwg4WSx3s_2Yh8ZjQ,Viéndolo desde mi Honor magic 6 pro 😌,0,0,2025-12-17 16:08:19+00:00,37,8,False
UgyqKr2tMW3Nj4c15Ex4AaABAg,DbQQe_KvQNc,UCok_yhjwg4WSx3s_2Yh8ZjQ,"Yo lo tengo y el mío vino con cargador de 100w y Cober, el mio es el negro",0,0,2024-08-09 12:30:31+00:00,74,18,False
Ugyh5qlM26VvvOi6zRd4AaABAg,DbQQe_KvQNc,UCok_yhjwg4WSx3s_2Yh8ZjQ,Buen precio además te viene el cargador,0,0,2024-08-16 02:35:58+00:00,39,7,False
UgysqcUGcktMX_cuL2t4AaABAg,DbQQe_KvQNc,UCok_yhjwg4WSx3s_2Yh8ZjQ,Por qué dicen que no incluye cargador? Por lo menos acá en Chile el modelo está llegando con cargador de 100w en caja,0,0,2024-05-05 23:08:42+00:00,117,23,True
Ugxj9AH5Gn8IUbNkh-V4AaABAg,DbQQe_KvQNc,UCok_yhjwg4WSx3s_2Yh8ZjQ,"Hola, me encantan vuestros videos, estoy por comprarme un móvil, pero estoy confundida... Estoy entre un Oneplus 12 o un Honor Magic 6 Pro, cual es mejor? le doy importancia a la cámara, potencia y batería. Ojala y me podáis responder. Ahora mismo tengo un Realme GT Master Edition, por si sirve de algo jaja Muchas gracias, seguid así, siempre veo vuestros videos y cuando me quiero comprar uno nuevo siempre veo vuestras comparativas. :)",1,1,2024-04-30 18:24:51+00:00,439,75,True
Ugxh-B3GQSyC-c7CFTR4AaABAg,DbQQe_KvQNc,UCok_yhjwg4WSx3s_2Yh8ZjQ,Viendo desde mi Nuevo HONOR MAGIC 6 PRO y tengo un S23 Ultra genial el teléfono y es bellisimo su diseño particularmente el color verde en cuero vegano,1,1,2024-05-10 15:12:59+00:00,151,28,False
Ugx-R2yW763O0T4Uj794AaABAg,DbQQe_KvQNc,UCok_yhjwg4WSx3s_2Yh8ZjQ,"Me lo acabo de comprar y estoy esperando que llegue, me encantan los Honor y los Huawei.",4,0,2024-05-16 03:08:25+00:00,88,17,False
Ugx-rjAmfJYFY0OJiG54AaABAg,DbQQe_KvQNc,UCok_yhjwg4WSx3s_2Yh8ZjQ,Estoy contento con mi OPPO find x5 pro por 360€ que compré en walapoop! Nuevo sin ningún desperfecto!,0,0,2024-05-16 15:08:22+00:00,101,18,False
UgyAyNW0xLUK4pi9u3J4AaABAg,DbQQe_KvQNc,UCok_yhjwg4WSx3s_2Yh8ZjQ,Falta comparación con el Samsung galaxy S24 ultra y el iPhone 15 pro max,1,0,2024-05-24 10:45:24+00:00,72,14,False
UgwWkK-tQtG3ETpduBB4AaABAg,DbQQe_KvQNc,UCok_yhjwg4WSx3s_2Yh8ZjQ,¿Ha alguien más Le falla el teclado?/pantalla? Vengo del Samsung Note 9 y ahí iba como un rayo y con el honor tengo que ir como los abuelos cuando escriben con un dedo 😢😮,0,0,2024-06-06 23:21:44+00:00,170,34,True
Ugxrna4IdvQS80D6Qd94AaABAg,DbQQe_KvQNc,UCok_yhjwg4WSx3s_2Yh8ZjQ,me lo acabo de comprar por 750 y una honor pad 9x de regalo es una locura,2,1,2024-06-12 15:10:11+00:00,73,17,False
UgyioCHWNlK-sqjWSBx4AaABAg,DbQQe_KvQNc,UCok_yhjwg4WSx3s_2Yh8ZjQ,"Hmm nose si va a ser mi móvil pero lo sera, cumple con todo lo que quiero",1,0,2024-06-05 21:21:08+00:00,73,17,False
UgwvvwP40WZRZLqOXeZ4AaABAg,DbQQe_KvQNc,UCok_yhjwg4WSx3s_2Yh8ZjQ,En Chile lo dan con cargador y audífonos,0,0,2024-06-18 18:30:52+00:00,40,8,False
UgwegWN6RR3-De7zIz94AaABAg,DbQQe_KvQNc,UCok_yhjwg4WSx3s_2Yh8ZjQ,El honor magic 6 se puede instalar instagrama?,0,0,2024-06-19 02:34:55+00:00,46,8,True
UgwGrhpIYJGaGHzSmhh4AaABAg,DbQQe_KvQNc,UCok_yhjwg4WSx3s_2Yh8ZjQ,Jajaja 😂... Cuando no eres original 🤣 🤣 🤣 Tiene la pantalla igual del iPhone 15 jajaja 😂 Pero con la curva de los galaxy,0,0,2024-06-22 02:22:46+00:00,120,25,False
Ugy_XD1yPkU4bSRGJKx4AaABAg,DbQQe_KvQNc,UCok_yhjwg4WSx3s_2Yh8ZjQ,Saludos y felicitaciones por ser los mejores. Comparenlo contra el Redmi Note 13 Pro Plus.,0,0,2024-06-29 13:08:16+00:00,90,15,False
Ugyo7I0-Gc3COeMisL14AaABAg,DbQQe_KvQNc,UCok_yhjwg4WSx3s_2Yh8ZjQ,Y yo aquí que en recién me pude comprar el Mágic 5 pro 😂,0,0,2024-07-20 04:51:51+00:00,56,14,False
UgwtRnKVxMbF_khkbLJ4AaABAg,DbQQe_KvQNc,UCok_yhjwg4WSx3s_2Yh8ZjQ,"Para muchos analistas, páginas etc, esta camara, supera al s24, y al iphone 15 pro.",0,0,2024-07-22 04:30:09+00:00,83,15,False
UgzHLg47tCkmEsR8SJl4AaABAg,DbQQe_KvQNc,UCok_yhjwg4WSx3s_2Yh8ZjQ,"Saludos muy cordiales desde Caracas-Venezuela, sería interesante realizar un comparativa de los siguientes móviles: One Plus 12, Honor Magic 6 Pro, Xiaomi 14 Ultra, Vivo X 100 Ultra y el Pixel 8 Pro al mismo tiempo y en un mismo programa en condiciones tanto de Día como de Noche para ver el comportamiento, desempeño y rendimiento de cada uno de ellos... Piénsenlo mis Topes de Gama, sería un unboxing diferente y muy original... Saludos y éxitos!!! 👋🇻🇪🙂🇻🇪👋",0,0,2024-07-22 21:12:18+00:00,458,77,False
UgxA-Wl30wJalvdMwXx4AaABAg,DbQQe_KvQNc,UCok_yhjwg4WSx3s_2Yh8ZjQ,Hola compré la versión china y no puedo ocupar el Magic portal 😢 en las aplicaciones de multimedia ni Google maps Sabes cómo lo puedo habilitar??,0,0,2024-06-15 05:24:25+00:00,145,26,True
UgwR5RC1TQ37E_LTuW94AaABAg,MWx2Q7jfJHw,UCcUr_9FT9kFwSY_iP3Yh8Ig,la version global no tiene cargador?,0,0,2024-03-02 14:12:43+00:00,36,6,True
UgwZ8tcbNvP030ajJGd4AaABAg,MWx2Q7jfJHw,UCcUr_9FT9kFwSY_iP3Yh8Ig,"Me parece una locura ese celular, tengo una huawei mate 20 lite ya unos 5 años creo y bueno ahorita ya me anda dando fallos en cuanto a rendimiento, quise adquirir un huawei mismo, pero lamentablemente en mi país ya no los venden (soy de Ecuador), y bueno ahí vamos a ver qué pasa pq mi economía para ese monstruo es mucho jajaja",5,0,2024-02-27 19:09:33+00:00,329,63,False
UgzmJV2kDxgDyzYxoE54AaABAg,MWx2Q7jfJHw,UCcUr_9FT9kFwSY_iP3Yh8Ig,Yo amo los celulares de pantalla grande son excelentes para ver películas,2,0,2024-02-27 21:07:17+00:00,73,12,False
Ugx1viPo37cDBAifqbR4AaABAg,MWx2Q7jfJHw,UCcUr_9FT9kFwSY_iP3Yh8Ig,"la neta si te fijas huawei vendio a honor pero hay demasiadas cosas que asocian honor a huawei, su camara, su sistema, sus diseños etc. creo que huawei vendio a honor pero ellos son los dueños con diferente nombre",12,0,2024-02-28 00:38:33+00:00,213,39,False
UgzhWWIavC2IsEghkmB4AaABAg,MWx2Q7jfJHw,UCcUr_9FT9kFwSY_iP3Yh8Ig,que material es la parte trasera del honor magic 6 pro,1,0,2024-02-28 19:42:18+00:00,54,11,False
Ugx0j5YFMI9u5bIjZZ54AaABAg,MWx2Q7jfJHw,UCcUr_9FT9kFwSY_iP3Yh8Ig,"El honor magic 5 pro aun va en Android 13, honor es muy mala en actualizar.",1,1,2024-03-01 18:10:18+00:00,75,16,False
Ugwgu2GjVonQmKrB0wx4AaABAg,MWx2Q7jfJHw,UCcUr_9FT9kFwSY_iP3Yh8Ig,"Que opciones te da la cámara? Realme te da imagen en 3D, y modo ESTRELLADO el cual es super",0,0,2024-03-03 07:33:04+00:00,91,19,True
UgxRh-jbPMmJe3PY3Qd4AaABAg,MWx2Q7jfJHw,UCcUr_9FT9kFwSY_iP3Yh8Ig,Tengo el vivo X100 pro Versión 16-512 vale la pena el cambio a Este Honor?,0,2,2024-03-28 05:52:16+00:00,74,15,True
UgxHhPug7BfN1m8YMP54AaABAg,MWx2Q7jfJHw,UCcUr_9FT9kFwSY_iP3Yh8Ig,Necesito ayuda miren yo compre un honor x8b nuevo en caja no hace menos de 15 días y he notado que el momento cada un tiempo cuando deslizó el dedo sobre la pantalla me aparece una línea azul o a celeste fugas desaparece de una vez que puede ser,0,1,2024-03-08 20:49:18+00:00,245,49,False
UgwgLaFSMducfBVqLLF4AaABAg,MWx2Q7jfJHw,UCcUr_9FT9kFwSY_iP3Yh8Ig,"Está numero uno en Dxomark en cámara, selfie, audio, display y batería",1,1,2024-03-19 22:48:27+00:00,70,12,False
Ugy_Pz0meXU6xxT6an94AaABAg,MWx2Q7jfJHw,UCcUr_9FT9kFwSY_iP3Yh8Ig,Hola .. yo tengo el honor mágic 5 pro ... Y asta ahora a sido de los mejores celulares que e tenido ... Ya quiero tener el honor mágic 6 pro ..,27,5,2024-03-20 18:03:45+00:00,143,32,False
UgxLsfRNkPWfz5ljNE54AaABAg,MWx2Q7jfJHw,UCcUr_9FT9kFwSY_iP3Yh8Ig,"Si no fuese tan caro iria a por el de cabeza ! Tengo un Realme GT"" Pro y ahora mismo no se que opcion tomar para mi siguiente telefono ( tengo de presupuesto 800€). Alguna idea de que es lo mejor por ese dinero? Un abrazo y gracias por este video @eSavants",0,2,2024-03-22 15:40:15+00:00,256,52,True
UgxtzlwFbDfkY96YsNR4AaABAg,MWx2Q7jfJHw,UCcUr_9FT9kFwSY_iP3Yh8Ig,La versión pro también es altamente resistente??,1,1,2024-03-23 14:16:12+00:00,48,7,True
UgyosfN-bK1EsXwLMPt4AaABAg,MWx2Q7jfJHw,UCcUr_9FT9kFwSY_iP3Yh8Ig,Lo malo es actualizaciones pero el móvil es un pepino,1,2,2024-03-27 23:00:37+00:00,53,10,False
UgyT8SZsiBgHwdh9BhZ4AaABAg,MWx2Q7jfJHw,UCcUr_9FT9kFwSY_iP3Yh8Ig,"Hola buen equipo no me gusta el diseño tendrías que probar el oppo faind x7 ultra ese equipo esta muy bueno de más ,para mi oppo en primer lugar y segundo el vivo para mi las 2 mejores cámaras",0,0,2024-04-03 13:33:13+00:00,192,39,False
UgzwodJQZy7bZMtMEAt4AaABAg,MWx2Q7jfJHw,UCcUr_9FT9kFwSY_iP3Yh8Ig,"Muy buen video, muchas gracias 👌🏻",0,1,2024-03-05 08:38:58+00:00,33,6,False
Ugz2c6PpHyU81BkuhPt4AaABAg,MWx2Q7jfJHw,UCcUr_9FT9kFwSY_iP3Yh8Ig,Compa cuando traes el OnePlus 12❤,2,0,2024-02-27 14:45:56+00:00,33,6,False
Ugz8KIext9FqMHu8aPF4AaABAg,MWx2Q7jfJHw,UCcUr_9FT9kFwSY_iP3Yh8Ig,Esperando la experiencia de uso de los redmi buds 5 pro 😁,0,0,2024-02-25 16:00:35+00:00,57,12,False
Ugz3lhCfvnFIG0MYIEh4AaABAg,MWx2Q7jfJHw,UCcUr_9FT9kFwSY_iP3Yh8Ig,"pero quéeeeeee, cómo lo tienes?",0,0,2024-02-26 17:14:10+00:00,31,5,True
UgwoGhRdgEkl5eABuxN4AaABAg,MWx2Q7jfJHw,UCcUr_9FT9kFwSY_iP3Yh8Ig,Bellísimo equipo pero la vdd los equipos sin Google Service nativo es mucho aúnque lleva el ADN de Huawei se nota mucho los dos lados Fascinado con el Nova 10 Pro y 11 Pro los Magic también me atraen mucho UySiUySii💥,0,1,2024-02-26 00:05:20+00:00,216,41,False
UgyZeDYis1g0Ys1UC5d4AaABAg,MWx2Q7jfJHw,UCcUr_9FT9kFwSY_iP3Yh8Ig,Ya he visto varios vídeos del Magic 6 Pro y veo que no es para que DxOMark lo ponga de número 1. 🤔,2,1,2024-04-05 13:41:59+00:00,98,23,False
UgzsIleGf__tCelI7SR4AaABAg,MWx2Q7jfJHw,UCcUr_9FT9kFwSY_iP3Yh8Ig,"Hola, me gustaría corregirte, en la versión que se compra si trae un cargador de 100w, a los creadores no os trae porque es la versión de prensa, muy bien video",38,10,2024-02-25 23:21:15+00:00,160,31,False
UgxeCypiVwLTAiLbKuN4AaABAg,MWx2Q7jfJHw,UCcUr_9FT9kFwSY_iP3Yh8Ig,"Tengo el honor 5 pro que me pillé por 585 y la verdad es que a pesar de lo bueno que es y lo equilibrado en todo , aunque no tanto en su cámara selfie, no me ha enamorado como otros teléfonos que he tenido. Parece que le falta algo a su capa porque a pesar de lo fluida y carente de bugs , la he notado muy sosa. Esperando la versión 8 en android 14 ,a ver si han metido cosas interesantes.",0,1,2024-02-25 21:48:39+00:00,390,83,False
UgycYmY_CJJpyvCVQ0V4AaABAg,MWx2Q7jfJHw,UCcUr_9FT9kFwSY_iP3Yh8Ig,A éste dispositivo le hace falta una actualización de cámara y mejorará. Mirad la última actualización del S24 Ultra y ha mejorado. Y eso que ya hacía buenas fotografías,8,1,2024-02-25 21:31:49+00:00,169,29,False
Ugz-jIfLvcLc0qeTf4t4AaABAg,MWx2Q7jfJHw,UCcUr_9FT9kFwSY_iP3Yh8Ig,Vendrá el honor magic 6 (normal) a nivel global?,0,0,2024-02-25 21:16:43+00:00,48,9,True
UgzF2hwSH2BufKLT1qR4AaABAg,MWx2Q7jfJHw,UCcUr_9FT9kFwSY_iP3Yh8Ig,Tu título del video es horrible. este teléfono no tiene nada malo,9,0,2024-02-25 20:23:57+00:00,65,12,False
UgyO4XYxiPu0KpZx3Dt4AaABAg,MWx2Q7jfJHw,UCcUr_9FT9kFwSY_iP3Yh8Ig,Vas a traer el One Plus 12 ? Saludos,7,0,2024-02-25 18:24:50+00:00,36,9,True
Ugz2LLiYrESLrsFqbeV4AaABAg,MWx2Q7jfJHw,UCcUr_9FT9kFwSY_iP3Yh8Ig,Este o el one plus 12,7,0,2024-02-25 17:52:52+00:00,21,6,False
UgzzWl4gXGKFeVY9Ydx4AaABAg,MWx2Q7jfJHw,UCcUr_9FT9kFwSY_iP3Yh8Ig,Xiaomi y Honor pusieron la vara alta hoy.,2,1,2024-02-25 16:53:09+00:00,41,8,False
Ugy5uArn1-UYs0DX0j94AaABAg,MWx2Q7jfJHw,UCcUr_9FT9kFwSY_iP3Yh8Ig,Hola a todos. Análisis coherente y necesario. Aquí dejo mi Like. Buen domingo a todos.,14,0,2024-02-25 16:22:35+00:00,86,15,False
UgzVAmg_NuFnmFwY7cF4AaABAg,MWx2Q7jfJHw,UCcUr_9FT9kFwSY_iP3Yh8Ig,"Que pasa con la actualización del s24 ultra que ya salió hace 2 días y nadie dice nada,yo ya la tengo y no noto nada 😢.",0,2,2024-02-25 15:59:40+00:00,119,26,False
UgzcqisnjZydB6OyDw54AaABAg,MWx2Q7jfJHw,UCcUr_9FT9kFwSY_iP3Yh8Ig,Tienes que hacer la comparación con el Xiaomi 14 pro,1,1,2024-02-25 15:57:07+00:00,52,10,False
UgwsrbUJn2DZl90dY_R4AaABAg,MWx2Q7jfJHw,UCcUr_9FT9kFwSY_iP3Yh8Ig,"El principal del Chayomi Mi 10 Ultra, era Omnivision, y 2MEGAPIXELS, lo consideró en su momento, la mejor cámara móvil del 2020 (junto con el Vivo X50 Pro+, con un principal de Samsung). Igualmente, el telefoto del Vivo X100 Pro, es Omnivision, y es considerado, como el mejor zoom del mercado. 😉",6,2,2024-02-25 15:50:13+00:00,296,52,False
UgxGYd0kOYvnzOWv7hN4AaABAg,MWx2Q7jfJHw,UCcUr_9FT9kFwSY_iP3Yh8Ig,Cuantas vidas tienes para estar probando 14 dispositivos como moviles personales a la vez como para dar una opinion sincera y real?,56,13,2024-02-25 15:47:23+00:00,131,22,True
Ugx3Qx4ma4ORpYR41KF4AaABAg,MWx2Q7jfJHw,UCcUr_9FT9kFwSY_iP3Yh8Ig,Políticas de actualización ??? y que rabia que no llegue con cargador no compremos para que aprendan y nos escuchen,2,3,2024-02-25 15:01:04+00:00,115,20,True
UgyeRiTzsFEH2kCP0354AaABAg,MWx2Q7jfJHw,UCcUr_9FT9kFwSY_iP3Yh8Ig,Es un Hawei económico y un poco recortado de specs,0,1,2024-02-25 14:51:06+00:00,50,10,False
UgxN710KQyJe38Bn8XN4AaABAg,MWx2Q7jfJHw,UCcUr_9FT9kFwSY_iP3Yh8Ig,"Justo un día antes de que se me rompiera el Honor Magic 4 Pro, me llegó un correo de la presentación del 6 jaja, ese móvil tiene un zoom en el video y un micrófono increíble, grabando un concierto al lado del iphone 14 pro lo hacía pedazos, es lo que más me gusta de ese móvil, deseando que pasen estas dos semanas para que me llegue esta joyita :D",6,1,2024-02-26 23:54:25+00:00,348,70,False
UgwcjySOJxhWoYrQvzt4AaABAg,MWx2Q7jfJHw,UCcUr_9FT9kFwSY_iP3Yh8Ig,"O sea si, que bueno que le encontraste ""fallas"" que la verdad nadie toma en cuenta al momento de elegir este teléfono..... Por qué? Porque das características para alguien que usaría el móvil de manera ""PROFESIONAL""!!!!! Cosa que la mayoría de nosotros no hacemos. Hasta los youtubers más profesionales siguen usando cámaras y pocos graban en su móvil. No me convence tu análisis. Bye!!",2,2,2024-04-08 05:16:08+00:00,386,64,True
UgwqcG0kGWkCZqDsSMx4AaABAg,MWx2Q7jfJHw,UCcUr_9FT9kFwSY_iP3Yh8Ig,"Tremenda explicación pero un detalle importante es la resistencia de la PANTALLA NANO Shield qué es más dura que cualquiera (era usuario del s24 ultra y me cambie) adicional a mi si me vino el cargador de 100 w incluido a pesar que carga en 80w, 40 min y cargado 100 % empezando en un 5%",9,3,2024-07-31 20:56:39+00:00,287,56,False
UgyCPnDRNwKZLFCx0Cd4AaABAg,MWx2Q7jfJHw,UCcUr_9FT9kFwSY_iP3Yh8Ig,Lo malo es q la pantalla no tiene buena resistencia,0,4,2024-04-21 07:51:00+00:00,51,10,False
UgwWG7Jn0O75MuPqCdR4AaABAg,MWx2Q7jfJHw,UCcUr_9FT9kFwSY_iP3Yh8Ig,Hace la misma comparativa de precio Samsung/honor ... Luego de eso cambia todo,0,0,2024-08-29 11:32:44+00:00,78,13,False
UgxrCGI827qPSSljYzl4AaABAg,MWx2Q7jfJHw,UCcUr_9FT9kFwSY_iP3Yh8Ig,Hola me sirve el cargador original del Samsung s23 ultra para este móvil?,0,0,2024-08-30 21:34:55+00:00,73,13,True
Ugw8gvnxOjBfL0QYOqB4AaABAg,MWx2Q7jfJHw,UCcUr_9FT9kFwSY_iP3Yh8Ig,"Estaba pensando en cambiar de telefono pero no sabia cual, ahora con tu video ya me decidi por el Honor mágic 6 pro, pero crees que sea una buena compra para incios del proximo año?",0,0,2024-09-10 19:26:44+00:00,181,35,True
Ugyix3QV9jHo-EzDZqZ4AaABAg,MWx2Q7jfJHw,UCcUr_9FT9kFwSY_iP3Yh8Ig,"El audio, no entiendo pq la mayoría de YouTubers de móviles lo pasais tanto por encima",0,0,2024-10-19 14:44:12+00:00,86,16,False
UgwD6FVJ44-PXkvMF3x4AaABAg,MWx2Q7jfJHw,UCcUr_9FT9kFwSY_iP3Yh8Ig,Hola buen video. Me recomiendas s23 ultra y honor magic 6 pro... Me gusta la buena calidad de pantalla cuál es mejor en pantalla para ti? Saludos desde mexico,1,0,2024-10-20 05:31:33+00:00,158,29,True
UgythjhS35069YEuSAh4AaABAg,MWx2Q7jfJHw,UCcUr_9FT9kFwSY_iP3Yh8Ig,Cual dirian que es mejor el Honor Magic 6 Pro o Pixel 8 pro ?,0,1,2024-10-22 01:07:36+00:00,61,15,True
Ugxu9sGo7W4LU4V1N-l4AaABAg,MWx2Q7jfJHw,UCcUr_9FT9kFwSY_iP3Yh8Ig,"Compre este teléfono y cuando uso las cámaras en el exterior, si hace un poco de frío (no mucho) las lentes de condensan o se empañan. Me dieron otro nuevo en la garantía y le pasa lo mismo.",0,0,2024-11-13 00:15:17+00:00,190,38,False
Ugypo2DaEmp05npJP_d4AaABAg,MWx2Q7jfJHw,UCcUr_9FT9kFwSY_iP3Yh8Ig,Que fetiche tienen con las cámaras si la utilidad de estos dispositivos es la potencia esas cámaras solo encarecen estos dispositivos y salimos igual de Qleros,0,0,2024-08-21 05:54:32+00:00,159,26,False
UgxWjgCn_xTvU6wysnx4AaABAg,MWx2Q7jfJHw,UCcUr_9FT9kFwSY_iP3Yh8Ig,¿Alguien sabe si funciona el Android auto?,0,0,2024-11-27 10:14:40+00:00,42,7,True
Ugy2KK1hphnF1KGMd1F4AaABAg,MWx2Q7jfJHw,UCcUr_9FT9kFwSY_iP3Yh8Ig,Que tal buen video una duda cuantos años de actualización ofrece honor en este dispositivo hablando de. Actualizaciones grandes,0,1,2024-12-18 04:09:52+00:00,127,19,False
UgwNBWwxpQ-6Br9ddSN4AaABAg,MWx2Q7jfJHw,UCcUr_9FT9kFwSY_iP3Yh8Ig,"Soy de Uruguay, Sudamérica, este equipo entro con fuerza hace unos 5 o 6 meses, acabo de cambiar mi Samsung s21+ por este equipo, y es excelente, en rendimiento y calidad de cámaras, hay algunas cosas que faltan integrar que tenía en Samsung, como acceso al remoto del Chromecast, la multitarea es bastante pobre en comparación con one ui, pero tiene muchas soluciones muy buenas, muy buen teléfono y muy recomendable",1,2,2025-01-17 17:14:01+00:00,417,71,False
UgyMhemoUE1HcJAVdU54AaABAg,MWx2Q7jfJHw,UCcUr_9FT9kFwSY_iP3Yh8Ig,Me gusta muchísimo el hecho que sea un calco de mi viejo huawei,0,0,2025-04-30 15:13:37+00:00,63,13,False
UgxrQxkBHD7my9y8S554AaABAg,MWx2Q7jfJHw,UCcUr_9FT9kFwSY_iP3Yh8Ig,"Y hablamos que ... los modelos 200 y 200pro son un a competencia a superar de varias marcas tanto en precio como en calidad de materiales. Lo que puede darle un buen resultado o uno malo y no por sus compradores, por la envidia de las demás marcas que te dan poco y te cobran mucho.",0,0,2025-05-19 19:37:53+00:00,282,56,False
UgwQP2gWNtyd9OOsWyh4AaABAg,MWx2Q7jfJHw,UCcUr_9FT9kFwSY_iP3Yh8Ig,"Bro quien quiere un gran angular , una foto alargada , cropeada e irregular en los objetivos. 😅 quien lo usa es mejor en una cámara digital, te ofrecen el modo por que asi lo requieren algunas veces, pero no es necesario si sabes localizar el punto correcto en tu escena.",0,0,2025-05-19 19:40:04+00:00,271,51,False
UgyEZVCxCYOCCQMNx254AaABAg,MWx2Q7jfJHw,UCcUr_9FT9kFwSY_iP3Yh8Ig,En éste 2026 aún vale la pena ???? Por qué los gama media están muy exagerados de precio y veo este bastante competitivo contra los gama media actuales,0,0,2026-06-20 12:22:50+00:00,151,28,True
UgyDIX_PCqxoxFuYlU54AaABAg,MWx2Q7jfJHw,UCcUr_9FT9kFwSY_iP3Yh8Ig,"Entonces desde el 2.5 hasta 5.0 es como si fuese híbrido, ¿es así? Lo digo por si me decido a cambiar del anterior (5 pro). Un saludo.",0,1,2024-02-26 06:55:54+00:00,134,27,True
UgxkxmXw3189bCguMvZ4AaABAg,MWx2Q7jfJHw,UCcUr_9FT9kFwSY_iP3Yh8Ig,Viendo el review desde un honor mágico 6 pro,0,0,2024-12-02 03:16:29+00:00,44,9,False
Ugzm7xvfdr3e2AQxDrN4AaABAg,MWx2Q7jfJHw,UCcUr_9FT9kFwSY_iP3Yh8Ig,"Pero si viene con caegador , que raroq ue digas que no viene co. Caegador",0,0,2024-08-20 21:13:35+00:00,73,15,False
UgyiKPbqr35zOAIacPd4AaABAg,MWx2Q7jfJHw,UCcUr_9FT9kFwSY_iP3Yh8Ig,A alguien se le calienta demasiado el dispositivo?,0,0,2024-08-11 20:03:17+00:00,50,8,True
UgyzuFEIRi56LNz5nRF4AaABAg,MWx2Q7jfJHw,UCcUr_9FT9kFwSY_iP3Yh8Ig,"Hoy es mi segundo dia con el Honor Magic 6 pro y mi jefe tiene el s24 Ultra y me dijo que lo cambiemos...... no se si decirle no o que, digas sus sugerencias....",2,1,2024-08-04 15:55:33+00:00,161,34,False
UgwBP2q1IxqBD44UER14AaABAg,MWx2Q7jfJHw,UCcUr_9FT9kFwSY_iP3Yh8Ig,Espero me pueda apoyar pienso en comprar el Honor Magic 6 Pro pero vengo de un huawei P60 y en los huawei al grabar pantalla y jugar se bugue y la sensibilidad cambia y como honor viene de huawei queria saber si esta el mismo problema gracias 😊,0,1,2024-04-21 15:21:25+00:00,244,48,False
UgwSDkDw-IB27QR-jJt4AaABAg,MWx2Q7jfJHw,UCcUr_9FT9kFwSY_iP3Yh8Ig,Sensor omnivision por ese precio 😮,0,0,2024-04-23 13:41:46+00:00,34,6,False
UgyVkZkJcrph2jhp2ql4AaABAg,MWx2Q7jfJHw,UCcUr_9FT9kFwSY_iP3Yh8Ig,Esta mentando en el video el 9 pro ese aun no sales esté es el 6 pro,0,0,2024-04-30 15:00:03+00:00,68,17,False
Ugx8J46iyus6QFtc1bd4AaABAg,MWx2Q7jfJHw,UCcUr_9FT9kFwSY_iP3Yh8Ig,Te falto explicar la batería de silicio y carbono,0,0,2024-04-30 19:44:24+00:00,49,9,False
UgzXE-6bg2JII8ENK4x4AaABAg,MWx2Q7jfJHw,UCcUr_9FT9kFwSY_iP3Yh8Ig,Donde lo puedo comprar ese honor,0,0,2024-05-01 10:07:11+00:00,32,6,False
UgxsL1OISI7mvB_HWwd4AaABAg,MWx2Q7jfJHw,UCcUr_9FT9kFwSY_iP3Yh8Ig,Lo unico que va a decir onq le duela a cualquiera es que es mejor que iphone 15 pro max y s24 ultra jajajaja y yo ya lo puse a prueba en la luna en batería en muchas cosas,0,0,2024-05-10 17:47:25+00:00,171,39,False
UgzQpSqAb_7H3Rwcuqx4AaABAg,MWx2Q7jfJHw,UCcUr_9FT9kFwSY_iP3Yh8Ig,Estos honor son como los Huawei que no traen servicios de Google?,1,3,2024-05-18 14:16:31+00:00,65,12,True
UgwhPDeBr1cX3JNqH514AaABAg,MWx2Q7jfJHw,UCcUr_9FT9kFwSY_iP3Yh8Ig,"Al final no se lo mojo, nunca dijo si es bueno, muy bueno o malo..",0,0,2024-05-21 18:15:25+00:00,66,15,False
UgxruaNeBuWsa2F2jLt4AaABAg,MWx2Q7jfJHw,UCcUr_9FT9kFwSY_iP3Yh8Ig,"en terminos de camara y pantalla ,,,hay mucha diferencia con el honor magic 5 pro????",0,1,2024-05-28 18:12:54+00:00,85,15,True
Ugwpwx8JU6dDlKE38Jh4AaABAg,MWx2Q7jfJHw,UCcUr_9FT9kFwSY_iP3Yh8Ig,"Esos móviles son unos Huawei camuflados aún qué se hayan separado simplemente para tener servicios de Google y creo que las dos marcas están sobrevaloradas y no entiendo porque,no dejá de ser chinos la culpa no es más que nuestra por darle tanto bombo,en fin para el que lo quiera un ladrillos 🧱, saludos ❤",0,0,2024-05-29 08:28:31+00:00,306,55,False
UgzQx3bH5NaAo2vtfil4AaABAg,MWx2Q7jfJHw,UCcUr_9FT9kFwSY_iP3Yh8Ig,Todo muy bien pero cuando coloco Nova Launcher el gesto de multitarea no funciona,0,0,2024-06-05 23:11:18+00:00,81,14,False
UgyiwMospDcmb3HmPUJ4AaABAg,MWx2Q7jfJHw,UCcUr_9FT9kFwSY_iP3Yh8Ig,Saludos desde Venezuela y felicitaciones por su muy buen canal. Que tal si le haces un VS contra el Redmi Note 13 Pro Plus!!!,3,0,2024-06-29 14:33:21+00:00,125,24,False
Ugzmi4H_KkQgMzeo5lV4AaABAg,MWx2Q7jfJHw,UCcUr_9FT9kFwSY_iP3Yh8Ig,"Muy buen vídeo con información muy útil gracias a tu propia experiencia de uso. Aunque no es lo más importante del análisis, darte la enhorabuena por la realización del mismo. En concreto la toma del minuto 11:12 me ha gustado mucho, parece un fondo de pantalla y el móvil queda de lujo. Enhorabuena por tu trabajo!!",1,0,2024-07-07 16:27:55+00:00,316,56,False
UgzJdKEPOXbyycDnMN14AaABAg,MWx2Q7jfJHw,UCcUr_9FT9kFwSY_iP3Yh8Ig,"Yo lo compré tenía cargador de 100 watts funda y una x 9 pad gratis, que tenía un Samsung s24 en su diseño cuadrado es incómodo a la mano en cuanto a la cámara si eres fotógrafo pues cómprate un s24 si no eres fotógrafo cómprate un honor es el mejor sin duda",1,0,2024-07-12 00:08:22+00:00,258,53,False
UgwYYW8vy4LKW6wH0lh4AaABAg,MWx2Q7jfJHw,UCcUr_9FT9kFwSY_iP3Yh8Ig,Voy a ser sincero no me gusta cambie de iPhone 14 pro max al honor magic 6 pro y da la sensación de no tener gama alta ultra primion,1,0,2024-07-22 21:17:47+00:00,132,29,False
UgwWfAcZAX8JmkyhWyR4AaABAg,MWx2Q7jfJHw,UCcUr_9FT9kFwSY_iP3Yh8Ig,"Gran video! Ahora necesito ayuda... Acabo de comprarme el honor mágic y lo tengo desde ayer, se me hace extremadamente ancho y no me termino de hacer a el, vengo de un realme gt 2 pro, me gusta mucho el móvil pero me siento incómodo y me he gastado una pasta... Tengo 14 días para devolverlo y no sé que debería hacer",0,1,2024-07-23 19:51:38+00:00,317,62,False
UgzqoPpKYzEOfSZqjeN4AaABAg,MWx2Q7jfJHw,UCcUr_9FT9kFwSY_iP3Yh8Ig,Si trae el cargador,0,0,2024-07-24 03:08:12+00:00,19,4,False
UgxrFGGR4wcPHxai4q14AaABAg,MWx2Q7jfJHw,UCcUr_9FT9kFwSY_iP3Yh8Ig,"es un telefonazo pero hay 2 cosas que no me convencen, la primera es la pantalla curva que se ve linda pero a efectos de uso diario es un poco molesta y lo 2do es el zoom que se puede hacer grabando, que es muy poco. Tengo un s22 ultra que deja usar el zoom hasta 100x digital grabando. Me gusta viajar mucho y siempre me gusta grabar usando el zoom óptico, lo que para mi es fundamental en un teléfono. Creo que por todo lo expuesto anteriormente me iré por el s24 ultra de 512 gb. Abrazos desde Chile y buena review.",1,2,2024-04-20 17:00:12+00:00,518,103,False
UgyZ96l9Z6jZ-Wc1HJN4AaABAg,MWx2Q7jfJHw,UCcUr_9FT9kFwSY_iP3Yh8Ig,Donde pone que da 4 años de actualización? Yo solo he encontrado que ofrece 3 de android y 5 de seguridad,0,1,2024-02-26 00:18:14+00:00,105,21,True
